relative_path,class_name,label
datasets/eurosat/EuroSAT_RGB/AnnualCrop/AnnualCrop_1039.jpg,AnnualCrop,0
datasets/eurosat/EuroSAT_RGB/AnnualCrop/AnnualCrop_1069.jpg,AnnualCrop,0
datasets/eurosat/EuroSAT_RGB/AnnualCrop/AnnualCrop_1075.jpg,AnnualCrop,0
datasets/eurosat/EuroSAT_RGB/AnnualCrop/AnnualCrop_1088.jpg,AnnualCrop,0
datasets/eurosat/EuroSAT_RGB/AnnualCrop/AnnualCrop_109.jpg,AnnualCrop,0
datasets/eurosat/EuroSAT_RGB/AnnualCrop/AnnualCrop_1092.jpg,AnnualCrop,0
datasets/eurosat/EuroSAT_RGB/AnnualCrop/AnnualCrop_1093.jpg,AnnualCrop,0
datasets/eurosat/EuroSAT_RGB/AnnualCrop/AnnualCrop_1134.jpg,AnnualCrop,0
datasets/eurosat/EuroSAT_RGB/AnnualCrop/AnnualCrop_1146.jpg,AnnualCrop,0
datasets/eurosat/EuroSAT_RGB/AnnualCrop/AnnualCrop_1149.jpg,AnnualCrop,0
datasets/eurosat/EuroSAT_RGB/AnnualCrop/AnnualCrop_1158.jpg,AnnualCrop,0
datasets/eurosat/EuroSAT_RGB/AnnualCrop/AnnualCrop_1162.jpg,AnnualCrop,0
datasets/eurosat/EuroSAT_RGB/AnnualCrop/AnnualCrop_1167.jpg,AnnualCrop,0
datasets/eurosat/EuroSAT_RGB/AnnualCrop/AnnualCrop_1243.jpg,AnnualCrop,0
datasets/eurosat/EuroSAT_RGB/AnnualCrop/AnnualCrop_1247.jpg,AnnualCrop,0
datasets/eurosat/EuroSAT_RGB/AnnualCrop/AnnualCrop_1256.jpg,AnnualCrop,0
datasets/eurosat/EuroSAT_RGB/AnnualCrop/AnnualCrop_1271.jpg,AnnualCrop,0
datasets/eurosat/EuroSAT_RGB/AnnualCrop/AnnualCrop_1272.jpg,AnnualCrop,0
datasets/eurosat/EuroSAT_RGB/AnnualCrop/AnnualCrop_1273.jpg,AnnualCrop,0
datasets/eurosat/EuroSAT_RGB/AnnualCrop/AnnualCrop_1293.jpg,AnnualCrop,0
datasets/eurosat/EuroSAT_RGB/AnnualCrop/AnnualCrop_1295.jpg,AnnualCrop,0
datasets/eurosat/EuroSAT_RGB/AnnualCrop/AnnualCrop_1305.jpg,AnnualCrop,0
datasets/eurosat/EuroSAT_RGB/AnnualCrop/AnnualCrop_1311.jpg,AnnualCrop,0
datasets/eurosat/EuroSAT_RGB/AnnualCrop/AnnualCrop_1315.jpg,AnnualCrop,0
datasets/eurosat/EuroSAT_RGB/AnnualCrop/AnnualCrop_1318.jpg,AnnualCrop,0
datasets/eurosat/EuroSAT_RGB/AnnualCrop/AnnualCrop_1325.jpg,AnnualCrop,0
datasets/eurosat/EuroSAT_RGB/AnnualCrop/AnnualCrop_1347.jpg,AnnualCrop,0
datasets/eurosat/EuroSAT_RGB/AnnualCrop/AnnualCrop_1360.jpg,AnnualCrop,0
datasets/eurosat/EuroSAT_RGB/AnnualCrop/AnnualCrop_1370.jpg,AnnualCrop,0
datasets/eurosat/EuroSAT_RGB/AnnualCrop/AnnualCrop_138.jpg,AnnualCrop,0
datasets/eurosat/EuroSAT_RGB/AnnualCrop/AnnualCrop_1380.jpg,AnnualCrop,0
datasets/eurosat/EuroSAT_RGB/AnnualCrop/AnnualCrop_1388.jpg,AnnualCrop,0
datasets/eurosat/EuroSAT_RGB/AnnualCrop/AnnualCrop_1389.jpg,AnnualCrop,0
datasets/eurosat/EuroSAT_RGB/AnnualCrop/AnnualCrop_1404.jpg,AnnualCrop,0
datasets/eurosat/EuroSAT_RGB/AnnualCrop/AnnualCrop_1432.jpg,AnnualCrop,0
datasets/eurosat/EuroSAT_RGB/AnnualCrop/AnnualCrop_1443.jpg,AnnualCrop,0
datasets/eurosat/EuroSAT_RGB/AnnualCrop/AnnualCrop_1449.jpg,AnnualCrop,0
datasets/eurosat/EuroSAT_RGB/AnnualCrop/AnnualCrop_1457.jpg,AnnualCrop,0
datasets/eurosat/EuroSAT_RGB/AnnualCrop/AnnualCrop_1465.jpg,AnnualCrop,0
datasets/eurosat/EuroSAT_RGB/AnnualCrop/AnnualCrop_1466.jpg,AnnualCrop,0
datasets/eurosat/EuroSAT_RGB/AnnualCrop/AnnualCrop_1487.jpg,AnnualCrop,0
datasets/eurosat/EuroSAT_RGB/AnnualCrop/AnnualCrop_1493.jpg,AnnualCrop,0
datasets/eurosat/EuroSAT_RGB/AnnualCrop/AnnualCrop_1522.jpg,AnnualCrop,0
datasets/eurosat/EuroSAT_RGB/AnnualCrop/AnnualCrop_1531.jpg,AnnualCrop,0
datasets/eurosat/EuroSAT_RGB/AnnualCrop/AnnualCrop_1542.jpg,AnnualCrop,0
datasets/eurosat/EuroSAT_RGB/AnnualCrop/AnnualCrop_1547.jpg,AnnualCrop,0
datasets/eurosat/EuroSAT_RGB/AnnualCrop/AnnualCrop_1566.jpg,AnnualCrop,0
datasets/eurosat/EuroSAT_RGB/AnnualCrop/AnnualCrop_157.jpg,AnnualCrop,0
datasets/eurosat/EuroSAT_RGB/AnnualCrop/AnnualCrop_1612.jpg,AnnualCrop,0
datasets/eurosat/EuroSAT_RGB/AnnualCrop/AnnualCrop_1615.jpg,AnnualCrop,0
datasets/eurosat/EuroSAT_RGB/AnnualCrop/AnnualCrop_162.jpg,AnnualCrop,0
datasets/eurosat/EuroSAT_RGB/AnnualCrop/AnnualCrop_1634.jpg,AnnualCrop,0
datasets/eurosat/EuroSAT_RGB/AnnualCrop/AnnualCrop_1653.jpg,AnnualCrop,0
datasets/eurosat/EuroSAT_RGB/AnnualCrop/AnnualCrop_1679.jpg,AnnualCrop,0
datasets/eurosat/EuroSAT_RGB/AnnualCrop/AnnualCrop_168.jpg,AnnualCrop,0
datasets/eurosat/EuroSAT_RGB/AnnualCrop/AnnualCrop_1688.jpg,AnnualCrop,0
datasets/eurosat/EuroSAT_RGB/AnnualCrop/AnnualCrop_1693.jpg,AnnualCrop,0
datasets/eurosat/EuroSAT_RGB/AnnualCrop/AnnualCrop_1709.jpg,AnnualCrop,0
datasets/eurosat/EuroSAT_RGB/AnnualCrop/AnnualCrop_1712.jpg,AnnualCrop,0
datasets/eurosat/EuroSAT_RGB/AnnualCrop/AnnualCrop_1720.jpg,AnnualCrop,0
datasets/eurosat/EuroSAT_RGB/AnnualCrop/AnnualCrop_1724.jpg,AnnualCrop,0
datasets/eurosat/EuroSAT_RGB/AnnualCrop/AnnualCrop_1727.jpg,AnnualCrop,0
datasets/eurosat/EuroSAT_RGB/AnnualCrop/AnnualCrop_1730.jpg,AnnualCrop,0
datasets/eurosat/EuroSAT_RGB/AnnualCrop/AnnualCrop_1747.jpg,AnnualCrop,0
datasets/eurosat/EuroSAT_RGB/AnnualCrop/AnnualCrop_175.jpg,AnnualCrop,0
datasets/eurosat/EuroSAT_RGB/AnnualCrop/AnnualCrop_1754.jpg,AnnualCrop,0
datasets/eurosat/EuroSAT_RGB/AnnualCrop/AnnualCrop_1756.jpg,AnnualCrop,0
datasets/eurosat/EuroSAT_RGB/AnnualCrop/AnnualCrop_177.jpg,AnnualCrop,0
datasets/eurosat/EuroSAT_RGB/AnnualCrop/AnnualCrop_1772.jpg,AnnualCrop,0
datasets/eurosat/EuroSAT_RGB/AnnualCrop/AnnualCrop_1785.jpg,AnnualCrop,0
datasets/eurosat/EuroSAT_RGB/AnnualCrop/AnnualCrop_1787.jpg,AnnualCrop,0
datasets/eurosat/EuroSAT_RGB/AnnualCrop/AnnualCrop_1796.jpg,AnnualCrop,0
datasets/eurosat/EuroSAT_RGB/AnnualCrop/AnnualCrop_1797.jpg,AnnualCrop,0
datasets/eurosat/EuroSAT_RGB/AnnualCrop/AnnualCrop_1833.jpg,AnnualCrop,0
datasets/eurosat/EuroSAT_RGB/AnnualCrop/AnnualCrop_1835.jpg,AnnualCrop,0
datasets/eurosat/EuroSAT_RGB/AnnualCrop/AnnualCrop_1854.jpg,AnnualCrop,0
datasets/eurosat/EuroSAT_RGB/AnnualCrop/AnnualCrop_1870.jpg,AnnualCrop,0
datasets/eurosat/EuroSAT_RGB/AnnualCrop/AnnualCrop_1888.jpg,AnnualCrop,0
datasets/eurosat/EuroSAT_RGB/AnnualCrop/AnnualCrop_1905.jpg,AnnualCrop,0
datasets/eurosat/EuroSAT_RGB/AnnualCrop/AnnualCrop_1931.jpg,AnnualCrop,0
datasets/eurosat/EuroSAT_RGB/AnnualCrop/AnnualCrop_1950.jpg,AnnualCrop,0
datasets/eurosat/EuroSAT_RGB/AnnualCrop/AnnualCrop_1980.jpg,AnnualCrop,0
datasets/eurosat/EuroSAT_RGB/AnnualCrop/AnnualCrop_200.jpg,AnnualCrop,0
datasets/eurosat/EuroSAT_RGB/AnnualCrop/AnnualCrop_201.jpg,AnnualCrop,0
datasets/eurosat/EuroSAT_RGB/AnnualCrop/AnnualCrop_2055.jpg,AnnualCrop,0
datasets/eurosat/EuroSAT_RGB/AnnualCrop/AnnualCrop_2093.jpg,AnnualCrop,0
datasets/eurosat/EuroSAT_RGB/AnnualCrop/AnnualCrop_2111.jpg,AnnualCrop,0
datasets/eurosat/EuroSAT_RGB/AnnualCrop/AnnualCrop_2132.jpg,AnnualCrop,0
datasets/eurosat/EuroSAT_RGB/AnnualCrop/AnnualCrop_2140.jpg,AnnualCrop,0
datasets/eurosat/EuroSAT_RGB/AnnualCrop/AnnualCrop_2143.jpg,AnnualCrop,0
datasets/eurosat/EuroSAT_RGB/AnnualCrop/AnnualCrop_216.jpg,AnnualCrop,0
datasets/eurosat/EuroSAT_RGB/AnnualCrop/AnnualCrop_2185.jpg,AnnualCrop,0
datasets/eurosat/EuroSAT_RGB/AnnualCrop/AnnualCrop_2189.jpg,AnnualCrop,0
datasets/eurosat/EuroSAT_RGB/AnnualCrop/AnnualCrop_2201.jpg,AnnualCrop,0
datasets/eurosat/EuroSAT_RGB/AnnualCrop/AnnualCrop_2203.jpg,AnnualCrop,0
datasets/eurosat/EuroSAT_RGB/AnnualCrop/AnnualCrop_2215.jpg,AnnualCrop,0
datasets/eurosat/EuroSAT_RGB/AnnualCrop/AnnualCrop_2249.jpg,AnnualCrop,0
datasets/eurosat/EuroSAT_RGB/AnnualCrop/AnnualCrop_2260.jpg,AnnualCrop,0
datasets/eurosat/EuroSAT_RGB/AnnualCrop/AnnualCrop_2262.jpg,AnnualCrop,0
datasets/eurosat/EuroSAT_RGB/AnnualCrop/AnnualCrop_2319.jpg,AnnualCrop,0
datasets/eurosat/EuroSAT_RGB/AnnualCrop/AnnualCrop_2343.jpg,AnnualCrop,0
datasets/eurosat/EuroSAT_RGB/AnnualCrop/AnnualCrop_2364.jpg,AnnualCrop,0
datasets/eurosat/EuroSAT_RGB/AnnualCrop/AnnualCrop_2395.jpg,AnnualCrop,0
datasets/eurosat/EuroSAT_RGB/AnnualCrop/AnnualCrop_2410.jpg,AnnualCrop,0
datasets/eurosat/EuroSAT_RGB/AnnualCrop/AnnualCrop_2426.jpg,AnnualCrop,0
datasets/eurosat/EuroSAT_RGB/AnnualCrop/AnnualCrop_2435.jpg,AnnualCrop,0
datasets/eurosat/EuroSAT_RGB/AnnualCrop/AnnualCrop_2439.jpg,AnnualCrop,0
datasets/eurosat/EuroSAT_RGB/AnnualCrop/AnnualCrop_2450.jpg,AnnualCrop,0
datasets/eurosat/EuroSAT_RGB/AnnualCrop/AnnualCrop_2489.jpg,AnnualCrop,0
datasets/eurosat/EuroSAT_RGB/AnnualCrop/AnnualCrop_2508.jpg,AnnualCrop,0
datasets/eurosat/EuroSAT_RGB/AnnualCrop/AnnualCrop_2537.jpg,AnnualCrop,0
datasets/eurosat/EuroSAT_RGB/AnnualCrop/AnnualCrop_2538.jpg,AnnualCrop,0
datasets/eurosat/EuroSAT_RGB/AnnualCrop/AnnualCrop_2557.jpg,AnnualCrop,0
datasets/eurosat/EuroSAT_RGB/AnnualCrop/AnnualCrop_2567.jpg,AnnualCrop,0
datasets/eurosat/EuroSAT_RGB/AnnualCrop/AnnualCrop_2616.jpg,AnnualCrop,0
datasets/eurosat/EuroSAT_RGB/AnnualCrop/AnnualCrop_2645.jpg,AnnualCrop,0
datasets/eurosat/EuroSAT_RGB/AnnualCrop/AnnualCrop_2652.jpg,AnnualCrop,0
datasets/eurosat/EuroSAT_RGB/AnnualCrop/AnnualCrop_2657.jpg,AnnualCrop,0
datasets/eurosat/EuroSAT_RGB/AnnualCrop/AnnualCrop_269.jpg,AnnualCrop,0
datasets/eurosat/EuroSAT_RGB/AnnualCrop/AnnualCrop_2690.jpg,AnnualCrop,0
datasets/eurosat/EuroSAT_RGB/AnnualCrop/AnnualCrop_2709.jpg,AnnualCrop,0
datasets/eurosat/EuroSAT_RGB/AnnualCrop/AnnualCrop_272.jpg,AnnualCrop,0
datasets/eurosat/EuroSAT_RGB/AnnualCrop/AnnualCrop_2722.jpg,AnnualCrop,0
datasets/eurosat/EuroSAT_RGB/AnnualCrop/AnnualCrop_2723.jpg,AnnualCrop,0
datasets/eurosat/EuroSAT_RGB/AnnualCrop/AnnualCrop_275.jpg,AnnualCrop,0
datasets/eurosat/EuroSAT_RGB/AnnualCrop/AnnualCrop_2764.jpg,AnnualCrop,0
datasets/eurosat/EuroSAT_RGB/AnnualCrop/AnnualCrop_2765.jpg,AnnualCrop,0
datasets/eurosat/EuroSAT_RGB/AnnualCrop/AnnualCrop_277.jpg,AnnualCrop,0
datasets/eurosat/EuroSAT_RGB/AnnualCrop/AnnualCrop_2788.jpg,AnnualCrop,0
datasets/eurosat/EuroSAT_RGB/AnnualCrop/AnnualCrop_282.jpg,AnnualCrop,0
datasets/eurosat/EuroSAT_RGB/AnnualCrop/AnnualCrop_2820.jpg,AnnualCrop,0
datasets/eurosat/EuroSAT_RGB/AnnualCrop/AnnualCrop_2829.jpg,AnnualCrop,0
datasets/eurosat/EuroSAT_RGB/AnnualCrop/AnnualCrop_283.jpg,AnnualCrop,0
datasets/eurosat/EuroSAT_RGB/AnnualCrop/AnnualCrop_2830.jpg,AnnualCrop,0
datasets/eurosat/EuroSAT_RGB/AnnualCrop/AnnualCrop_2838.jpg,AnnualCrop,0
datasets/eurosat/EuroSAT_RGB/AnnualCrop/AnnualCrop_2840.jpg,AnnualCrop,0
datasets/eurosat/EuroSAT_RGB/AnnualCrop/AnnualCrop_2852.jpg,AnnualCrop,0
datasets/eurosat/EuroSAT_RGB/AnnualCrop/AnnualCrop_286.jpg,AnnualCrop,0
datasets/eurosat/EuroSAT_RGB/AnnualCrop/AnnualCrop_2870.jpg,AnnualCrop,0
datasets/eurosat/EuroSAT_RGB/AnnualCrop/AnnualCrop_2874.jpg,AnnualCrop,0
datasets/eurosat/EuroSAT_RGB/AnnualCrop/AnnualCrop_2895.jpg,AnnualCrop,0
datasets/eurosat/EuroSAT_RGB/AnnualCrop/AnnualCrop_2896.jpg,AnnualCrop,0
datasets/eurosat/EuroSAT_RGB/AnnualCrop/AnnualCrop_2910.jpg,AnnualCrop,0
datasets/eurosat/EuroSAT_RGB/AnnualCrop/AnnualCrop_2931.jpg,AnnualCrop,0
datasets/eurosat/EuroSAT_RGB/AnnualCrop/AnnualCrop_2933.jpg,AnnualCrop,0
datasets/eurosat/EuroSAT_RGB/AnnualCrop/AnnualCrop_2940.jpg,AnnualCrop,0
datasets/eurosat/EuroSAT_RGB/AnnualCrop/AnnualCrop_2958.jpg,AnnualCrop,0
datasets/eurosat/EuroSAT_RGB/AnnualCrop/AnnualCrop_297.jpg,AnnualCrop,0
datasets/eurosat/EuroSAT_RGB/AnnualCrop/AnnualCrop_2988.jpg,AnnualCrop,0
datasets/eurosat/EuroSAT_RGB/AnnualCrop/AnnualCrop_2996.jpg,AnnualCrop,0
datasets/eurosat/EuroSAT_RGB/AnnualCrop/AnnualCrop_307.jpg,AnnualCrop,0
datasets/eurosat/EuroSAT_RGB/AnnualCrop/AnnualCrop_320.jpg,AnnualCrop,0
datasets/eurosat/EuroSAT_RGB/AnnualCrop/AnnualCrop_321.jpg,AnnualCrop,0
datasets/eurosat/EuroSAT_RGB/AnnualCrop/AnnualCrop_323.jpg,AnnualCrop,0
datasets/eurosat/EuroSAT_RGB/AnnualCrop/AnnualCrop_334.jpg,AnnualCrop,0
datasets/eurosat/EuroSAT_RGB/AnnualCrop/AnnualCrop_350.jpg,AnnualCrop,0
datasets/eurosat/EuroSAT_RGB/AnnualCrop/AnnualCrop_409.jpg,AnnualCrop,0
datasets/eurosat/EuroSAT_RGB/AnnualCrop/AnnualCrop_416.jpg,AnnualCrop,0
datasets/eurosat/EuroSAT_RGB/AnnualCrop/AnnualCrop_421.jpg,AnnualCrop,0
datasets/eurosat/EuroSAT_RGB/AnnualCrop/AnnualCrop_428.jpg,AnnualCrop,0
datasets/eurosat/EuroSAT_RGB/AnnualCrop/AnnualCrop_435.jpg,AnnualCrop,0
datasets/eurosat/EuroSAT_RGB/AnnualCrop/AnnualCrop_439.jpg,AnnualCrop,0
datasets/eurosat/EuroSAT_RGB/AnnualCrop/AnnualCrop_455.jpg,AnnualCrop,0
datasets/eurosat/EuroSAT_RGB/AnnualCrop/AnnualCrop_464.jpg,AnnualCrop,0
datasets/eurosat/EuroSAT_RGB/AnnualCrop/AnnualCrop_465.jpg,AnnualCrop,0
datasets/eurosat/EuroSAT_RGB/AnnualCrop/AnnualCrop_467.jpg,AnnualCrop,0
datasets/eurosat/EuroSAT_RGB/AnnualCrop/AnnualCrop_476.jpg,AnnualCrop,0
datasets/eurosat/EuroSAT_RGB/AnnualCrop/AnnualCrop_491.jpg,AnnualCrop,0
datasets/eurosat/EuroSAT_RGB/AnnualCrop/AnnualCrop_501.jpg,AnnualCrop,0
datasets/eurosat/EuroSAT_RGB/AnnualCrop/AnnualCrop_524.jpg,AnnualCrop,0
datasets/eurosat/EuroSAT_RGB/AnnualCrop/AnnualCrop_530.jpg,AnnualCrop,0
datasets/eurosat/EuroSAT_RGB/AnnualCrop/AnnualCrop_547.jpg,AnnualCrop,0
datasets/eurosat/EuroSAT_RGB/AnnualCrop/AnnualCrop_555.jpg,AnnualCrop,0
datasets/eurosat/EuroSAT_RGB/AnnualCrop/AnnualCrop_556.jpg,AnnualCrop,0
datasets/eurosat/EuroSAT_RGB/AnnualCrop/AnnualCrop_577.jpg,AnnualCrop,0
datasets/eurosat/EuroSAT_RGB/AnnualCrop/AnnualCrop_58.jpg,AnnualCrop,0
datasets/eurosat/EuroSAT_RGB/AnnualCrop/AnnualCrop_62.jpg,AnnualCrop,0
datasets/eurosat/EuroSAT_RGB/AnnualCrop/AnnualCrop_671.jpg,AnnualCrop,0
datasets/eurosat/EuroSAT_RGB/AnnualCrop/AnnualCrop_674.jpg,AnnualCrop,0
datasets/eurosat/EuroSAT_RGB/AnnualCrop/AnnualCrop_679.jpg,AnnualCrop,0
datasets/eurosat/EuroSAT_RGB/AnnualCrop/AnnualCrop_697.jpg,AnnualCrop,0
datasets/eurosat/EuroSAT_RGB/AnnualCrop/AnnualCrop_7.jpg,AnnualCrop,0
datasets/eurosat/EuroSAT_RGB/AnnualCrop/AnnualCrop_712.jpg,AnnualCrop,0
datasets/eurosat/EuroSAT_RGB/AnnualCrop/AnnualCrop_729.jpg,AnnualCrop,0
datasets/eurosat/EuroSAT_RGB/AnnualCrop/AnnualCrop_759.jpg,AnnualCrop,0
datasets/eurosat/EuroSAT_RGB/AnnualCrop/AnnualCrop_774.jpg,AnnualCrop,0
datasets/eurosat/EuroSAT_RGB/AnnualCrop/AnnualCrop_78.jpg,AnnualCrop,0
datasets/eurosat/EuroSAT_RGB/AnnualCrop/AnnualCrop_791.jpg,AnnualCrop,0
datasets/eurosat/EuroSAT_RGB/AnnualCrop/AnnualCrop_798.jpg,AnnualCrop,0
datasets/eurosat/EuroSAT_RGB/AnnualCrop/AnnualCrop_813.jpg,AnnualCrop,0
datasets/eurosat/EuroSAT_RGB/AnnualCrop/AnnualCrop_824.jpg,AnnualCrop,0
datasets/eurosat/EuroSAT_RGB/AnnualCrop/AnnualCrop_825.jpg,AnnualCrop,0
datasets/eurosat/EuroSAT_RGB/AnnualCrop/AnnualCrop_841.jpg,AnnualCrop,0
datasets/eurosat/EuroSAT_RGB/AnnualCrop/AnnualCrop_863.jpg,AnnualCrop,0
datasets/eurosat/EuroSAT_RGB/AnnualCrop/AnnualCrop_88.jpg,AnnualCrop,0
datasets/eurosat/EuroSAT_RGB/AnnualCrop/AnnualCrop_896.jpg,AnnualCrop,0
datasets/eurosat/EuroSAT_RGB/AnnualCrop/AnnualCrop_913.jpg,AnnualCrop,0
datasets/eurosat/EuroSAT_RGB/AnnualCrop/AnnualCrop_963.jpg,AnnualCrop,0
datasets/eurosat/EuroSAT_RGB/AnnualCrop/AnnualCrop_966.jpg,AnnualCrop,0
datasets/eurosat/EuroSAT_RGB/AnnualCrop/AnnualCrop_995.jpg,AnnualCrop,0
datasets/eurosat/EuroSAT_RGB/Forest/Forest_1035.jpg,Forest,1
datasets/eurosat/EuroSAT_RGB/Forest/Forest_106.jpg,Forest,1
datasets/eurosat/EuroSAT_RGB/Forest/Forest_1064.jpg,Forest,1
datasets/eurosat/EuroSAT_RGB/Forest/Forest_1077.jpg,Forest,1
datasets/eurosat/EuroSAT_RGB/Forest/Forest_1079.jpg,Forest,1
datasets/eurosat/EuroSAT_RGB/Forest/Forest_1080.jpg,Forest,1
datasets/eurosat/EuroSAT_RGB/Forest/Forest_1081.jpg,Forest,1
datasets/eurosat/EuroSAT_RGB/Forest/Forest_1115.jpg,Forest,1
datasets/eurosat/EuroSAT_RGB/Forest/Forest_1128.jpg,Forest,1
datasets/eurosat/EuroSAT_RGB/Forest/Forest_113.jpg,Forest,1
datasets/eurosat/EuroSAT_RGB/Forest/Forest_114.jpg,Forest,1
datasets/eurosat/EuroSAT_RGB/Forest/Forest_1148.jpg,Forest,1
datasets/eurosat/EuroSAT_RGB/Forest/Forest_1152.jpg,Forest,1
datasets/eurosat/EuroSAT_RGB/Forest/Forest_1223.jpg,Forest,1
datasets/eurosat/EuroSAT_RGB/Forest/Forest_1228.jpg,Forest,1
datasets/eurosat/EuroSAT_RGB/Forest/Forest_124.jpg,Forest,1
datasets/eurosat/EuroSAT_RGB/Forest/Forest_1262.jpg,Forest,1
datasets/eurosat/EuroSAT_RGB/Forest/Forest_1263.jpg,Forest,1
datasets/eurosat/EuroSAT_RGB/Forest/Forest_1264.jpg,Forest,1
datasets/eurosat/EuroSAT_RGB/Forest/Forest_1287.jpg,Forest,1
datasets/eurosat/EuroSAT_RGB/Forest/Forest_1289.jpg,Forest,1
datasets/eurosat/EuroSAT_RGB/Forest/Forest_1299.jpg,Forest,1
datasets/eurosat/EuroSAT_RGB/Forest/Forest_1307.jpg,Forest,1
datasets/eurosat/EuroSAT_RGB/Forest/Forest_1310.jpg,Forest,1
datasets/eurosat/EuroSAT_RGB/Forest/Forest_1314.jpg,Forest,1
datasets/eurosat/EuroSAT_RGB/Forest/Forest_1327.jpg,Forest,1
datasets/eurosat/EuroSAT_RGB/Forest/Forest_1344.jpg,Forest,1
datasets/eurosat/EuroSAT_RGB/Forest/Forest_1350.jpg,Forest,1
datasets/eurosat/EuroSAT_RGB/Forest/Forest_1364.jpg,Forest,1
datasets/eurosat/EuroSAT_RGB/Forest/Forest_1372.jpg,Forest,1
datasets/eurosat/EuroSAT_RGB/Forest/Forest_1373.jpg,Forest,1
datasets/eurosat/EuroSAT_RGB/Forest/Forest_1382.jpg,Forest,1
datasets/eurosat/EuroSAT_RGB/Forest/Forest_1384.jpg,Forest,1
datasets/eurosat/EuroSAT_RGB/Forest/Forest_1400.jpg,Forest,1
datasets/eurosat/EuroSAT_RGB/Forest/Forest_1427.jpg,Forest,1
datasets/eurosat/EuroSAT_RGB/Forest/Forest_1436.jpg,Forest,1
datasets/eurosat/EuroSAT_RGB/Forest/Forest_1445.jpg,Forest,1
datasets/eurosat/EuroSAT_RGB/Forest/Forest_1453.jpg,Forest,1
datasets/eurosat/EuroSAT_RGB/Forest/Forest_1458.jpg,Forest,1
datasets/eurosat/EuroSAT_RGB/Forest/Forest_1459.jpg,Forest,1
datasets/eurosat/EuroSAT_RGB/Forest/Forest_1476.jpg,Forest,1
datasets/eurosat/EuroSAT_RGB/Forest/Forest_1482.jpg,Forest,1
datasets/eurosat/EuroSAT_RGB/Forest/Forest_1512.jpg,Forest,1
datasets/eurosat/EuroSAT_RGB/Forest/Forest_1527.jpg,Forest,1
datasets/eurosat/EuroSAT_RGB/Forest/Forest_1537.jpg,Forest,1
datasets/eurosat/EuroSAT_RGB/Forest/Forest_1542.jpg,Forest,1
datasets/eurosat/EuroSAT_RGB/Forest/Forest_156.jpg,Forest,1
datasets/eurosat/EuroSAT_RGB/Forest/Forest_1562.jpg,Forest,1
datasets/eurosat/EuroSAT_RGB/Forest/Forest_1602.jpg,Forest,1
datasets/eurosat/EuroSAT_RGB/Forest/Forest_1603.jpg,Forest,1
datasets/eurosat/EuroSAT_RGB/Forest/Forest_1607.jpg,Forest,1
datasets/eurosat/EuroSAT_RGB/Forest/Forest_1625.jpg,Forest,1
datasets/eurosat/EuroSAT_RGB/Forest/Forest_1642.jpg,Forest,1
datasets/eurosat/EuroSAT_RGB/Forest/Forest_1666.jpg,Forest,1
datasets/eurosat/EuroSAT_RGB/Forest/Forest_1667.jpg,Forest,1
datasets/eurosat/EuroSAT_RGB/Forest/Forest_1671.jpg,Forest,1
datasets/eurosat/EuroSAT_RGB/Forest/Forest_1674.jpg,Forest,1
datasets/eurosat/EuroSAT_RGB/Forest/Forest_1688.jpg,Forest,1
datasets/eurosat/EuroSAT_RGB/Forest/Forest_1690.jpg,Forest,1
datasets/eurosat/EuroSAT_RGB/Forest/Forest_1699.jpg,Forest,1
datasets/eurosat/EuroSAT_RGB/Forest/Forest_1702.jpg,Forest,1
datasets/eurosat/EuroSAT_RGB/Forest/Forest_1707.jpg,Forest,1
datasets/eurosat/EuroSAT_RGB/Forest/Forest_1710.jpg,Forest,1
datasets/eurosat/EuroSAT_RGB/Forest/Forest_1724.jpg,Forest,1
datasets/eurosat/EuroSAT_RGB/Forest/Forest_1726.jpg,Forest,1
datasets/eurosat/EuroSAT_RGB/Forest/Forest_1729.jpg,Forest,1
datasets/eurosat/EuroSAT_RGB/Forest/Forest_1730.jpg,Forest,1
datasets/eurosat/EuroSAT_RGB/Forest/Forest_1745.jpg,Forest,1
datasets/eurosat/EuroSAT_RGB/Forest/Forest_1749.jpg,Forest,1
datasets/eurosat/EuroSAT_RGB/Forest/Forest_176.jpg,Forest,1
datasets/eurosat/EuroSAT_RGB/Forest/Forest_1761.jpg,Forest,1
datasets/eurosat/EuroSAT_RGB/Forest/Forest_1766.jpg,Forest,1
datasets/eurosat/EuroSAT_RGB/Forest/Forest_1767.jpg,Forest,1
datasets/eurosat/EuroSAT_RGB/Forest/Forest_1811.jpg,Forest,1
datasets/eurosat/EuroSAT_RGB/Forest/Forest_1812.jpg,Forest,1
datasets/eurosat/EuroSAT_RGB/Forest/Forest_1838.jpg,Forest,1
datasets/eurosat/EuroSAT_RGB/Forest/Forest_1853.jpg,Forest,1
datasets/eurosat/EuroSAT_RGB/Forest/Forest_1868.jpg,Forest,1
datasets/eurosat/EuroSAT_RGB/Forest/Forest_1886.jpg,Forest,1
datasets/eurosat/EuroSAT_RGB/Forest/Forest_191.jpg,Forest,1
datasets/eurosat/EuroSAT_RGB/Forest/Forest_1928.jpg,Forest,1
datasets/eurosat/EuroSAT_RGB/Forest/Forest_1956.jpg,Forest,1
datasets/eurosat/EuroSAT_RGB/Forest/Forest_1982.jpg,Forest,1
datasets/eurosat/EuroSAT_RGB/Forest/Forest_199.jpg,Forest,1
datasets/eurosat/EuroSAT_RGB/Forest/Forest_2032.jpg,Forest,1
datasets/eurosat/EuroSAT_RGB/Forest/Forest_2068.jpg,Forest,1
datasets/eurosat/EuroSAT_RGB/Forest/Forest_2083.jpg,Forest,1
datasets/eurosat/EuroSAT_RGB/Forest/Forest_2099.jpg,Forest,1
datasets/eurosat/EuroSAT_RGB/Forest/Forest_2107.jpg,Forest,1
datasets/eurosat/EuroSAT_RGB/Forest/Forest_211.jpg,Forest,1
datasets/eurosat/EuroSAT_RGB/Forest/Forest_2129.jpg,Forest,1
datasets/eurosat/EuroSAT_RGB/Forest/Forest_2152.jpg,Forest,1
datasets/eurosat/EuroSAT_RGB/Forest/Forest_2156.jpg,Forest,1
datasets/eurosat/EuroSAT_RGB/Forest/Forest_2169.jpg,Forest,1
datasets/eurosat/EuroSAT_RGB/Forest/Forest_2173.jpg,Forest,1
datasets/eurosat/EuroSAT_RGB/Forest/Forest_2187.jpg,Forest,1
datasets/eurosat/EuroSAT_RGB/Forest/Forest_2215.jpg,Forest,1
datasets/eurosat/EuroSAT_RGB/Forest/Forest_2226.jpg,Forest,1
datasets/eurosat/EuroSAT_RGB/Forest/Forest_223.jpg,Forest,1
datasets/eurosat/EuroSAT_RGB/Forest/Forest_2293.jpg,Forest,1
datasets/eurosat/EuroSAT_RGB/Forest/Forest_2318.jpg,Forest,1
datasets/eurosat/EuroSAT_RGB/Forest/Forest_2340.jpg,Forest,1
datasets/eurosat/EuroSAT_RGB/Forest/Forest_2365.jpg,Forest,1
datasets/eurosat/EuroSAT_RGB/Forest/Forest_239.jpg,Forest,1
datasets/eurosat/EuroSAT_RGB/Forest/Forest_2402.jpg,Forest,1
datasets/eurosat/EuroSAT_RGB/Forest/Forest_2411.jpg,Forest,1
datasets/eurosat/EuroSAT_RGB/Forest/Forest_2419.jpg,Forest,1
datasets/eurosat/EuroSAT_RGB/Forest/Forest_2437.jpg,Forest,1
datasets/eurosat/EuroSAT_RGB/Forest/Forest_247.jpg,Forest,1
datasets/eurosat/EuroSAT_RGB/Forest/Forest_2490.jpg,Forest,1
datasets/eurosat/EuroSAT_RGB/Forest/Forest_251.jpg,Forest,1
datasets/eurosat/EuroSAT_RGB/Forest/Forest_2513.jpg,Forest,1
datasets/eurosat/EuroSAT_RGB/Forest/Forest_2535.jpg,Forest,1
datasets/eurosat/EuroSAT_RGB/Forest/Forest_2547.jpg,Forest,1
datasets/eurosat/EuroSAT_RGB/Forest/Forest_26.jpg,Forest,1
datasets/eurosat/EuroSAT_RGB/Forest/Forest_2624.jpg,Forest,1
datasets/eurosat/EuroSAT_RGB/Forest/Forest_2637.jpg,Forest,1
datasets/eurosat/EuroSAT_RGB/Forest/Forest_2641.jpg,Forest,1
datasets/eurosat/EuroSAT_RGB/Forest/Forest_2682.jpg,Forest,1
datasets/eurosat/EuroSAT_RGB/Forest/Forest_2683.jpg,Forest,1
datasets/eurosat/EuroSAT_RGB/Forest/Forest_2699.jpg,Forest,1
datasets/eurosat/EuroSAT_RGB/Forest/Forest_2708.jpg,Forest,1
datasets/eurosat/EuroSAT_RGB/Forest/Forest_2711.jpg,Forest,1
datasets/eurosat/EuroSAT_RGB/Forest/Forest_2713.jpg,Forest,1
datasets/eurosat/EuroSAT_RGB/Forest/Forest_2736.jpg,Forest,1
datasets/eurosat/EuroSAT_RGB/Forest/Forest_2751.jpg,Forest,1
datasets/eurosat/EuroSAT_RGB/Forest/Forest_2753.jpg,Forest,1
datasets/eurosat/EuroSAT_RGB/Forest/Forest_276.jpg,Forest,1
datasets/eurosat/EuroSAT_RGB/Forest/Forest_2775.jpg,Forest,1
datasets/eurosat/EuroSAT_RGB/Forest/Forest_2821.jpg,Forest,1
datasets/eurosat/EuroSAT_RGB/Forest/Forest_2822.jpg,Forest,1
datasets/eurosat/EuroSAT_RGB/Forest/Forest_2829.jpg,Forest,1
datasets/eurosat/EuroSAT_RGB/Forest/Forest_283.jpg,Forest,1
datasets/eurosat/EuroSAT_RGB/Forest/Forest_2830.jpg,Forest,1
datasets/eurosat/EuroSAT_RGB/Forest/Forest_284.jpg,Forest,1
datasets/eurosat/EuroSAT_RGB/Forest/Forest_2845.jpg,Forest,1
datasets/eurosat/EuroSAT_RGB/Forest/Forest_2854.jpg,Forest,1
datasets/eurosat/EuroSAT_RGB/Forest/Forest_286.jpg,Forest,1
datasets/eurosat/EuroSAT_RGB/Forest/Forest_2867.jpg,Forest,1
datasets/eurosat/EuroSAT_RGB/Forest/Forest_2869.jpg,Forest,1
datasets/eurosat/EuroSAT_RGB/Forest/Forest_2892.jpg,Forest,1
datasets/eurosat/EuroSAT_RGB/Forest/Forest_2893.jpg,Forest,1
datasets/eurosat/EuroSAT_RGB/Forest/Forest_2910.jpg,Forest,1
datasets/eurosat/EuroSAT_RGB/Forest/Forest_2923.jpg,Forest,1
datasets/eurosat/EuroSAT_RGB/Forest/Forest_2926.jpg,Forest,1
datasets/eurosat/EuroSAT_RGB/Forest/Forest_2931.jpg,Forest,1
datasets/eurosat/EuroSAT_RGB/Forest/Forest_2948.jpg,Forest,1
datasets/eurosat/EuroSAT_RGB/Forest/Forest_2961.jpg,Forest,1
datasets/eurosat/EuroSAT_RGB/Forest/Forest_2973.jpg,Forest,1
datasets/eurosat/EuroSAT_RGB/Forest/Forest_2981.jpg,Forest,1
datasets/eurosat/EuroSAT_RGB/Forest/Forest_2993.jpg,Forest,1
datasets/eurosat/EuroSAT_RGB/Forest/Forest_310.jpg,Forest,1
datasets/eurosat/EuroSAT_RGB/Forest/Forest_311.jpg,Forest,1
datasets/eurosat/EuroSAT_RGB/Forest/Forest_313.jpg,Forest,1
datasets/eurosat/EuroSAT_RGB/Forest/Forest_323.jpg,Forest,1
datasets/eurosat/EuroSAT_RGB/Forest/Forest_339.jpg,Forest,1
datasets/eurosat/EuroSAT_RGB/Forest/Forest_398.jpg,Forest,1
datasets/eurosat/EuroSAT_RGB/Forest/Forest_403.jpg,Forest,1
datasets/eurosat/EuroSAT_RGB/Forest/Forest_410.jpg,Forest,1
datasets/eurosat/EuroSAT_RGB/Forest/Forest_416.jpg,Forest,1
datasets/eurosat/EuroSAT_RGB/Forest/Forest_423.jpg,Forest,1
datasets/eurosat/EuroSAT_RGB/Forest/Forest_428.jpg,Forest,1
datasets/eurosat/EuroSAT_RGB/Forest/Forest_447.jpg,Forest,1
datasets/eurosat/EuroSAT_RGB/Forest/Forest_456.jpg,Forest,1
datasets/eurosat/EuroSAT_RGB/Forest/Forest_457.jpg,Forest,1
datasets/eurosat/EuroSAT_RGB/Forest/Forest_459.jpg,Forest,1
datasets/eurosat/EuroSAT_RGB/Forest/Forest_468.jpg,Forest,1
datasets/eurosat/EuroSAT_RGB/Forest/Forest_487.jpg,Forest,1
datasets/eurosat/EuroSAT_RGB/Forest/Forest_499.jpg,Forest,1
datasets/eurosat/EuroSAT_RGB/Forest/Forest_523.jpg,Forest,1
datasets/eurosat/EuroSAT_RGB/Forest/Forest_527.jpg,Forest,1
datasets/eurosat/EuroSAT_RGB/Forest/Forest_548.jpg,Forest,1
datasets/eurosat/EuroSAT_RGB/Forest/Forest_559.jpg,Forest,1
datasets/eurosat/EuroSAT_RGB/Forest/Forest_561.jpg,Forest,1
datasets/eurosat/EuroSAT_RGB/Forest/Forest_581.jpg,Forest,1
datasets/eurosat/EuroSAT_RGB/Forest/Forest_583.jpg,Forest,1
datasets/eurosat/EuroSAT_RGB/Forest/Forest_616.jpg,Forest,1
datasets/eurosat/EuroSAT_RGB/Forest/Forest_668.jpg,Forest,1
datasets/eurosat/EuroSAT_RGB/Forest/Forest_672.jpg,Forest,1
datasets/eurosat/EuroSAT_RGB/Forest/Forest_677.jpg,Forest,1
datasets/eurosat/EuroSAT_RGB/Forest/Forest_705.jpg,Forest,1
datasets/eurosat/EuroSAT_RGB/Forest/Forest_708.jpg,Forest,1
datasets/eurosat/EuroSAT_RGB/Forest/Forest_720.jpg,Forest,1
datasets/eurosat/EuroSAT_RGB/Forest/Forest_739.jpg,Forest,1
datasets/eurosat/EuroSAT_RGB/Forest/Forest_77.jpg,Forest,1
datasets/eurosat/EuroSAT_RGB/Forest/Forest_781.jpg,Forest,1
datasets/eurosat/EuroSAT_RGB/Forest/Forest_789.jpg,Forest,1
datasets/eurosat/EuroSAT_RGB/Forest/Forest_801.jpg,Forest,1
datasets/eurosat/EuroSAT_RGB/Forest/Forest_805.jpg,Forest,1
datasets/eurosat/EuroSAT_RGB/Forest/Forest_823.jpg,Forest,1
datasets/eurosat/EuroSAT_RGB/Forest/Forest_830.jpg,Forest,1
datasets/eurosat/EuroSAT_RGB/Forest/Forest_832.jpg,Forest,1
datasets/eurosat/EuroSAT_RGB/Forest/Forest_849.jpg,Forest,1
datasets/eurosat/EuroSAT_RGB/Forest/Forest_872.jpg,Forest,1
datasets/eurosat/EuroSAT_RGB/Forest/Forest_886.jpg,Forest,1
datasets/eurosat/EuroSAT_RGB/Forest/Forest_9.jpg,Forest,1
datasets/eurosat/EuroSAT_RGB/Forest/Forest_918.jpg,Forest,1
datasets/eurosat/EuroSAT_RGB/Forest/Forest_964.jpg,Forest,1
datasets/eurosat/EuroSAT_RGB/Forest/Forest_966.jpg,Forest,1
datasets/eurosat/EuroSAT_RGB/Forest/Forest_992.jpg,Forest,1
datasets/eurosat/EuroSAT_RGB/HerbaceousVegetation/HerbaceousVegetation_1030.jpg,HerbaceousVegetation,2
datasets/eurosat/EuroSAT_RGB/HerbaceousVegetation/HerbaceousVegetation_1061.jpg,HerbaceousVegetation,2
datasets/eurosat/EuroSAT_RGB/HerbaceousVegetation/HerbaceousVegetation_1067.jpg,HerbaceousVegetation,2
datasets/eurosat/EuroSAT_RGB/HerbaceousVegetation/HerbaceousVegetation_1081.jpg,HerbaceousVegetation,2
datasets/eurosat/EuroSAT_RGB/HerbaceousVegetation/HerbaceousVegetation_1083.jpg,HerbaceousVegetation,2
datasets/eurosat/EuroSAT_RGB/HerbaceousVegetation/HerbaceousVegetation_1085.jpg,HerbaceousVegetation,2
datasets/eurosat/EuroSAT_RGB/HerbaceousVegetation/HerbaceousVegetation_1086.jpg,HerbaceousVegetation,2
datasets/eurosat/EuroSAT_RGB/HerbaceousVegetation/HerbaceousVegetation_1124.jpg,HerbaceousVegetation,2
datasets/eurosat/EuroSAT_RGB/HerbaceousVegetation/HerbaceousVegetation_1140.jpg,HerbaceousVegetation,2
datasets/eurosat/EuroSAT_RGB/HerbaceousVegetation/HerbaceousVegetation_1142.jpg,HerbaceousVegetation,2
datasets/eurosat/EuroSAT_RGB/HerbaceousVegetation/HerbaceousVegetation_1153.jpg,HerbaceousVegetation,2
datasets/eurosat/EuroSAT_RGB/HerbaceousVegetation/HerbaceousVegetation_1160.jpg,HerbaceousVegetation,2
datasets/eurosat/EuroSAT_RGB/HerbaceousVegetation/HerbaceousVegetation_1165.jpg,HerbaceousVegetation,2
datasets/eurosat/EuroSAT_RGB/HerbaceousVegetation/HerbaceousVegetation_1233.jpg,HerbaceousVegetation,2
datasets/eurosat/EuroSAT_RGB/HerbaceousVegetation/HerbaceousVegetation_1238.jpg,HerbaceousVegetation,2
datasets/eurosat/EuroSAT_RGB/HerbaceousVegetation/HerbaceousVegetation_1249.jpg,HerbaceousVegetation,2
datasets/eurosat/EuroSAT_RGB/HerbaceousVegetation/HerbaceousVegetation_1268.jpg,HerbaceousVegetation,2
datasets/eurosat/EuroSAT_RGB/HerbaceousVegetation/HerbaceousVegetation_127.jpg,HerbaceousVegetation,2
datasets/eurosat/EuroSAT_RGB/HerbaceousVegetation/HerbaceousVegetation_1270.jpg,HerbaceousVegetation,2
datasets/eurosat/EuroSAT_RGB/HerbaceousVegetation/HerbaceousVegetation_1291.jpg,HerbaceousVegetation,2
datasets/eurosat/EuroSAT_RGB/HerbaceousVegetation/HerbaceousVegetation_1296.jpg,HerbaceousVegetation,2
datasets/eurosat/EuroSAT_RGB/HerbaceousVegetation/HerbaceousVegetation_1301.jpg,HerbaceousVegetation,2
datasets/eurosat/EuroSAT_RGB/HerbaceousVegetation/HerbaceousVegetation_1311.jpg,HerbaceousVegetation,2
datasets/eurosat/EuroSAT_RGB/HerbaceousVegetation/HerbaceousVegetation_1316.jpg,HerbaceousVegetation,2
datasets/eurosat/EuroSAT_RGB/HerbaceousVegetation/HerbaceousVegetation_1319.jpg,HerbaceousVegetation,2
datasets/eurosat/EuroSAT_RGB/HerbaceousVegetation/HerbaceousVegetation_1323.jpg,HerbaceousVegetation,2
datasets/eurosat/EuroSAT_RGB/HerbaceousVegetation/HerbaceousVegetation_1349.jpg,HerbaceousVegetation,2
datasets/eurosat/EuroSAT_RGB/HerbaceousVegetation/HerbaceousVegetation_1357.jpg,HerbaceousVegetation,2
datasets/eurosat/EuroSAT_RGB/HerbaceousVegetation/HerbaceousVegetation_1368.jpg,HerbaceousVegetation,2
datasets/eurosat/EuroSAT_RGB/HerbaceousVegetation/HerbaceousVegetation_1377.jpg,HerbaceousVegetation,2
datasets/eurosat/EuroSAT_RGB/HerbaceousVegetation/HerbaceousVegetation_1379.jpg,HerbaceousVegetation,2
datasets/eurosat/EuroSAT_RGB/HerbaceousVegetation/HerbaceousVegetation_1389.jpg,HerbaceousVegetation,2
datasets/eurosat/EuroSAT_RGB/HerbaceousVegetation/HerbaceousVegetation_1391.jpg,HerbaceousVegetation,2
datasets/eurosat/EuroSAT_RGB/HerbaceousVegetation/HerbaceousVegetation_141.jpg,HerbaceousVegetation,2
datasets/eurosat/EuroSAT_RGB/HerbaceousVegetation/HerbaceousVegetation_1445.jpg,HerbaceousVegetation,2
datasets/eurosat/EuroSAT_RGB/HerbaceousVegetation/HerbaceousVegetation_1454.jpg,HerbaceousVegetation,2
datasets/eurosat/EuroSAT_RGB/HerbaceousVegetation/HerbaceousVegetation_1459.jpg,HerbaceousVegetation,2
datasets/eurosat/EuroSAT_RGB/HerbaceousVegetation/HerbaceousVegetation_1469.jpg,HerbaceousVegetation,2
datasets/eurosat/EuroSAT_RGB/HerbaceousVegetation/HerbaceousVegetation_1478.jpg,HerbaceousVegetation,2
datasets/eurosat/EuroSAT_RGB/HerbaceousVegetation/HerbaceousVegetation_1479.jpg,HerbaceousVegetation,2
datasets/eurosat/EuroSAT_RGB/HerbaceousVegetation/HerbaceousVegetation_150.jpg,HerbaceousVegetation,2
datasets/eurosat/EuroSAT_RGB/HerbaceousVegetation/HerbaceousVegetation_151.jpg,HerbaceousVegetation,2
datasets/eurosat/EuroSAT_RGB/HerbaceousVegetation/HerbaceousVegetation_1539.jpg,HerbaceousVegetation,2
datasets/eurosat/EuroSAT_RGB/HerbaceousVegetation/HerbaceousVegetation_155.jpg,HerbaceousVegetation,2
datasets/eurosat/EuroSAT_RGB/HerbaceousVegetation/HerbaceousVegetation_1561.jpg,HerbaceousVegetation,2
datasets/eurosat/EuroSAT_RGB/HerbaceousVegetation/HerbaceousVegetation_1565.jpg,HerbaceousVegetation,2
datasets/eurosat/EuroSAT_RGB/HerbaceousVegetation/HerbaceousVegetation_1585.jpg,HerbaceousVegetation,2
datasets/eurosat/EuroSAT_RGB/HerbaceousVegetation/HerbaceousVegetation_159.jpg,HerbaceousVegetation,2
datasets/eurosat/EuroSAT_RGB/HerbaceousVegetation/HerbaceousVegetation_1625.jpg,HerbaceousVegetation,2
datasets/eurosat/EuroSAT_RGB/HerbaceousVegetation/HerbaceousVegetation_1626.jpg,HerbaceousVegetation,2
datasets/eurosat/EuroSAT_RGB/HerbaceousVegetation/HerbaceousVegetation_1630.jpg,HerbaceousVegetation,2
datasets/eurosat/EuroSAT_RGB/HerbaceousVegetation/HerbaceousVegetation_1645.jpg,HerbaceousVegetation,2
datasets/eurosat/EuroSAT_RGB/HerbaceousVegetation/HerbaceousVegetation_1668.jpg,HerbaceousVegetation,2
datasets/eurosat/EuroSAT_RGB/HerbaceousVegetation/HerbaceousVegetation_1691.jpg,HerbaceousVegetation,2
datasets/eurosat/EuroSAT_RGB/HerbaceousVegetation/HerbaceousVegetation_1693.jpg,HerbaceousVegetation,2
datasets/eurosat/EuroSAT_RGB/HerbaceousVegetation/HerbaceousVegetation_1699.jpg,HerbaceousVegetation,2
datasets/eurosat/EuroSAT_RGB/HerbaceousVegetation/HerbaceousVegetation_1700.jpg,HerbaceousVegetation,2
datasets/eurosat/EuroSAT_RGB/HerbaceousVegetation/HerbaceousVegetation_1718.jpg,HerbaceousVegetation,2
datasets/eurosat/EuroSAT_RGB/HerbaceousVegetation/HerbaceousVegetation_1722.jpg,HerbaceousVegetation,2
datasets/eurosat/EuroSAT_RGB/HerbaceousVegetation/HerbaceousVegetation_1729.jpg,HerbaceousVegetation,2
datasets/eurosat/EuroSAT_RGB/HerbaceousVegetation/HerbaceousVegetation_1734.jpg,HerbaceousVegetation,2
datasets/eurosat/EuroSAT_RGB/HerbaceousVegetation/HerbaceousVegetation_1738.jpg,HerbaceousVegetation,2
datasets/eurosat/EuroSAT_RGB/HerbaceousVegetation/HerbaceousVegetation_1744.jpg,HerbaceousVegetation,2
datasets/eurosat/EuroSAT_RGB/HerbaceousVegetation/HerbaceousVegetation_1756.jpg,HerbaceousVegetation,2
datasets/eurosat/EuroSAT_RGB/HerbaceousVegetation/HerbaceousVegetation_1759.jpg,HerbaceousVegetation,2
datasets/eurosat/EuroSAT_RGB/HerbaceousVegetation/HerbaceousVegetation_1762.jpg,HerbaceousVegetation,2
datasets/eurosat/EuroSAT_RGB/HerbaceousVegetation/HerbaceousVegetation_1765.jpg,HerbaceousVegetation,2
datasets/eurosat/EuroSAT_RGB/HerbaceousVegetation/HerbaceousVegetation_1776.jpg,HerbaceousVegetation,2
datasets/eurosat/EuroSAT_RGB/HerbaceousVegetation/HerbaceousVegetation_178.jpg,HerbaceousVegetation,2
datasets/eurosat/EuroSAT_RGB/HerbaceousVegetation/HerbaceousVegetation_179.jpg,HerbaceousVegetation,2
datasets/eurosat/EuroSAT_RGB/HerbaceousVegetation/HerbaceousVegetation_1791.jpg,HerbaceousVegetation,2
datasets/eurosat/EuroSAT_RGB/HerbaceousVegetation/HerbaceousVegetation_1797.jpg,HerbaceousVegetation,2
datasets/eurosat/EuroSAT_RGB/HerbaceousVegetation/HerbaceousVegetation_1798.jpg,HerbaceousVegetation,2
datasets/eurosat/EuroSAT_RGB/HerbaceousVegetation/HerbaceousVegetation_1839.jpg,HerbaceousVegetation,2
datasets/eurosat/EuroSAT_RGB/HerbaceousVegetation/HerbaceousVegetation_184.jpg,HerbaceousVegetation,2
datasets/eurosat/EuroSAT_RGB/HerbaceousVegetation/HerbaceousVegetation_1863.jpg,HerbaceousVegetation,2
datasets/eurosat/EuroSAT_RGB/HerbaceousVegetation/HerbaceousVegetation_1876.jpg,HerbaceousVegetation,2
datasets/eurosat/EuroSAT_RGB/HerbaceousVegetation/HerbaceousVegetation_1900.jpg,HerbaceousVegetation,2
datasets/eurosat/EuroSAT_RGB/HerbaceousVegetation/HerbaceousVegetation_1919.jpg,HerbaceousVegetation,2
datasets/eurosat/EuroSAT_RGB/HerbaceousVegetation/HerbaceousVegetation_1944.jpg,HerbaceousVegetation,2
datasets/eurosat/EuroSAT_RGB/HerbaceousVegetation/HerbaceousVegetation_1962.jpg,HerbaceousVegetation,2
datasets/eurosat/EuroSAT_RGB/HerbaceousVegetation/HerbaceousVegetation_1992.jpg,HerbaceousVegetation,2
datasets/eurosat/EuroSAT_RGB/HerbaceousVegetation/HerbaceousVegetation_2015.jpg,HerbaceousVegetation,2
datasets/eurosat/EuroSAT_RGB/HerbaceousVegetation/HerbaceousVegetation_2027.jpg,HerbaceousVegetation,2
datasets/eurosat/EuroSAT_RGB/HerbaceousVegetation/HerbaceousVegetation_2063.jpg,HerbaceousVegetation,2
datasets/eurosat/EuroSAT_RGB/HerbaceousVegetation/HerbaceousVegetation_2109.jpg,HerbaceousVegetation,2
datasets/eurosat/EuroSAT_RGB/HerbaceousVegetation/HerbaceousVegetation_2126.jpg,HerbaceousVegetation,2
datasets/eurosat/EuroSAT_RGB/HerbaceousVegetation/HerbaceousVegetation_2146.jpg,HerbaceousVegetation,2
datasets/eurosat/EuroSAT_RGB/HerbaceousVegetation/HerbaceousVegetation_2155.jpg,HerbaceousVegetation,2
datasets/eurosat/EuroSAT_RGB/HerbaceousVegetation/HerbaceousVegetation_2158.jpg,HerbaceousVegetation,2
datasets/eurosat/EuroSAT_RGB/HerbaceousVegetation/HerbaceousVegetation_2174.jpg,HerbaceousVegetation,2
datasets/eurosat/EuroSAT_RGB/HerbaceousVegetation/HerbaceousVegetation_2200.jpg,HerbaceousVegetation,2
datasets/eurosat/EuroSAT_RGB/HerbaceousVegetation/HerbaceousVegetation_2203.jpg,HerbaceousVegetation,2
datasets/eurosat/EuroSAT_RGB/HerbaceousVegetation/HerbaceousVegetation_2218.jpg,HerbaceousVegetation,2
datasets/eurosat/EuroSAT_RGB/HerbaceousVegetation/HerbaceousVegetation_2222.jpg,HerbaceousVegetation,2
datasets/eurosat/EuroSAT_RGB/HerbaceousVegetation/HerbaceousVegetation_2235.jpg,HerbaceousVegetation,2
datasets/eurosat/EuroSAT_RGB/HerbaceousVegetation/HerbaceousVegetation_2270.jpg,HerbaceousVegetation,2
datasets/eurosat/EuroSAT_RGB/HerbaceousVegetation/HerbaceousVegetation_2280.jpg,HerbaceousVegetation,2
datasets/eurosat/EuroSAT_RGB/HerbaceousVegetation/HerbaceousVegetation_2284.jpg,HerbaceousVegetation,2
datasets/eurosat/EuroSAT_RGB/HerbaceousVegetation/HerbaceousVegetation_2343.jpg,HerbaceousVegetation,2
datasets/eurosat/EuroSAT_RGB/HerbaceousVegetation/HerbaceousVegetation_2366.jpg,HerbaceousVegetation,2
datasets/eurosat/EuroSAT_RGB/HerbaceousVegetation/HerbaceousVegetation_2390.jpg,HerbaceousVegetation,2
datasets/eurosat/EuroSAT_RGB/HerbaceousVegetation/HerbaceousVegetation_2417.jpg,HerbaceousVegetation,2
datasets/eurosat/EuroSAT_RGB/HerbaceousVegetation/HerbaceousVegetation_2438.jpg,HerbaceousVegetation,2
datasets/eurosat/EuroSAT_RGB/HerbaceousVegetation/HerbaceousVegetation_2450.jpg,HerbaceousVegetation,2
datasets/eurosat/EuroSAT_RGB/HerbaceousVegetation/HerbaceousVegetation_2458.jpg,HerbaceousVegetation,2
datasets/eurosat/EuroSAT_RGB/HerbaceousVegetation/HerbaceousVegetation_2462.jpg,HerbaceousVegetation,2
datasets/eurosat/EuroSAT_RGB/HerbaceousVegetation/HerbaceousVegetation_248.jpg,HerbaceousVegetation,2
datasets/eurosat/EuroSAT_RGB/HerbaceousVegetation/HerbaceousVegetation_2506.jpg,HerbaceousVegetation,2
datasets/eurosat/EuroSAT_RGB/HerbaceousVegetation/HerbaceousVegetation_2523.jpg,HerbaceousVegetation,2
datasets/eurosat/EuroSAT_RGB/HerbaceousVegetation/HerbaceousVegetation_2544.jpg,HerbaceousVegetation,2
datasets/eurosat/EuroSAT_RGB/HerbaceousVegetation/HerbaceousVegetation_2545.jpg,HerbaceousVegetation,2
datasets/eurosat/EuroSAT_RGB/HerbaceousVegetation/HerbaceousVegetation_2566.jpg,HerbaceousVegetation,2
datasets/eurosat/EuroSAT_RGB/HerbaceousVegetation/HerbaceousVegetation_258.jpg,HerbaceousVegetation,2
datasets/eurosat/EuroSAT_RGB/HerbaceousVegetation/HerbaceousVegetation_2628.jpg,HerbaceousVegetation,2
datasets/eurosat/EuroSAT_RGB/HerbaceousVegetation/HerbaceousVegetation_2655.jpg,HerbaceousVegetation,2
datasets/eurosat/EuroSAT_RGB/HerbaceousVegetation/HerbaceousVegetation_2663.jpg,HerbaceousVegetation,2
datasets/eurosat/EuroSAT_RGB/HerbaceousVegetation/HerbaceousVegetation_267.jpg,HerbaceousVegetation,2
datasets/eurosat/EuroSAT_RGB/HerbaceousVegetation/HerbaceousVegetation_2706.jpg,HerbaceousVegetation,2
datasets/eurosat/EuroSAT_RGB/HerbaceousVegetation/HerbaceousVegetation_2708.jpg,HerbaceousVegetation,2
datasets/eurosat/EuroSAT_RGB/HerbaceousVegetation/HerbaceousVegetation_2727.jpg,HerbaceousVegetation,2
datasets/eurosat/EuroSAT_RGB/HerbaceousVegetation/HerbaceousVegetation_2736.jpg,HerbaceousVegetation,2
datasets/eurosat/EuroSAT_RGB/HerbaceousVegetation/HerbaceousVegetation_2739.jpg,HerbaceousVegetation,2
datasets/eurosat/EuroSAT_RGB/HerbaceousVegetation/HerbaceousVegetation_274.jpg,HerbaceousVegetation,2
datasets/eurosat/EuroSAT_RGB/HerbaceousVegetation/HerbaceousVegetation_277.jpg,HerbaceousVegetation,2
datasets/eurosat/EuroSAT_RGB/HerbaceousVegetation/HerbaceousVegetation_2783.jpg,HerbaceousVegetation,2
datasets/eurosat/EuroSAT_RGB/HerbaceousVegetation/HerbaceousVegetation_2787.jpg,HerbaceousVegetation,2
datasets/eurosat/EuroSAT_RGB/HerbaceousVegetation/HerbaceousVegetation_2793.jpg,HerbaceousVegetation,2
datasets/eurosat/EuroSAT_RGB/HerbaceousVegetation/HerbaceousVegetation_2806.jpg,HerbaceousVegetation,2
datasets/eurosat/EuroSAT_RGB/HerbaceousVegetation/HerbaceousVegetation_2839.jpg,HerbaceousVegetation,2
datasets/eurosat/EuroSAT_RGB/HerbaceousVegetation/HerbaceousVegetation_284.jpg,HerbaceousVegetation,2
datasets/eurosat/EuroSAT_RGB/HerbaceousVegetation/HerbaceousVegetation_2848.jpg,HerbaceousVegetation,2
datasets/eurosat/EuroSAT_RGB/HerbaceousVegetation/HerbaceousVegetation_2849.jpg,HerbaceousVegetation,2
datasets/eurosat/EuroSAT_RGB/HerbaceousVegetation/HerbaceousVegetation_285.jpg,HerbaceousVegetation,2
datasets/eurosat/EuroSAT_RGB/HerbaceousVegetation/HerbaceousVegetation_2857.jpg,HerbaceousVegetation,2
datasets/eurosat/EuroSAT_RGB/HerbaceousVegetation/HerbaceousVegetation_286.jpg,HerbaceousVegetation,2
datasets/eurosat/EuroSAT_RGB/HerbaceousVegetation/HerbaceousVegetation_2868.jpg,HerbaceousVegetation,2
datasets/eurosat/EuroSAT_RGB/HerbaceousVegetation/HerbaceousVegetation_2872.jpg,HerbaceousVegetation,2
datasets/eurosat/EuroSAT_RGB/HerbaceousVegetation/HerbaceousVegetation_2879.jpg,HerbaceousVegetation,2
datasets/eurosat/EuroSAT_RGB/HerbaceousVegetation/HerbaceousVegetation_2880.jpg,HerbaceousVegetation,2
datasets/eurosat/EuroSAT_RGB/HerbaceousVegetation/HerbaceousVegetation_29.jpg,HerbaceousVegetation,2
datasets/eurosat/EuroSAT_RGB/HerbaceousVegetation/HerbaceousVegetation_2900.jpg,HerbaceousVegetation,2
datasets/eurosat/EuroSAT_RGB/HerbaceousVegetation/HerbaceousVegetation_2923.jpg,HerbaceousVegetation,2
datasets/eurosat/EuroSAT_RGB/HerbaceousVegetation/HerbaceousVegetation_2940.jpg,HerbaceousVegetation,2
datasets/eurosat/EuroSAT_RGB/HerbaceousVegetation/HerbaceousVegetation_2946.jpg,HerbaceousVegetation,2
datasets/eurosat/EuroSAT_RGB/HerbaceousVegetation/HerbaceousVegetation_2951.jpg,HerbaceousVegetation,2
datasets/eurosat/EuroSAT_RGB/HerbaceousVegetation/HerbaceousVegetation_297.jpg,HerbaceousVegetation,2
datasets/eurosat/EuroSAT_RGB/HerbaceousVegetation/HerbaceousVegetation_298.jpg,HerbaceousVegetation,2
datasets/eurosat/EuroSAT_RGB/HerbaceousVegetation/HerbaceousVegetation_2991.jpg,HerbaceousVegetation,2
datasets/eurosat/EuroSAT_RGB/HerbaceousVegetation/HerbaceousVegetation_300.jpg,HerbaceousVegetation,2
datasets/eurosat/EuroSAT_RGB/HerbaceousVegetation/HerbaceousVegetation_315.jpg,HerbaceousVegetation,2
datasets/eurosat/EuroSAT_RGB/HerbaceousVegetation/HerbaceousVegetation_327.jpg,HerbaceousVegetation,2
datasets/eurosat/EuroSAT_RGB/HerbaceousVegetation/HerbaceousVegetation_328.jpg,HerbaceousVegetation,2
datasets/eurosat/EuroSAT_RGB/HerbaceousVegetation/HerbaceousVegetation_331.jpg,HerbaceousVegetation,2
datasets/eurosat/EuroSAT_RGB/HerbaceousVegetation/HerbaceousVegetation_345.jpg,HerbaceousVegetation,2
datasets/eurosat/EuroSAT_RGB/HerbaceousVegetation/HerbaceousVegetation_360.jpg,HerbaceousVegetation,2
datasets/eurosat/EuroSAT_RGB/HerbaceousVegetation/HerbaceousVegetation_425.jpg,HerbaceousVegetation,2
datasets/eurosat/EuroSAT_RGB/HerbaceousVegetation/HerbaceousVegetation_434.jpg,HerbaceousVegetation,2
datasets/eurosat/EuroSAT_RGB/HerbaceousVegetation/HerbaceousVegetation_442.jpg,HerbaceousVegetation,2
datasets/eurosat/EuroSAT_RGB/HerbaceousVegetation/HerbaceousVegetation_448.jpg,HerbaceousVegetation,2
datasets/eurosat/EuroSAT_RGB/HerbaceousVegetation/HerbaceousVegetation_457.jpg,HerbaceousVegetation,2
datasets/eurosat/EuroSAT_RGB/HerbaceousVegetation/HerbaceousVegetation_460.jpg,HerbaceousVegetation,2
datasets/eurosat/EuroSAT_RGB/HerbaceousVegetation/HerbaceousVegetation_471.jpg,HerbaceousVegetation,2
datasets/eurosat/EuroSAT_RGB/HerbaceousVegetation/HerbaceousVegetation_48.jpg,HerbaceousVegetation,2
datasets/eurosat/EuroSAT_RGB/HerbaceousVegetation/HerbaceousVegetation_480.jpg,HerbaceousVegetation,2
datasets/eurosat/EuroSAT_RGB/HerbaceousVegetation/HerbaceousVegetation_483.jpg,HerbaceousVegetation,2
datasets/eurosat/EuroSAT_RGB/HerbaceousVegetation/HerbaceousVegetation_495.jpg,HerbaceousVegetation,2
datasets/eurosat/EuroSAT_RGB/HerbaceousVegetation/HerbaceousVegetation_508.jpg,HerbaceousVegetation,2
datasets/eurosat/EuroSAT_RGB/HerbaceousVegetation/HerbaceousVegetation_517.jpg,HerbaceousVegetation,2
datasets/eurosat/EuroSAT_RGB/HerbaceousVegetation/HerbaceousVegetation_537.jpg,HerbaceousVegetation,2
datasets/eurosat/EuroSAT_RGB/HerbaceousVegetation/HerbaceousVegetation_543.jpg,HerbaceousVegetation,2
datasets/eurosat/EuroSAT_RGB/HerbaceousVegetation/HerbaceousVegetation_556.jpg,HerbaceousVegetation,2
datasets/eurosat/EuroSAT_RGB/HerbaceousVegetation/HerbaceousVegetation_567.jpg,HerbaceousVegetation,2
datasets/eurosat/EuroSAT_RGB/HerbaceousVegetation/HerbaceousVegetation_568.jpg,HerbaceousVegetation,2
datasets/eurosat/EuroSAT_RGB/HerbaceousVegetation/HerbaceousVegetation_585.jpg,HerbaceousVegetation,2
datasets/eurosat/EuroSAT_RGB/HerbaceousVegetation/HerbaceousVegetation_589.jpg,HerbaceousVegetation,2
datasets/eurosat/EuroSAT_RGB/HerbaceousVegetation/HerbaceousVegetation_626.jpg,HerbaceousVegetation,2
datasets/eurosat/EuroSAT_RGB/HerbaceousVegetation/HerbaceousVegetation_673.jpg,HerbaceousVegetation,2
datasets/eurosat/EuroSAT_RGB/HerbaceousVegetation/HerbaceousVegetation_679.jpg,HerbaceousVegetation,2
datasets/eurosat/EuroSAT_RGB/HerbaceousVegetation/HerbaceousVegetation_684.jpg,HerbaceousVegetation,2
datasets/eurosat/EuroSAT_RGB/HerbaceousVegetation/HerbaceousVegetation_708.jpg,HerbaceousVegetation,2
datasets/eurosat/EuroSAT_RGB/HerbaceousVegetation/HerbaceousVegetation_709.jpg,HerbaceousVegetation,2
datasets/eurosat/EuroSAT_RGB/HerbaceousVegetation/HerbaceousVegetation_72.jpg,HerbaceousVegetation,2
datasets/eurosat/EuroSAT_RGB/HerbaceousVegetation/HerbaceousVegetation_742.jpg,HerbaceousVegetation,2
datasets/eurosat/EuroSAT_RGB/HerbaceousVegetation/HerbaceousVegetation_769.jpg,HerbaceousVegetation,2
datasets/eurosat/EuroSAT_RGB/HerbaceousVegetation/HerbaceousVegetation_780.jpg,HerbaceousVegetation,2
datasets/eurosat/EuroSAT_RGB/HerbaceousVegetation/HerbaceousVegetation_787.jpg,HerbaceousVegetation,2
datasets/eurosat/EuroSAT_RGB/HerbaceousVegetation/HerbaceousVegetation_8.jpg,HerbaceousVegetation,2
datasets/eurosat/EuroSAT_RGB/HerbaceousVegetation/HerbaceousVegetation_806.jpg,HerbaceousVegetation,2
datasets/eurosat/EuroSAT_RGB/HerbaceousVegetation/HerbaceousVegetation_820.jpg,HerbaceousVegetation,2
datasets/eurosat/EuroSAT_RGB/HerbaceousVegetation/HerbaceousVegetation_83.jpg,HerbaceousVegetation,2
datasets/eurosat/EuroSAT_RGB/HerbaceousVegetation/HerbaceousVegetation_830.jpg,HerbaceousVegetation,2
datasets/eurosat/EuroSAT_RGB/HerbaceousVegetation/HerbaceousVegetation_848.jpg,HerbaceousVegetation,2
datasets/eurosat/EuroSAT_RGB/HerbaceousVegetation/HerbaceousVegetation_872.jpg,HerbaceousVegetation,2
datasets/eurosat/EuroSAT_RGB/HerbaceousVegetation/HerbaceousVegetation_886.jpg,HerbaceousVegetation,2
datasets/eurosat/EuroSAT_RGB/HerbaceousVegetation/HerbaceousVegetation_9.jpg,HerbaceousVegetation,2
datasets/eurosat/EuroSAT_RGB/HerbaceousVegetation/HerbaceousVegetation_923.jpg,HerbaceousVegetation,2
datasets/eurosat/EuroSAT_RGB/HerbaceousVegetation/HerbaceousVegetation_965.jpg,HerbaceousVegetation,2
datasets/eurosat/EuroSAT_RGB/HerbaceousVegetation/HerbaceousVegetation_967.jpg,HerbaceousVegetation,2
datasets/eurosat/EuroSAT_RGB/HerbaceousVegetation/HerbaceousVegetation_994.jpg,HerbaceousVegetation,2
datasets/eurosat/EuroSAT_RGB/Highway/Highway_1026.jpg,Highway,3
datasets/eurosat/EuroSAT_RGB/Highway/Highway_1033.jpg,Highway,3
datasets/eurosat/EuroSAT_RGB/Highway/Highway_1035.jpg,Highway,3
datasets/eurosat/EuroSAT_RGB/Highway/Highway_1038.jpg,Highway,3
datasets/eurosat/EuroSAT_RGB/Highway/Highway_1050.jpg,Highway,3
datasets/eurosat/EuroSAT_RGB/Highway/Highway_1056.jpg,Highway,3
datasets/eurosat/EuroSAT_RGB/Highway/Highway_1069.jpg,Highway,3
datasets/eurosat/EuroSAT_RGB/Highway/Highway_1076.jpg,Highway,3
datasets/eurosat/EuroSAT_RGB/Highway/Highway_1083.jpg,Highway,3
datasets/eurosat/EuroSAT_RGB/Highway/Highway_1084.jpg,Highway,3
datasets/eurosat/EuroSAT_RGB/Highway/Highway_1087.jpg,Highway,3
datasets/eurosat/EuroSAT_RGB/Highway/Highway_1090.jpg,Highway,3
datasets/eurosat/EuroSAT_RGB/Highway/Highway_1095.jpg,Highway,3
datasets/eurosat/EuroSAT_RGB/Highway/Highway_1120.jpg,Highway,3
datasets/eurosat/EuroSAT_RGB/Highway/Highway_1136.jpg,Highway,3
datasets/eurosat/EuroSAT_RGB/Highway/Highway_1138.jpg,Highway,3
datasets/eurosat/EuroSAT_RGB/Highway/Highway_1141.jpg,Highway,3
datasets/eurosat/EuroSAT_RGB/Highway/Highway_1162.jpg,Highway,3
datasets/eurosat/EuroSAT_RGB/Highway/Highway_1200.jpg,Highway,3
datasets/eurosat/EuroSAT_RGB/Highway/Highway_1207.jpg,Highway,3
datasets/eurosat/EuroSAT_RGB/Highway/Highway_1221.jpg,Highway,3
datasets/eurosat/EuroSAT_RGB/Highway/Highway_1224.jpg,Highway,3
datasets/eurosat/EuroSAT_RGB/Highway/Highway_1233.jpg,Highway,3
datasets/eurosat/EuroSAT_RGB/Highway/Highway_1243.jpg,Highway,3
datasets/eurosat/EuroSAT_RGB/Highway/Highway_1252.jpg,Highway,3
datasets/eurosat/EuroSAT_RGB/Highway/Highway_1254.jpg,Highway,3
datasets/eurosat/EuroSAT_RGB/Highway/Highway_1264.jpg,Highway,3
datasets/eurosat/EuroSAT_RGB/Highway/Highway_1288.jpg,Highway,3
datasets/eurosat/EuroSAT_RGB/Highway/Highway_1291.jpg,Highway,3
datasets/eurosat/EuroSAT_RGB/Highway/Highway_1302.jpg,Highway,3
datasets/eurosat/EuroSAT_RGB/Highway/Highway_1307.jpg,Highway,3
datasets/eurosat/EuroSAT_RGB/Highway/Highway_1310.jpg,Highway,3
datasets/eurosat/EuroSAT_RGB/Highway/Highway_1322.jpg,Highway,3
datasets/eurosat/EuroSAT_RGB/Highway/Highway_1370.jpg,Highway,3
datasets/eurosat/EuroSAT_RGB/Highway/Highway_1371.jpg,Highway,3
datasets/eurosat/EuroSAT_RGB/Highway/Highway_1404.jpg,Highway,3
datasets/eurosat/EuroSAT_RGB/Highway/Highway_1406.jpg,Highway,3
datasets/eurosat/EuroSAT_RGB/Highway/Highway_1413.jpg,Highway,3
datasets/eurosat/EuroSAT_RGB/Highway/Highway_1426.jpg,Highway,3
datasets/eurosat/EuroSAT_RGB/Highway/Highway_1428.jpg,Highway,3
datasets/eurosat/EuroSAT_RGB/Highway/Highway_1434.jpg,Highway,3
datasets/eurosat/EuroSAT_RGB/Highway/Highway_1451.jpg,Highway,3
datasets/eurosat/EuroSAT_RGB/Highway/Highway_1453.jpg,Highway,3
datasets/eurosat/EuroSAT_RGB/Highway/Highway_1458.jpg,Highway,3
datasets/eurosat/EuroSAT_RGB/Highway/Highway_147.jpg,Highway,3
datasets/eurosat/EuroSAT_RGB/Highway/Highway_1471.jpg,Highway,3
datasets/eurosat/EuroSAT_RGB/Highway/Highway_1500.jpg,Highway,3
datasets/eurosat/EuroSAT_RGB/Highway/Highway_1511.jpg,Highway,3
datasets/eurosat/EuroSAT_RGB/Highway/Highway_1514.jpg,Highway,3
datasets/eurosat/EuroSAT_RGB/Highway/Highway_1525.jpg,Highway,3
datasets/eurosat/EuroSAT_RGB/Highway/Highway_1528.jpg,Highway,3
datasets/eurosat/EuroSAT_RGB/Highway/Highway_1537.jpg,Highway,3
datasets/eurosat/EuroSAT_RGB/Highway/Highway_1542.jpg,Highway,3
datasets/eurosat/EuroSAT_RGB/Highway/Highway_157.jpg,Highway,3
datasets/eurosat/EuroSAT_RGB/Highway/Highway_1581.jpg,Highway,3
datasets/eurosat/EuroSAT_RGB/Highway/Highway_1599.jpg,Highway,3
datasets/eurosat/EuroSAT_RGB/Highway/Highway_1608.jpg,Highway,3
datasets/eurosat/EuroSAT_RGB/Highway/Highway_1617.jpg,Highway,3
datasets/eurosat/EuroSAT_RGB/Highway/Highway_1620.jpg,Highway,3
datasets/eurosat/EuroSAT_RGB/Highway/Highway_165.jpg,Highway,3
datasets/eurosat/EuroSAT_RGB/Highway/Highway_1664.jpg,Highway,3
datasets/eurosat/EuroSAT_RGB/Highway/Highway_1665.jpg,Highway,3
datasets/eurosat/EuroSAT_RGB/Highway/Highway_1672.jpg,Highway,3
datasets/eurosat/EuroSAT_RGB/Highway/Highway_1683.jpg,Highway,3
datasets/eurosat/EuroSAT_RGB/Highway/Highway_1694.jpg,Highway,3
datasets/eurosat/EuroSAT_RGB/Highway/Highway_1696.jpg,Highway,3
datasets/eurosat/EuroSAT_RGB/Highway/Highway_1740.jpg,Highway,3
datasets/eurosat/EuroSAT_RGB/Highway/Highway_1741.jpg,Highway,3
datasets/eurosat/EuroSAT_RGB/Highway/Highway_1743.jpg,Highway,3
datasets/eurosat/EuroSAT_RGB/Highway/Highway_1755.jpg,Highway,3
datasets/eurosat/EuroSAT_RGB/Highway/Highway_1759.jpg,Highway,3
datasets/eurosat/EuroSAT_RGB/Highway/Highway_1760.jpg,Highway,3
datasets/eurosat/EuroSAT_RGB/Highway/Highway_1779.jpg,Highway,3
datasets/eurosat/EuroSAT_RGB/Highway/Highway_1791.jpg,Highway,3
datasets/eurosat/EuroSAT_RGB/Highway/Highway_1795.jpg,Highway,3
datasets/eurosat/EuroSAT_RGB/Highway/Highway_1806.jpg,Highway,3
datasets/eurosat/EuroSAT_RGB/Highway/Highway_1828.jpg,Highway,3
datasets/eurosat/EuroSAT_RGB/Highway/Highway_1852.jpg,Highway,3
datasets/eurosat/EuroSAT_RGB/Highway/Highway_1857.jpg,Highway,3
datasets/eurosat/EuroSAT_RGB/Highway/Highway_1863.jpg,Highway,3
datasets/eurosat/EuroSAT_RGB/Highway/Highway_1864.jpg,Highway,3
datasets/eurosat/EuroSAT_RGB/Highway/Highway_1887.jpg,Highway,3
datasets/eurosat/EuroSAT_RGB/Highway/Highway_1897.jpg,Highway,3
datasets/eurosat/EuroSAT_RGB/Highway/Highway_1930.jpg,Highway,3
datasets/eurosat/EuroSAT_RGB/Highway/Highway_1947.jpg,Highway,3
datasets/eurosat/EuroSAT_RGB/Highway/Highway_1985.jpg,Highway,3
datasets/eurosat/EuroSAT_RGB/Highway/Highway_2029.jpg,Highway,3
datasets/eurosat/EuroSAT_RGB/Highway/Highway_2031.jpg,Highway,3
datasets/eurosat/EuroSAT_RGB/Highway/Highway_2045.jpg,Highway,3
datasets/eurosat/EuroSAT_RGB/Highway/Highway_2047.jpg,Highway,3
datasets/eurosat/EuroSAT_RGB/Highway/Highway_2048.jpg,Highway,3
datasets/eurosat/EuroSAT_RGB/Highway/Highway_2083.jpg,Highway,3
datasets/eurosat/EuroSAT_RGB/Highway/Highway_2099.jpg,Highway,3
datasets/eurosat/EuroSAT_RGB/Highway/Highway_211.jpg,Highway,3
datasets/eurosat/EuroSAT_RGB/Highway/Highway_2110.jpg,Highway,3
datasets/eurosat/EuroSAT_RGB/Highway/Highway_2113.jpg,Highway,3
datasets/eurosat/EuroSAT_RGB/Highway/Highway_2127.jpg,Highway,3
datasets/eurosat/EuroSAT_RGB/Highway/Highway_2146.jpg,Highway,3
datasets/eurosat/EuroSAT_RGB/Highway/Highway_2151.jpg,Highway,3
datasets/eurosat/EuroSAT_RGB/Highway/Highway_2169.jpg,Highway,3
datasets/eurosat/EuroSAT_RGB/Highway/Highway_2186.jpg,Highway,3
datasets/eurosat/EuroSAT_RGB/Highway/Highway_2199.jpg,Highway,3
datasets/eurosat/EuroSAT_RGB/Highway/Highway_2225.jpg,Highway,3
datasets/eurosat/EuroSAT_RGB/Highway/Highway_2240.jpg,Highway,3
datasets/eurosat/EuroSAT_RGB/Highway/Highway_2259.jpg,Highway,3
datasets/eurosat/EuroSAT_RGB/Highway/Highway_2286.jpg,Highway,3
datasets/eurosat/EuroSAT_RGB/Highway/Highway_2287.jpg,Highway,3
datasets/eurosat/EuroSAT_RGB/Highway/Highway_2289.jpg,Highway,3
datasets/eurosat/EuroSAT_RGB/Highway/Highway_2299.jpg,Highway,3
datasets/eurosat/EuroSAT_RGB/Highway/Highway_2301.jpg,Highway,3
datasets/eurosat/EuroSAT_RGB/Highway/Highway_2313.jpg,Highway,3
datasets/eurosat/EuroSAT_RGB/Highway/Highway_2314.jpg,Highway,3
datasets/eurosat/EuroSAT_RGB/Highway/Highway_2327.jpg,Highway,3
datasets/eurosat/EuroSAT_RGB/Highway/Highway_2332.jpg,Highway,3
datasets/eurosat/EuroSAT_RGB/Highway/Highway_2339.jpg,Highway,3
datasets/eurosat/EuroSAT_RGB/Highway/Highway_2349.jpg,Highway,3
datasets/eurosat/EuroSAT_RGB/Highway/Highway_2353.jpg,Highway,3
datasets/eurosat/EuroSAT_RGB/Highway/Highway_2393.jpg,Highway,3
datasets/eurosat/EuroSAT_RGB/Highway/Highway_240.jpg,Highway,3
datasets/eurosat/EuroSAT_RGB/Highway/Highway_2415.jpg,Highway,3
datasets/eurosat/EuroSAT_RGB/Highway/Highway_2426.jpg,Highway,3
datasets/eurosat/EuroSAT_RGB/Highway/Highway_2440.jpg,Highway,3
datasets/eurosat/EuroSAT_RGB/Highway/Highway_2444.jpg,Highway,3
datasets/eurosat/EuroSAT_RGB/Highway/Highway_2451.jpg,Highway,3
datasets/eurosat/EuroSAT_RGB/Highway/Highway_2454.jpg,Highway,3
datasets/eurosat/EuroSAT_RGB/Highway/Highway_2457.jpg,Highway,3
datasets/eurosat/EuroSAT_RGB/Highway/Highway_2468.jpg,Highway,3
datasets/eurosat/EuroSAT_RGB/Highway/Highway_2469.jpg,Highway,3
datasets/eurosat/EuroSAT_RGB/Highway/Highway_2470.jpg,Highway,3
datasets/eurosat/EuroSAT_RGB/Highway/Highway_2486.jpg,Highway,3
datasets/eurosat/EuroSAT_RGB/Highway/Highway_2500.jpg,Highway,3
datasets/eurosat/EuroSAT_RGB/Highway/Highway_251.jpg,Highway,3
datasets/eurosat/EuroSAT_RGB/Highway/Highway_256.jpg,Highway,3
datasets/eurosat/EuroSAT_RGB/Highway/Highway_262.jpg,Highway,3
datasets/eurosat/EuroSAT_RGB/Highway/Highway_265.jpg,Highway,3
datasets/eurosat/EuroSAT_RGB/Highway/Highway_287.jpg,Highway,3
datasets/eurosat/EuroSAT_RGB/Highway/Highway_288.jpg,Highway,3
datasets/eurosat/EuroSAT_RGB/Highway/Highway_291.jpg,Highway,3
datasets/eurosat/EuroSAT_RGB/Highway/Highway_312.jpg,Highway,3
datasets/eurosat/EuroSAT_RGB/Highway/Highway_326.jpg,Highway,3
datasets/eurosat/EuroSAT_RGB/Highway/Highway_340.jpg,Highway,3
datasets/eurosat/EuroSAT_RGB/Highway/Highway_357.jpg,Highway,3
datasets/eurosat/EuroSAT_RGB/Highway/Highway_364.jpg,Highway,3
datasets/eurosat/EuroSAT_RGB/Highway/Highway_367.jpg,Highway,3
datasets/eurosat/EuroSAT_RGB/Highway/Highway_397.jpg,Highway,3
datasets/eurosat/EuroSAT_RGB/Highway/Highway_401.jpg,Highway,3
datasets/eurosat/EuroSAT_RGB/Highway/Highway_457.jpg,Highway,3
datasets/eurosat/EuroSAT_RGB/Highway/Highway_466.jpg,Highway,3
datasets/eurosat/EuroSAT_RGB/Highway/Highway_468.jpg,Highway,3
datasets/eurosat/EuroSAT_RGB/Highway/Highway_481.jpg,Highway,3
datasets/eurosat/EuroSAT_RGB/Highway/Highway_482.jpg,Highway,3
datasets/eurosat/EuroSAT_RGB/Highway/Highway_490.jpg,Highway,3
datasets/eurosat/EuroSAT_RGB/Highway/Highway_501.jpg,Highway,3
datasets/eurosat/EuroSAT_RGB/Highway/Highway_512.jpg,Highway,3
datasets/eurosat/EuroSAT_RGB/Highway/Highway_52.jpg,Highway,3
datasets/eurosat/EuroSAT_RGB/Highway/Highway_521.jpg,Highway,3
datasets/eurosat/EuroSAT_RGB/Highway/Highway_546.jpg,Highway,3
datasets/eurosat/EuroSAT_RGB/Highway/Highway_547.jpg,Highway,3
datasets/eurosat/EuroSAT_RGB/Highway/Highway_590.jpg,Highway,3
datasets/eurosat/EuroSAT_RGB/Highway/Highway_612.jpg,Highway,3
datasets/eurosat/EuroSAT_RGB/Highway/Highway_627.jpg,Highway,3
datasets/eurosat/EuroSAT_RGB/Highway/Highway_636.jpg,Highway,3
datasets/eurosat/EuroSAT_RGB/Highway/Highway_638.jpg,Highway,3
datasets/eurosat/EuroSAT_RGB/Highway/Highway_644.jpg,Highway,3
datasets/eurosat/EuroSAT_RGB/Highway/Highway_653.jpg,Highway,3
datasets/eurosat/EuroSAT_RGB/Highway/Highway_666.jpg,Highway,3
datasets/eurosat/EuroSAT_RGB/Highway/Highway_69.jpg,Highway,3
datasets/eurosat/EuroSAT_RGB/Highway/Highway_699.jpg,Highway,3
datasets/eurosat/EuroSAT_RGB/Highway/Highway_707.jpg,Highway,3
datasets/eurosat/EuroSAT_RGB/Highway/Highway_712.jpg,Highway,3
datasets/eurosat/EuroSAT_RGB/Highway/Highway_713.jpg,Highway,3
datasets/eurosat/EuroSAT_RGB/Highway/Highway_722.jpg,Highway,3
datasets/eurosat/EuroSAT_RGB/Highway/Highway_724.jpg,Highway,3
datasets/eurosat/EuroSAT_RGB/Highway/Highway_738.jpg,Highway,3
datasets/eurosat/EuroSAT_RGB/Highway/Highway_752.jpg,Highway,3
datasets/eurosat/EuroSAT_RGB/Highway/Highway_759.jpg,Highway,3
datasets/eurosat/EuroSAT_RGB/Highway/Highway_799.jpg,Highway,3
datasets/eurosat/EuroSAT_RGB/Highway/Highway_81.jpg,Highway,3
datasets/eurosat/EuroSAT_RGB/Highway/Highway_82.jpg,Highway,3
datasets/eurosat/EuroSAT_RGB/Highway/Highway_824.jpg,Highway,3
datasets/eurosat/EuroSAT_RGB/Highway/Highway_839.jpg,Highway,3
datasets/eurosat/EuroSAT_RGB/Highway/Highway_847.jpg,Highway,3
datasets/eurosat/EuroSAT_RGB/Highway/Highway_850.jpg,Highway,3
datasets/eurosat/EuroSAT_RGB/Highway/Highway_866.jpg,Highway,3
datasets/eurosat/EuroSAT_RGB/Highway/Highway_874.jpg,Highway,3
datasets/eurosat/EuroSAT_RGB/Highway/Highway_892.jpg,Highway,3
datasets/eurosat/EuroSAT_RGB/Highway/Highway_898.jpg,Highway,3
datasets/eurosat/EuroSAT_RGB/Highway/Highway_903.jpg,Highway,3
datasets/eurosat/EuroSAT_RGB/Highway/Highway_906.jpg,Highway,3
datasets/eurosat/EuroSAT_RGB/Highway/Highway_910.jpg,Highway,3
datasets/eurosat/EuroSAT_RGB/Highway/Highway_922.jpg,Highway,3
datasets/eurosat/EuroSAT_RGB/Highway/Highway_928.jpg,Highway,3
datasets/eurosat/EuroSAT_RGB/Highway/Highway_94.jpg,Highway,3
datasets/eurosat/EuroSAT_RGB/Highway/Highway_946.jpg,Highway,3
datasets/eurosat/EuroSAT_RGB/Highway/Highway_955.jpg,Highway,3
datasets/eurosat/EuroSAT_RGB/Highway/Highway_969.jpg,Highway,3
datasets/eurosat/EuroSAT_RGB/Highway/Highway_970.jpg,Highway,3
datasets/eurosat/EuroSAT_RGB/Highway/Highway_973.jpg,Highway,3
datasets/eurosat/EuroSAT_RGB/Highway/Highway_975.jpg,Highway,3
datasets/eurosat/EuroSAT_RGB/Highway/Highway_990.jpg,Highway,3
datasets/eurosat/EuroSAT_RGB/Industrial/Industrial_1028.jpg,Industrial,4
datasets/eurosat/EuroSAT_RGB/Industrial/Industrial_1034.jpg,Industrial,4
datasets/eurosat/EuroSAT_RGB/Industrial/Industrial_1035.jpg,Industrial,4
datasets/eurosat/EuroSAT_RGB/Industrial/Industrial_1038.jpg,Industrial,4
datasets/eurosat/EuroSAT_RGB/Industrial/Industrial_1054.jpg,Industrial,4
datasets/eurosat/EuroSAT_RGB/Industrial/Industrial_1059.jpg,Industrial,4
datasets/eurosat/EuroSAT_RGB/Industrial/Industrial_1070.jpg,Industrial,4
datasets/eurosat/EuroSAT_RGB/Industrial/Industrial_1077.jpg,Industrial,4
datasets/eurosat/EuroSAT_RGB/Industrial/Industrial_1082.jpg,Industrial,4
datasets/eurosat/EuroSAT_RGB/Industrial/Industrial_1087.jpg,Industrial,4
datasets/eurosat/EuroSAT_RGB/Industrial/Industrial_1090.jpg,Industrial,4
datasets/eurosat/EuroSAT_RGB/Industrial/Industrial_1096.jpg,Industrial,4
datasets/eurosat/EuroSAT_RGB/Industrial/Industrial_1100.jpg,Industrial,4
datasets/eurosat/EuroSAT_RGB/Industrial/Industrial_1125.jpg,Industrial,4
datasets/eurosat/EuroSAT_RGB/Industrial/Industrial_1135.jpg,Industrial,4
datasets/eurosat/EuroSAT_RGB/Industrial/Industrial_1138.jpg,Industrial,4
datasets/eurosat/EuroSAT_RGB/Industrial/Industrial_1143.jpg,Industrial,4
datasets/eurosat/EuroSAT_RGB/Industrial/Industrial_1168.jpg,Industrial,4
datasets/eurosat/EuroSAT_RGB/Industrial/Industrial_1204.jpg,Industrial,4
datasets/eurosat/EuroSAT_RGB/Industrial/Industrial_1214.jpg,Industrial,4
datasets/eurosat/EuroSAT_RGB/Industrial/Industrial_1236.jpg,Industrial,4
datasets/eurosat/EuroSAT_RGB/Industrial/Industrial_1239.jpg,Industrial,4
datasets/eurosat/EuroSAT_RGB/Industrial/Industrial_1249.jpg,Industrial,4
datasets/eurosat/EuroSAT_RGB/Industrial/Industrial_1256.jpg,Industrial,4
datasets/eurosat/EuroSAT_RGB/Industrial/Industrial_1265.jpg,Industrial,4
datasets/eurosat/EuroSAT_RGB/Industrial/Industrial_1267.jpg,Industrial,4
datasets/eurosat/EuroSAT_RGB/Industrial/Industrial_1277.jpg,Industrial,4
datasets/eurosat/EuroSAT_RGB/Industrial/Industrial_1301.jpg,Industrial,4
datasets/eurosat/EuroSAT_RGB/Industrial/Industrial_1303.jpg,Industrial,4
datasets/eurosat/EuroSAT_RGB/Industrial/Industrial_1316.jpg,Industrial,4
datasets/eurosat/EuroSAT_RGB/Industrial/Industrial_132.jpg,Industrial,4
datasets/eurosat/EuroSAT_RGB/Industrial/Industrial_1322.jpg,Industrial,4
datasets/eurosat/EuroSAT_RGB/Industrial/Industrial_1332.jpg,Industrial,4
datasets/eurosat/EuroSAT_RGB/Industrial/Industrial_1377.jpg,Industrial,4
datasets/eurosat/EuroSAT_RGB/Industrial/Industrial_1378.jpg,Industrial,4
datasets/eurosat/EuroSAT_RGB/Industrial/Industrial_1404.jpg,Industrial,4
datasets/eurosat/EuroSAT_RGB/Industrial/Industrial_1406.jpg,Industrial,4
datasets/eurosat/EuroSAT_RGB/Industrial/Industrial_1417.jpg,Industrial,4
datasets/eurosat/EuroSAT_RGB/Industrial/Industrial_1427.jpg,Industrial,4
datasets/eurosat/EuroSAT_RGB/Industrial/Industrial_1429.jpg,Industrial,4
datasets/eurosat/EuroSAT_RGB/Industrial/Industrial_1437.jpg,Industrial,4
datasets/eurosat/EuroSAT_RGB/Industrial/Industrial_146.jpg,Industrial,4
datasets/eurosat/EuroSAT_RGB/Industrial/Industrial_1462.jpg,Industrial,4
datasets/eurosat/EuroSAT_RGB/Industrial/Industrial_1469.jpg,Industrial,4
datasets/eurosat/EuroSAT_RGB/Industrial/Industrial_1484.jpg,Industrial,4
datasets/eurosat/EuroSAT_RGB/Industrial/Industrial_1487.jpg,Industrial,4
datasets/eurosat/EuroSAT_RGB/Industrial/Industrial_1525.jpg,Industrial,4
datasets/eurosat/EuroSAT_RGB/Industrial/Industrial_154.jpg,Industrial,4
datasets/eurosat/EuroSAT_RGB/Industrial/Industrial_1543.jpg,Industrial,4
datasets/eurosat/EuroSAT_RGB/Industrial/Industrial_1552.jpg,Industrial,4
datasets/eurosat/EuroSAT_RGB/Industrial/Industrial_1555.jpg,Industrial,4
datasets/eurosat/EuroSAT_RGB/Industrial/Industrial_1561.jpg,Industrial,4
datasets/eurosat/EuroSAT_RGB/Industrial/Industrial_1564.jpg,Industrial,4
datasets/eurosat/EuroSAT_RGB/Industrial/Industrial_1595.jpg,Industrial,4
datasets/eurosat/EuroSAT_RGB/Industrial/Industrial_1609.jpg,Industrial,4
datasets/eurosat/EuroSAT_RGB/Industrial/Industrial_1625.jpg,Industrial,4
datasets/eurosat/EuroSAT_RGB/Industrial/Industrial_1634.jpg,Industrial,4
datasets/eurosat/EuroSAT_RGB/Industrial/Industrial_1646.jpg,Industrial,4
datasets/eurosat/EuroSAT_RGB/Industrial/Industrial_165.jpg,Industrial,4
datasets/eurosat/EuroSAT_RGB/Industrial/Industrial_1678.jpg,Industrial,4
datasets/eurosat/EuroSAT_RGB/Industrial/Industrial_1690.jpg,Industrial,4
datasets/eurosat/EuroSAT_RGB/Industrial/Industrial_1691.jpg,Industrial,4
datasets/eurosat/EuroSAT_RGB/Industrial/Industrial_1696.jpg,Industrial,4
datasets/eurosat/EuroSAT_RGB/Industrial/Industrial_171.jpg,Industrial,4
datasets/eurosat/EuroSAT_RGB/Industrial/Industrial_172.jpg,Industrial,4
datasets/eurosat/EuroSAT_RGB/Industrial/Industrial_1721.jpg,Industrial,4
datasets/eurosat/EuroSAT_RGB/Industrial/Industrial_1760.jpg,Industrial,4
datasets/eurosat/EuroSAT_RGB/Industrial/Industrial_1763.jpg,Industrial,4
datasets/eurosat/EuroSAT_RGB/Industrial/Industrial_1764.jpg,Industrial,4
datasets/eurosat/EuroSAT_RGB/Industrial/Industrial_1774.jpg,Industrial,4
datasets/eurosat/EuroSAT_RGB/Industrial/Industrial_178.jpg,Industrial,4
datasets/eurosat/EuroSAT_RGB/Industrial/Industrial_1781.jpg,Industrial,4
datasets/eurosat/EuroSAT_RGB/Industrial/Industrial_1796.jpg,Industrial,4
datasets/eurosat/EuroSAT_RGB/Industrial/Industrial_1803.jpg,Industrial,4
datasets/eurosat/EuroSAT_RGB/Industrial/Industrial_1809.jpg,Industrial,4
datasets/eurosat/EuroSAT_RGB/Industrial/Industrial_182.jpg,Industrial,4
datasets/eurosat/EuroSAT_RGB/Industrial/Industrial_1842.jpg,Industrial,4
datasets/eurosat/EuroSAT_RGB/Industrial/Industrial_1865.jpg,Industrial,4
datasets/eurosat/EuroSAT_RGB/Industrial/Industrial_1872.jpg,Industrial,4
datasets/eurosat/EuroSAT_RGB/Industrial/Industrial_1879.jpg,Industrial,4
datasets/eurosat/EuroSAT_RGB/Industrial/Industrial_1883.jpg,Industrial,4
datasets/eurosat/EuroSAT_RGB/Industrial/Industrial_1903.jpg,Industrial,4
datasets/eurosat/EuroSAT_RGB/Industrial/Industrial_191.jpg,Industrial,4
datasets/eurosat/EuroSAT_RGB/Industrial/Industrial_1947.jpg,Industrial,4
datasets/eurosat/EuroSAT_RGB/Industrial/Industrial_1966.jpg,Industrial,4
datasets/eurosat/EuroSAT_RGB/Industrial/Industrial_200.jpg,Industrial,4
datasets/eurosat/EuroSAT_RGB/Industrial/Industrial_2045.jpg,Industrial,4
datasets/eurosat/EuroSAT_RGB/Industrial/Industrial_2050.jpg,Industrial,4
datasets/eurosat/EuroSAT_RGB/Industrial/Industrial_2058.jpg,Industrial,4
datasets/eurosat/EuroSAT_RGB/Industrial/Industrial_2059.jpg,Industrial,4
datasets/eurosat/EuroSAT_RGB/Industrial/Industrial_2060.jpg,Industrial,4
datasets/eurosat/EuroSAT_RGB/Industrial/Industrial_2095.jpg,Industrial,4
datasets/eurosat/EuroSAT_RGB/Industrial/Industrial_2106.jpg,Industrial,4
datasets/eurosat/EuroSAT_RGB/Industrial/Industrial_2112.jpg,Industrial,4
datasets/eurosat/EuroSAT_RGB/Industrial/Industrial_2115.jpg,Industrial,4
datasets/eurosat/EuroSAT_RGB/Industrial/Industrial_2117.jpg,Industrial,4
datasets/eurosat/EuroSAT_RGB/Industrial/Industrial_2131.jpg,Industrial,4
datasets/eurosat/EuroSAT_RGB/Industrial/Industrial_2157.jpg,Industrial,4
datasets/eurosat/EuroSAT_RGB/Industrial/Industrial_216.jpg,Industrial,4
datasets/eurosat/EuroSAT_RGB/Industrial/Industrial_2173.jpg,Industrial,4
datasets/eurosat/EuroSAT_RGB/Industrial/Industrial_2183.jpg,Industrial,4
datasets/eurosat/EuroSAT_RGB/Industrial/Industrial_2194.jpg,Industrial,4
datasets/eurosat/EuroSAT_RGB/Industrial/Industrial_2214.jpg,Industrial,4
datasets/eurosat/EuroSAT_RGB/Industrial/Industrial_2226.jpg,Industrial,4
datasets/eurosat/EuroSAT_RGB/Industrial/Industrial_2240.jpg,Industrial,4
datasets/eurosat/EuroSAT_RGB/Industrial/Industrial_2265.jpg,Industrial,4
datasets/eurosat/EuroSAT_RGB/Industrial/Industrial_2267.jpg,Industrial,4
datasets/eurosat/EuroSAT_RGB/Industrial/Industrial_2268.jpg,Industrial,4
datasets/eurosat/EuroSAT_RGB/Industrial/Industrial_2277.jpg,Industrial,4
datasets/eurosat/EuroSAT_RGB/Industrial/Industrial_2280.jpg,Industrial,4
datasets/eurosat/EuroSAT_RGB/Industrial/Industrial_2292.jpg,Industrial,4
datasets/eurosat/EuroSAT_RGB/Industrial/Industrial_2293.jpg,Industrial,4
datasets/eurosat/EuroSAT_RGB/Industrial/Industrial_2306.jpg,Industrial,4
datasets/eurosat/EuroSAT_RGB/Industrial/Industrial_2311.jpg,Industrial,4
datasets/eurosat/EuroSAT_RGB/Industrial/Industrial_2317.jpg,Industrial,4
datasets/eurosat/EuroSAT_RGB/Industrial/Industrial_2327.jpg,Industrial,4
datasets/eurosat/EuroSAT_RGB/Industrial/Industrial_2333.jpg,Industrial,4
datasets/eurosat/EuroSAT_RGB/Industrial/Industrial_2388.jpg,Industrial,4
datasets/eurosat/EuroSAT_RGB/Industrial/Industrial_2397.jpg,Industrial,4
datasets/eurosat/EuroSAT_RGB/Industrial/Industrial_2414.jpg,Industrial,4
datasets/eurosat/EuroSAT_RGB/Industrial/Industrial_2429.jpg,Industrial,4
datasets/eurosat/EuroSAT_RGB/Industrial/Industrial_2446.jpg,Industrial,4
datasets/eurosat/EuroSAT_RGB/Industrial/Industrial_2449.jpg,Industrial,4
datasets/eurosat/EuroSAT_RGB/Industrial/Industrial_2453.jpg,Industrial,4
datasets/eurosat/EuroSAT_RGB/Industrial/Industrial_246.jpg,Industrial,4
datasets/eurosat/EuroSAT_RGB/Industrial/Industrial_2463.jpg,Industrial,4
datasets/eurosat/EuroSAT_RGB/Industrial/Industrial_2478.jpg,Industrial,4
datasets/eurosat/EuroSAT_RGB/Industrial/Industrial_248.jpg,Industrial,4
datasets/eurosat/EuroSAT_RGB/Industrial/Industrial_2482.jpg,Industrial,4
datasets/eurosat/EuroSAT_RGB/Industrial/Industrial_2495.jpg,Industrial,4
datasets/eurosat/EuroSAT_RGB/Industrial/Industrial_260.jpg,Industrial,4
datasets/eurosat/EuroSAT_RGB/Industrial/Industrial_261.jpg,Industrial,4
datasets/eurosat/EuroSAT_RGB/Industrial/Industrial_265.jpg,Industrial,4
datasets/eurosat/EuroSAT_RGB/Industrial/Industrial_270.jpg,Industrial,4
datasets/eurosat/EuroSAT_RGB/Industrial/Industrial_274.jpg,Industrial,4
datasets/eurosat/EuroSAT_RGB/Industrial/Industrial_294.jpg,Industrial,4
datasets/eurosat/EuroSAT_RGB/Industrial/Industrial_295.jpg,Industrial,4
datasets/eurosat/EuroSAT_RGB/Industrial/Industrial_300.jpg,Industrial,4
datasets/eurosat/EuroSAT_RGB/Industrial/Industrial_315.jpg,Industrial,4
datasets/eurosat/EuroSAT_RGB/Industrial/Industrial_327.jpg,Industrial,4
datasets/eurosat/EuroSAT_RGB/Industrial/Industrial_342.jpg,Industrial,4
datasets/eurosat/EuroSAT_RGB/Industrial/Industrial_354.jpg,Industrial,4
datasets/eurosat/EuroSAT_RGB/Industrial/Industrial_361.jpg,Industrial,4
datasets/eurosat/EuroSAT_RGB/Industrial/Industrial_365.jpg,Industrial,4
datasets/eurosat/EuroSAT_RGB/Industrial/Industrial_393.jpg,Industrial,4
datasets/eurosat/EuroSAT_RGB/Industrial/Industrial_396.jpg,Industrial,4
datasets/eurosat/EuroSAT_RGB/Industrial/Industrial_445.jpg,Industrial,4
datasets/eurosat/EuroSAT_RGB/Industrial/Industrial_457.jpg,Industrial,4
datasets/eurosat/EuroSAT_RGB/Industrial/Industrial_459.jpg,Industrial,4
datasets/eurosat/EuroSAT_RGB/Industrial/Industrial_475.jpg,Industrial,4
datasets/eurosat/EuroSAT_RGB/Industrial/Industrial_477.jpg,Industrial,4
datasets/eurosat/EuroSAT_RGB/Industrial/Industrial_489.jpg,Industrial,4
datasets/eurosat/EuroSAT_RGB/Industrial/Industrial_501.jpg,Industrial,4
datasets/eurosat/EuroSAT_RGB/Industrial/Industrial_514.jpg,Industrial,4
datasets/eurosat/EuroSAT_RGB/Industrial/Industrial_522.jpg,Industrial,4
datasets/eurosat/EuroSAT_RGB/Industrial/Industrial_525.jpg,Industrial,4
datasets/eurosat/EuroSAT_RGB/Industrial/Industrial_556.jpg,Industrial,4
datasets/eurosat/EuroSAT_RGB/Industrial/Industrial_56.jpg,Industrial,4
datasets/eurosat/EuroSAT_RGB/Industrial/Industrial_6.jpg,Industrial,4
datasets/eurosat/EuroSAT_RGB/Industrial/Industrial_62.jpg,Industrial,4
datasets/eurosat/EuroSAT_RGB/Industrial/Industrial_636.jpg,Industrial,4
datasets/eurosat/EuroSAT_RGB/Industrial/Industrial_641.jpg,Industrial,4
datasets/eurosat/EuroSAT_RGB/Industrial/Industrial_644.jpg,Industrial,4
datasets/eurosat/EuroSAT_RGB/Industrial/Industrial_651.jpg,Industrial,4
datasets/eurosat/EuroSAT_RGB/Industrial/Industrial_657.jpg,Industrial,4
datasets/eurosat/EuroSAT_RGB/Industrial/Industrial_667.jpg,Industrial,4
datasets/eurosat/EuroSAT_RGB/Industrial/Industrial_687.jpg,Industrial,4
datasets/eurosat/EuroSAT_RGB/Industrial/Industrial_697.jpg,Industrial,4
datasets/eurosat/EuroSAT_RGB/Industrial/Industrial_707.jpg,Industrial,4
datasets/eurosat/EuroSAT_RGB/Industrial/Industrial_714.jpg,Industrial,4
datasets/eurosat/EuroSAT_RGB/Industrial/Industrial_715.jpg,Industrial,4
datasets/eurosat/EuroSAT_RGB/Industrial/Industrial_728.jpg,Industrial,4
datasets/eurosat/EuroSAT_RGB/Industrial/Industrial_729.jpg,Industrial,4
datasets/eurosat/EuroSAT_RGB/Industrial/Industrial_742.jpg,Industrial,4
datasets/eurosat/EuroSAT_RGB/Industrial/Industrial_758.jpg,Industrial,4
datasets/eurosat/EuroSAT_RGB/Industrial/Industrial_762.jpg,Industrial,4
datasets/eurosat/EuroSAT_RGB/Industrial/Industrial_800.jpg,Industrial,4
datasets/eurosat/EuroSAT_RGB/Industrial/Industrial_811.jpg,Industrial,4
datasets/eurosat/EuroSAT_RGB/Industrial/Industrial_819.jpg,Industrial,4
datasets/eurosat/EuroSAT_RGB/Industrial/Industrial_821.jpg,Industrial,4
datasets/eurosat/EuroSAT_RGB/Industrial/Industrial_836.jpg,Industrial,4
datasets/eurosat/EuroSAT_RGB/Industrial/Industrial_842.jpg,Industrial,4
datasets/eurosat/EuroSAT_RGB/Industrial/Industrial_846.jpg,Industrial,4
datasets/eurosat/EuroSAT_RGB/Industrial/Industrial_861.jpg,Industrial,4
datasets/eurosat/EuroSAT_RGB/Industrial/Industrial_875.jpg,Industrial,4
datasets/eurosat/EuroSAT_RGB/Industrial/Industrial_891.jpg,Industrial,4
datasets/eurosat/EuroSAT_RGB/Industrial/Industrial_895.jpg,Industrial,4
datasets/eurosat/EuroSAT_RGB/Industrial/Industrial_90.jpg,Industrial,4
datasets/eurosat/EuroSAT_RGB/Industrial/Industrial_906.jpg,Industrial,4
datasets/eurosat/EuroSAT_RGB/Industrial/Industrial_911.jpg,Industrial,4
datasets/eurosat/EuroSAT_RGB/Industrial/Industrial_920.jpg,Industrial,4
datasets/eurosat/EuroSAT_RGB/Industrial/Industrial_924.jpg,Industrial,4
datasets/eurosat/EuroSAT_RGB/Industrial/Industrial_94.jpg,Industrial,4
datasets/eurosat/EuroSAT_RGB/Industrial/Industrial_949.jpg,Industrial,4
datasets/eurosat/EuroSAT_RGB/Industrial/Industrial_958.jpg,Industrial,4
datasets/eurosat/EuroSAT_RGB/Industrial/Industrial_972.jpg,Industrial,4
datasets/eurosat/EuroSAT_RGB/Industrial/Industrial_975.jpg,Industrial,4
datasets/eurosat/EuroSAT_RGB/Industrial/Industrial_978.jpg,Industrial,4
datasets/eurosat/EuroSAT_RGB/Industrial/Industrial_980.jpg,Industrial,4
datasets/eurosat/EuroSAT_RGB/Industrial/Industrial_992.jpg,Industrial,4
datasets/eurosat/EuroSAT_RGB/Pasture/Pasture_103.jpg,Pasture,5
datasets/eurosat/EuroSAT_RGB/Pasture/Pasture_1040.jpg,Pasture,5
datasets/eurosat/EuroSAT_RGB/Pasture/Pasture_1044.jpg,Pasture,5
datasets/eurosat/EuroSAT_RGB/Pasture/Pasture_1046.jpg,Pasture,5
datasets/eurosat/EuroSAT_RGB/Pasture/Pasture_1056.jpg,Pasture,5
datasets/eurosat/EuroSAT_RGB/Pasture/Pasture_1058.jpg,Pasture,5
datasets/eurosat/EuroSAT_RGB/Pasture/Pasture_1066.jpg,Pasture,5
datasets/eurosat/EuroSAT_RGB/Pasture/Pasture_107.jpg,Pasture,5
datasets/eurosat/EuroSAT_RGB/Pasture/Pasture_1079.jpg,Pasture,5
datasets/eurosat/EuroSAT_RGB/Pasture/Pasture_1086.jpg,Pasture,5
datasets/eurosat/EuroSAT_RGB/Pasture/Pasture_109.jpg,Pasture,5
datasets/eurosat/EuroSAT_RGB/Pasture/Pasture_1091.jpg,Pasture,5
datasets/eurosat/EuroSAT_RGB/Pasture/Pasture_1095.jpg,Pasture,5
datasets/eurosat/EuroSAT_RGB/Pasture/Pasture_1102.jpg,Pasture,5
datasets/eurosat/EuroSAT_RGB/Pasture/Pasture_1104.jpg,Pasture,5
datasets/eurosat/EuroSAT_RGB/Pasture/Pasture_1109.jpg,Pasture,5
datasets/eurosat/EuroSAT_RGB/Pasture/Pasture_1130.jpg,Pasture,5
datasets/eurosat/EuroSAT_RGB/Pasture/Pasture_1137.jpg,Pasture,5
datasets/eurosat/EuroSAT_RGB/Pasture/Pasture_1141.jpg,Pasture,5
datasets/eurosat/EuroSAT_RGB/Pasture/Pasture_1145.jpg,Pasture,5
datasets/eurosat/EuroSAT_RGB/Pasture/Pasture_1203.jpg,Pasture,5
datasets/eurosat/EuroSAT_RGB/Pasture/Pasture_1209.jpg,Pasture,5
datasets/eurosat/EuroSAT_RGB/Pasture/Pasture_1225.jpg,Pasture,5
datasets/eurosat/EuroSAT_RGB/Pasture/Pasture_1234.jpg,Pasture,5
datasets/eurosat/EuroSAT_RGB/Pasture/Pasture_124.jpg,Pasture,5
datasets/eurosat/EuroSAT_RGB/Pasture/Pasture_1243.jpg,Pasture,5
datasets/eurosat/EuroSAT_RGB/Pasture/Pasture_1254.jpg,Pasture,5
datasets/eurosat/EuroSAT_RGB/Pasture/Pasture_1268.jpg,Pasture,5
datasets/eurosat/EuroSAT_RGB/Pasture/Pasture_1271.jpg,Pasture,5
datasets/eurosat/EuroSAT_RGB/Pasture/Pasture_1287.jpg,Pasture,5
datasets/eurosat/EuroSAT_RGB/Pasture/Pasture_1292.jpg,Pasture,5
datasets/eurosat/EuroSAT_RGB/Pasture/Pasture_1293.jpg,Pasture,5
datasets/eurosat/EuroSAT_RGB/Pasture/Pasture_1298.jpg,Pasture,5
datasets/eurosat/EuroSAT_RGB/Pasture/Pasture_1300.jpg,Pasture,5
datasets/eurosat/EuroSAT_RGB/Pasture/Pasture_1310.jpg,Pasture,5
datasets/eurosat/EuroSAT_RGB/Pasture/Pasture_1317.jpg,Pasture,5
datasets/eurosat/EuroSAT_RGB/Pasture/Pasture_132.jpg,Pasture,5
datasets/eurosat/EuroSAT_RGB/Pasture/Pasture_1324.jpg,Pasture,5
datasets/eurosat/EuroSAT_RGB/Pasture/Pasture_1334.jpg,Pasture,5
datasets/eurosat/EuroSAT_RGB/Pasture/Pasture_1338.jpg,Pasture,5
datasets/eurosat/EuroSAT_RGB/Pasture/Pasture_1340.jpg,Pasture,5
datasets/eurosat/EuroSAT_RGB/Pasture/Pasture_1353.jpg,Pasture,5
datasets/eurosat/EuroSAT_RGB/Pasture/Pasture_1361.jpg,Pasture,5
datasets/eurosat/EuroSAT_RGB/Pasture/Pasture_1369.jpg,Pasture,5
datasets/eurosat/EuroSAT_RGB/Pasture/Pasture_1375.jpg,Pasture,5
datasets/eurosat/EuroSAT_RGB/Pasture/Pasture_1396.jpg,Pasture,5
datasets/eurosat/EuroSAT_RGB/Pasture/Pasture_1421.jpg,Pasture,5
datasets/eurosat/EuroSAT_RGB/Pasture/Pasture_1426.jpg,Pasture,5
datasets/eurosat/EuroSAT_RGB/Pasture/Pasture_1431.jpg,Pasture,5
datasets/eurosat/EuroSAT_RGB/Pasture/Pasture_1435.jpg,Pasture,5
datasets/eurosat/EuroSAT_RGB/Pasture/Pasture_1436.jpg,Pasture,5
datasets/eurosat/EuroSAT_RGB/Pasture/Pasture_1441.jpg,Pasture,5
datasets/eurosat/EuroSAT_RGB/Pasture/Pasture_1444.jpg,Pasture,5
datasets/eurosat/EuroSAT_RGB/Pasture/Pasture_1452.jpg,Pasture,5
datasets/eurosat/EuroSAT_RGB/Pasture/Pasture_1456.jpg,Pasture,5
datasets/eurosat/EuroSAT_RGB/Pasture/Pasture_147.jpg,Pasture,5
datasets/eurosat/EuroSAT_RGB/Pasture/Pasture_1517.jpg,Pasture,5
datasets/eurosat/EuroSAT_RGB/Pasture/Pasture_1528.jpg,Pasture,5
datasets/eurosat/EuroSAT_RGB/Pasture/Pasture_1533.jpg,Pasture,5
datasets/eurosat/EuroSAT_RGB/Pasture/Pasture_1535.jpg,Pasture,5
datasets/eurosat/EuroSAT_RGB/Pasture/Pasture_1539.jpg,Pasture,5
datasets/eurosat/EuroSAT_RGB/Pasture/Pasture_1563.jpg,Pasture,5
datasets/eurosat/EuroSAT_RGB/Pasture/Pasture_1577.jpg,Pasture,5
datasets/eurosat/EuroSAT_RGB/Pasture/Pasture_1585.jpg,Pasture,5
datasets/eurosat/EuroSAT_RGB/Pasture/Pasture_1593.jpg,Pasture,5
datasets/eurosat/EuroSAT_RGB/Pasture/Pasture_1594.jpg,Pasture,5
datasets/eurosat/EuroSAT_RGB/Pasture/Pasture_1596.jpg,Pasture,5
datasets/eurosat/EuroSAT_RGB/Pasture/Pasture_1597.jpg,Pasture,5
datasets/eurosat/EuroSAT_RGB/Pasture/Pasture_1606.jpg,Pasture,5
datasets/eurosat/EuroSAT_RGB/Pasture/Pasture_1609.jpg,Pasture,5
datasets/eurosat/EuroSAT_RGB/Pasture/Pasture_1629.jpg,Pasture,5
datasets/eurosat/EuroSAT_RGB/Pasture/Pasture_1639.jpg,Pasture,5
datasets/eurosat/EuroSAT_RGB/Pasture/Pasture_1659.jpg,Pasture,5
datasets/eurosat/EuroSAT_RGB/Pasture/Pasture_1660.jpg,Pasture,5
datasets/eurosat/EuroSAT_RGB/Pasture/Pasture_1665.jpg,Pasture,5
datasets/eurosat/EuroSAT_RGB/Pasture/Pasture_1667.jpg,Pasture,5
datasets/eurosat/EuroSAT_RGB/Pasture/Pasture_1688.jpg,Pasture,5
datasets/eurosat/EuroSAT_RGB/Pasture/Pasture_1689.jpg,Pasture,5
datasets/eurosat/EuroSAT_RGB/Pasture/Pasture_1690.jpg,Pasture,5
datasets/eurosat/EuroSAT_RGB/Pasture/Pasture_171.jpg,Pasture,5
datasets/eurosat/EuroSAT_RGB/Pasture/Pasture_1720.jpg,Pasture,5
datasets/eurosat/EuroSAT_RGB/Pasture/Pasture_1724.jpg,Pasture,5
datasets/eurosat/EuroSAT_RGB/Pasture/Pasture_1726.jpg,Pasture,5
datasets/eurosat/EuroSAT_RGB/Pasture/Pasture_1741.jpg,Pasture,5
datasets/eurosat/EuroSAT_RGB/Pasture/Pasture_1748.jpg,Pasture,5
datasets/eurosat/EuroSAT_RGB/Pasture/Pasture_1752.jpg,Pasture,5
datasets/eurosat/EuroSAT_RGB/Pasture/Pasture_176.jpg,Pasture,5
datasets/eurosat/EuroSAT_RGB/Pasture/Pasture_1778.jpg,Pasture,5
datasets/eurosat/EuroSAT_RGB/Pasture/Pasture_1781.jpg,Pasture,5
datasets/eurosat/EuroSAT_RGB/Pasture/Pasture_1784.jpg,Pasture,5
datasets/eurosat/EuroSAT_RGB/Pasture/Pasture_1787.jpg,Pasture,5
datasets/eurosat/EuroSAT_RGB/Pasture/Pasture_179.jpg,Pasture,5
datasets/eurosat/EuroSAT_RGB/Pasture/Pasture_1792.jpg,Pasture,5
datasets/eurosat/EuroSAT_RGB/Pasture/Pasture_1794.jpg,Pasture,5
datasets/eurosat/EuroSAT_RGB/Pasture/Pasture_1798.jpg,Pasture,5
datasets/eurosat/EuroSAT_RGB/Pasture/Pasture_1801.jpg,Pasture,5
datasets/eurosat/EuroSAT_RGB/Pasture/Pasture_1813.jpg,Pasture,5
datasets/eurosat/EuroSAT_RGB/Pasture/Pasture_1824.jpg,Pasture,5
datasets/eurosat/EuroSAT_RGB/Pasture/Pasture_1848.jpg,Pasture,5
datasets/eurosat/EuroSAT_RGB/Pasture/Pasture_1852.jpg,Pasture,5
datasets/eurosat/EuroSAT_RGB/Pasture/Pasture_1862.jpg,Pasture,5
datasets/eurosat/EuroSAT_RGB/Pasture/Pasture_189.jpg,Pasture,5
datasets/eurosat/EuroSAT_RGB/Pasture/Pasture_1890.jpg,Pasture,5
datasets/eurosat/EuroSAT_RGB/Pasture/Pasture_1891.jpg,Pasture,5
datasets/eurosat/EuroSAT_RGB/Pasture/Pasture_1892.jpg,Pasture,5
datasets/eurosat/EuroSAT_RGB/Pasture/Pasture_1907.jpg,Pasture,5
datasets/eurosat/EuroSAT_RGB/Pasture/Pasture_1916.jpg,Pasture,5
datasets/eurosat/EuroSAT_RGB/Pasture/Pasture_1930.jpg,Pasture,5
datasets/eurosat/EuroSAT_RGB/Pasture/Pasture_1941.jpg,Pasture,5
datasets/eurosat/EuroSAT_RGB/Pasture/Pasture_1951.jpg,Pasture,5
datasets/eurosat/EuroSAT_RGB/Pasture/Pasture_1956.jpg,Pasture,5
datasets/eurosat/EuroSAT_RGB/Pasture/Pasture_1957.jpg,Pasture,5
datasets/eurosat/EuroSAT_RGB/Pasture/Pasture_1978.jpg,Pasture,5
datasets/eurosat/EuroSAT_RGB/Pasture/Pasture_198.jpg,Pasture,5
datasets/eurosat/EuroSAT_RGB/Pasture/Pasture_1985.jpg,Pasture,5
datasets/eurosat/EuroSAT_RGB/Pasture/Pasture_1996.jpg,Pasture,5
datasets/eurosat/EuroSAT_RGB/Pasture/Pasture_20.jpg,Pasture,5
datasets/eurosat/EuroSAT_RGB/Pasture/Pasture_223.jpg,Pasture,5
datasets/eurosat/EuroSAT_RGB/Pasture/Pasture_224.jpg,Pasture,5
datasets/eurosat/EuroSAT_RGB/Pasture/Pasture_230.jpg,Pasture,5
datasets/eurosat/EuroSAT_RGB/Pasture/Pasture_231.jpg,Pasture,5
datasets/eurosat/EuroSAT_RGB/Pasture/Pasture_235.jpg,Pasture,5
datasets/eurosat/EuroSAT_RGB/Pasture/Pasture_263.jpg,Pasture,5
datasets/eurosat/EuroSAT_RGB/Pasture/Pasture_266.jpg,Pasture,5
datasets/eurosat/EuroSAT_RGB/Pasture/Pasture_268.jpg,Pasture,5
datasets/eurosat/EuroSAT_RGB/Pasture/Pasture_275.jpg,Pasture,5
datasets/eurosat/EuroSAT_RGB/Pasture/Pasture_284.jpg,Pasture,5
datasets/eurosat/EuroSAT_RGB/Pasture/Pasture_29.jpg,Pasture,5
datasets/eurosat/EuroSAT_RGB/Pasture/Pasture_292.jpg,Pasture,5
datasets/eurosat/EuroSAT_RGB/Pasture/Pasture_297.jpg,Pasture,5
datasets/eurosat/EuroSAT_RGB/Pasture/Pasture_299.jpg,Pasture,5
datasets/eurosat/EuroSAT_RGB/Pasture/Pasture_315.jpg,Pasture,5
datasets/eurosat/EuroSAT_RGB/Pasture/Pasture_320.jpg,Pasture,5
datasets/eurosat/EuroSAT_RGB/Pasture/Pasture_339.jpg,Pasture,5
datasets/eurosat/EuroSAT_RGB/Pasture/Pasture_346.jpg,Pasture,5
datasets/eurosat/EuroSAT_RGB/Pasture/Pasture_353.jpg,Pasture,5
datasets/eurosat/EuroSAT_RGB/Pasture/Pasture_367.jpg,Pasture,5
datasets/eurosat/EuroSAT_RGB/Pasture/Pasture_373.jpg,Pasture,5
datasets/eurosat/EuroSAT_RGB/Pasture/Pasture_390.jpg,Pasture,5
datasets/eurosat/EuroSAT_RGB/Pasture/Pasture_391.jpg,Pasture,5
datasets/eurosat/EuroSAT_RGB/Pasture/Pasture_393.jpg,Pasture,5
datasets/eurosat/EuroSAT_RGB/Pasture/Pasture_395.jpg,Pasture,5
datasets/eurosat/EuroSAT_RGB/Pasture/Pasture_400.jpg,Pasture,5
datasets/eurosat/EuroSAT_RGB/Pasture/Pasture_402.jpg,Pasture,5
datasets/eurosat/EuroSAT_RGB/Pasture/Pasture_414.jpg,Pasture,5
datasets/eurosat/EuroSAT_RGB/Pasture/Pasture_423.jpg,Pasture,5
datasets/eurosat/EuroSAT_RGB/Pasture/Pasture_425.jpg,Pasture,5
datasets/eurosat/EuroSAT_RGB/Pasture/Pasture_45.jpg,Pasture,5
datasets/eurosat/EuroSAT_RGB/Pasture/Pasture_450.jpg,Pasture,5
datasets/eurosat/EuroSAT_RGB/Pasture/Pasture_451.jpg,Pasture,5
datasets/eurosat/EuroSAT_RGB/Pasture/Pasture_453.jpg,Pasture,5
datasets/eurosat/EuroSAT_RGB/Pasture/Pasture_461.jpg,Pasture,5
datasets/eurosat/EuroSAT_RGB/Pasture/Pasture_476.jpg,Pasture,5
datasets/eurosat/EuroSAT_RGB/Pasture/Pasture_477.jpg,Pasture,5
datasets/eurosat/EuroSAT_RGB/Pasture/Pasture_483.jpg,Pasture,5
datasets/eurosat/EuroSAT_RGB/Pasture/Pasture_516.jpg,Pasture,5
datasets/eurosat/EuroSAT_RGB/Pasture/Pasture_525.jpg,Pasture,5
datasets/eurosat/EuroSAT_RGB/Pasture/Pasture_532.jpg,Pasture,5
datasets/eurosat/EuroSAT_RGB/Pasture/Pasture_55.jpg,Pasture,5
datasets/eurosat/EuroSAT_RGB/Pasture/Pasture_553.jpg,Pasture,5
datasets/eurosat/EuroSAT_RGB/Pasture/Pasture_558.jpg,Pasture,5
datasets/eurosat/EuroSAT_RGB/Pasture/Pasture_585.jpg,Pasture,5
datasets/eurosat/EuroSAT_RGB/Pasture/Pasture_588.jpg,Pasture,5
datasets/eurosat/EuroSAT_RGB/Pasture/Pasture_595.jpg,Pasture,5
datasets/eurosat/EuroSAT_RGB/Pasture/Pasture_596.jpg,Pasture,5
datasets/eurosat/EuroSAT_RGB/Pasture/Pasture_598.jpg,Pasture,5
datasets/eurosat/EuroSAT_RGB/Pasture/Pasture_60.jpg,Pasture,5
datasets/eurosat/EuroSAT_RGB/Pasture/Pasture_619.jpg,Pasture,5
datasets/eurosat/EuroSAT_RGB/Pasture/Pasture_622.jpg,Pasture,5
datasets/eurosat/EuroSAT_RGB/Pasture/Pasture_640.jpg,Pasture,5
datasets/eurosat/EuroSAT_RGB/Pasture/Pasture_643.jpg,Pasture,5
datasets/eurosat/EuroSAT_RGB/Pasture/Pasture_644.jpg,Pasture,5
datasets/eurosat/EuroSAT_RGB/Pasture/Pasture_648.jpg,Pasture,5
datasets/eurosat/EuroSAT_RGB/Pasture/Pasture_66.jpg,Pasture,5
datasets/eurosat/EuroSAT_RGB/Pasture/Pasture_676.jpg,Pasture,5
datasets/eurosat/EuroSAT_RGB/Pasture/Pasture_679.jpg,Pasture,5
datasets/eurosat/EuroSAT_RGB/Pasture/Pasture_682.jpg,Pasture,5
datasets/eurosat/EuroSAT_RGB/Pasture/Pasture_693.jpg,Pasture,5
datasets/eurosat/EuroSAT_RGB/Pasture/Pasture_717.jpg,Pasture,5
datasets/eurosat/EuroSAT_RGB/Pasture/Pasture_728.jpg,Pasture,5
datasets/eurosat/EuroSAT_RGB/Pasture/Pasture_729.jpg,Pasture,5
datasets/eurosat/EuroSAT_RGB/Pasture/Pasture_740.jpg,Pasture,5
datasets/eurosat/EuroSAT_RGB/Pasture/Pasture_757.jpg,Pasture,5
datasets/eurosat/EuroSAT_RGB/Pasture/Pasture_763.jpg,Pasture,5
datasets/eurosat/EuroSAT_RGB/Pasture/Pasture_773.jpg,Pasture,5
datasets/eurosat/EuroSAT_RGB/Pasture/Pasture_785.jpg,Pasture,5
datasets/eurosat/EuroSAT_RGB/Pasture/Pasture_790.jpg,Pasture,5
datasets/eurosat/EuroSAT_RGB/Pasture/Pasture_833.jpg,Pasture,5
datasets/eurosat/EuroSAT_RGB/Pasture/Pasture_839.jpg,Pasture,5
datasets/eurosat/EuroSAT_RGB/Pasture/Pasture_876.jpg,Pasture,5
datasets/eurosat/EuroSAT_RGB/Pasture/Pasture_881.jpg,Pasture,5
datasets/eurosat/EuroSAT_RGB/Pasture/Pasture_91.jpg,Pasture,5
datasets/eurosat/EuroSAT_RGB/Pasture/Pasture_916.jpg,Pasture,5
datasets/eurosat/EuroSAT_RGB/Pasture/Pasture_932.jpg,Pasture,5
datasets/eurosat/EuroSAT_RGB/Pasture/Pasture_939.jpg,Pasture,5
datasets/eurosat/EuroSAT_RGB/Pasture/Pasture_94.jpg,Pasture,5
datasets/eurosat/EuroSAT_RGB/Pasture/Pasture_961.jpg,Pasture,5
datasets/eurosat/EuroSAT_RGB/Pasture/Pasture_965.jpg,Pasture,5
datasets/eurosat/EuroSAT_RGB/Pasture/Pasture_966.jpg,Pasture,5
datasets/eurosat/EuroSAT_RGB/Pasture/Pasture_992.jpg,Pasture,5
datasets/eurosat/EuroSAT_RGB/PermanentCrop/PermanentCrop_1025.jpg,PermanentCrop,6
datasets/eurosat/EuroSAT_RGB/PermanentCrop/PermanentCrop_1033.jpg,PermanentCrop,6
datasets/eurosat/EuroSAT_RGB/PermanentCrop/PermanentCrop_1034.jpg,PermanentCrop,6
datasets/eurosat/EuroSAT_RGB/PermanentCrop/PermanentCrop_1036.jpg,PermanentCrop,6
datasets/eurosat/EuroSAT_RGB/PermanentCrop/PermanentCrop_1049.jpg,PermanentCrop,6
datasets/eurosat/EuroSAT_RGB/PermanentCrop/PermanentCrop_1055.jpg,PermanentCrop,6
datasets/eurosat/EuroSAT_RGB/PermanentCrop/PermanentCrop_1072.jpg,PermanentCrop,6
datasets/eurosat/EuroSAT_RGB/PermanentCrop/PermanentCrop_108.jpg,PermanentCrop,6
datasets/eurosat/EuroSAT_RGB/PermanentCrop/PermanentCrop_1084.jpg,PermanentCrop,6
datasets/eurosat/EuroSAT_RGB/PermanentCrop/PermanentCrop_1085.jpg,PermanentCrop,6
datasets/eurosat/EuroSAT_RGB/PermanentCrop/PermanentCrop_109.jpg,PermanentCrop,6
datasets/eurosat/EuroSAT_RGB/PermanentCrop/PermanentCrop_1094.jpg,PermanentCrop,6
datasets/eurosat/EuroSAT_RGB/PermanentCrop/PermanentCrop_1096.jpg,PermanentCrop,6
datasets/eurosat/EuroSAT_RGB/PermanentCrop/PermanentCrop_1124.jpg,PermanentCrop,6
datasets/eurosat/EuroSAT_RGB/PermanentCrop/PermanentCrop_1136.jpg,PermanentCrop,6
datasets/eurosat/EuroSAT_RGB/PermanentCrop/PermanentCrop_1138.jpg,PermanentCrop,6
datasets/eurosat/EuroSAT_RGB/PermanentCrop/PermanentCrop_1144.jpg,PermanentCrop,6
datasets/eurosat/EuroSAT_RGB/PermanentCrop/PermanentCrop_1174.jpg,PermanentCrop,6
datasets/eurosat/EuroSAT_RGB/PermanentCrop/PermanentCrop_1212.jpg,PermanentCrop,6
datasets/eurosat/EuroSAT_RGB/PermanentCrop/PermanentCrop_1218.jpg,PermanentCrop,6
datasets/eurosat/EuroSAT_RGB/PermanentCrop/PermanentCrop_1233.jpg,PermanentCrop,6
datasets/eurosat/EuroSAT_RGB/PermanentCrop/PermanentCrop_1238.jpg,PermanentCrop,6
datasets/eurosat/EuroSAT_RGB/PermanentCrop/PermanentCrop_1249.jpg,PermanentCrop,6
datasets/eurosat/EuroSAT_RGB/PermanentCrop/PermanentCrop_1257.jpg,PermanentCrop,6
datasets/eurosat/EuroSAT_RGB/PermanentCrop/PermanentCrop_1266.jpg,PermanentCrop,6
datasets/eurosat/EuroSAT_RGB/PermanentCrop/PermanentCrop_1268.jpg,PermanentCrop,6
datasets/eurosat/EuroSAT_RGB/PermanentCrop/PermanentCrop_1279.jpg,PermanentCrop,6
datasets/eurosat/EuroSAT_RGB/PermanentCrop/PermanentCrop_1297.jpg,PermanentCrop,6
datasets/eurosat/EuroSAT_RGB/PermanentCrop/PermanentCrop_1299.jpg,PermanentCrop,6
datasets/eurosat/EuroSAT_RGB/PermanentCrop/PermanentCrop_1308.jpg,PermanentCrop,6
datasets/eurosat/EuroSAT_RGB/PermanentCrop/PermanentCrop_1312.jpg,PermanentCrop,6
datasets/eurosat/EuroSAT_RGB/PermanentCrop/PermanentCrop_1315.jpg,PermanentCrop,6
datasets/eurosat/EuroSAT_RGB/PermanentCrop/PermanentCrop_1322.jpg,PermanentCrop,6
datasets/eurosat/EuroSAT_RGB/PermanentCrop/PermanentCrop_137.jpg,PermanentCrop,6
datasets/eurosat/EuroSAT_RGB/PermanentCrop/PermanentCrop_1370.jpg,PermanentCrop,6
datasets/eurosat/EuroSAT_RGB/PermanentCrop/PermanentCrop_1400.jpg,PermanentCrop,6
datasets/eurosat/EuroSAT_RGB/PermanentCrop/PermanentCrop_1403.jpg,PermanentCrop,6
datasets/eurosat/EuroSAT_RGB/PermanentCrop/PermanentCrop_1414.jpg,PermanentCrop,6
datasets/eurosat/EuroSAT_RGB/PermanentCrop/PermanentCrop_1431.jpg,PermanentCrop,6
datasets/eurosat/EuroSAT_RGB/PermanentCrop/PermanentCrop_1434.jpg,PermanentCrop,6
datasets/eurosat/EuroSAT_RGB/PermanentCrop/PermanentCrop_144.jpg,PermanentCrop,6
datasets/eurosat/EuroSAT_RGB/PermanentCrop/PermanentCrop_1460.jpg,PermanentCrop,6
datasets/eurosat/EuroSAT_RGB/PermanentCrop/PermanentCrop_1466.jpg,PermanentCrop,6
datasets/eurosat/EuroSAT_RGB/PermanentCrop/PermanentCrop_1470.jpg,PermanentCrop,6
datasets/eurosat/EuroSAT_RGB/PermanentCrop/PermanentCrop_1484.jpg,PermanentCrop,6
datasets/eurosat/EuroSAT_RGB/PermanentCrop/PermanentCrop_1488.jpg,PermanentCrop,6
datasets/eurosat/EuroSAT_RGB/PermanentCrop/PermanentCrop_1512.jpg,PermanentCrop,6
datasets/eurosat/EuroSAT_RGB/PermanentCrop/PermanentCrop_1524.jpg,PermanentCrop,6
datasets/eurosat/EuroSAT_RGB/PermanentCrop/PermanentCrop_1531.jpg,PermanentCrop,6
datasets/eurosat/EuroSAT_RGB/PermanentCrop/PermanentCrop_1537.jpg,PermanentCrop,6
datasets/eurosat/EuroSAT_RGB/PermanentCrop/PermanentCrop_154.jpg,PermanentCrop,6
datasets/eurosat/EuroSAT_RGB/PermanentCrop/PermanentCrop_1543.jpg,PermanentCrop,6
datasets/eurosat/EuroSAT_RGB/PermanentCrop/PermanentCrop_1546.jpg,PermanentCrop,6
datasets/eurosat/EuroSAT_RGB/PermanentCrop/PermanentCrop_1577.jpg,PermanentCrop,6
datasets/eurosat/EuroSAT_RGB/PermanentCrop/PermanentCrop_1591.jpg,PermanentCrop,6
datasets/eurosat/EuroSAT_RGB/PermanentCrop/PermanentCrop_1609.jpg,PermanentCrop,6
datasets/eurosat/EuroSAT_RGB/PermanentCrop/PermanentCrop_1617.jpg,PermanentCrop,6
datasets/eurosat/EuroSAT_RGB/PermanentCrop/PermanentCrop_1628.jpg,PermanentCrop,6
datasets/eurosat/EuroSAT_RGB/PermanentCrop/PermanentCrop_1631.jpg,PermanentCrop,6
datasets/eurosat/EuroSAT_RGB/PermanentCrop/PermanentCrop_1657.jpg,PermanentCrop,6
datasets/eurosat/EuroSAT_RGB/PermanentCrop/PermanentCrop_1664.jpg,PermanentCrop,6
datasets/eurosat/EuroSAT_RGB/PermanentCrop/PermanentCrop_1666.jpg,PermanentCrop,6
datasets/eurosat/EuroSAT_RGB/PermanentCrop/PermanentCrop_1670.jpg,PermanentCrop,6
datasets/eurosat/EuroSAT_RGB/PermanentCrop/PermanentCrop_1686.jpg,PermanentCrop,6
datasets/eurosat/EuroSAT_RGB/PermanentCrop/PermanentCrop_1695.jpg,PermanentCrop,6
datasets/eurosat/EuroSAT_RGB/PermanentCrop/PermanentCrop_1697.jpg,PermanentCrop,6
datasets/eurosat/EuroSAT_RGB/PermanentCrop/PermanentCrop_1733.jpg,PermanentCrop,6
datasets/eurosat/EuroSAT_RGB/PermanentCrop/PermanentCrop_1734.jpg,PermanentCrop,6
datasets/eurosat/EuroSAT_RGB/PermanentCrop/PermanentCrop_1735.jpg,PermanentCrop,6
datasets/eurosat/EuroSAT_RGB/PermanentCrop/PermanentCrop_1750.jpg,PermanentCrop,6
datasets/eurosat/EuroSAT_RGB/PermanentCrop/PermanentCrop_1753.jpg,PermanentCrop,6
datasets/eurosat/EuroSAT_RGB/PermanentCrop/PermanentCrop_1755.jpg,PermanentCrop,6
datasets/eurosat/EuroSAT_RGB/PermanentCrop/PermanentCrop_1772.jpg,PermanentCrop,6
datasets/eurosat/EuroSAT_RGB/PermanentCrop/PermanentCrop_1782.jpg,PermanentCrop,6
datasets/eurosat/EuroSAT_RGB/PermanentCrop/PermanentCrop_1788.jpg,PermanentCrop,6
datasets/eurosat/EuroSAT_RGB/PermanentCrop/PermanentCrop_180.jpg,PermanentCrop,6
datasets/eurosat/EuroSAT_RGB/PermanentCrop/PermanentCrop_1826.jpg,PermanentCrop,6
datasets/eurosat/EuroSAT_RGB/PermanentCrop/PermanentCrop_1854.jpg,PermanentCrop,6
datasets/eurosat/EuroSAT_RGB/PermanentCrop/PermanentCrop_1865.jpg,PermanentCrop,6
datasets/eurosat/EuroSAT_RGB/PermanentCrop/PermanentCrop_1871.jpg,PermanentCrop,6
datasets/eurosat/EuroSAT_RGB/PermanentCrop/PermanentCrop_1872.jpg,PermanentCrop,6
datasets/eurosat/EuroSAT_RGB/PermanentCrop/PermanentCrop_1888.jpg,PermanentCrop,6
datasets/eurosat/EuroSAT_RGB/PermanentCrop/PermanentCrop_1904.jpg,PermanentCrop,6
datasets/eurosat/EuroSAT_RGB/PermanentCrop/PermanentCrop_1940.jpg,PermanentCrop,6
datasets/eurosat/EuroSAT_RGB/PermanentCrop/PermanentCrop_1959.jpg,PermanentCrop,6
datasets/eurosat/EuroSAT_RGB/PermanentCrop/PermanentCrop_1990.jpg,PermanentCrop,6
datasets/eurosat/EuroSAT_RGB/PermanentCrop/PermanentCrop_2030.jpg,PermanentCrop,6
datasets/eurosat/EuroSAT_RGB/PermanentCrop/PermanentCrop_2038.jpg,PermanentCrop,6
datasets/eurosat/EuroSAT_RGB/PermanentCrop/PermanentCrop_2046.jpg,PermanentCrop,6
datasets/eurosat/EuroSAT_RGB/PermanentCrop/PermanentCrop_2047.jpg,PermanentCrop,6
datasets/eurosat/EuroSAT_RGB/PermanentCrop/PermanentCrop_2048.jpg,PermanentCrop,6
datasets/eurosat/EuroSAT_RGB/PermanentCrop/PermanentCrop_208.jpg,PermanentCrop,6
datasets/eurosat/EuroSAT_RGB/PermanentCrop/PermanentCrop_2094.jpg,PermanentCrop,6
datasets/eurosat/EuroSAT_RGB/PermanentCrop/PermanentCrop_210.jpg,PermanentCrop,6
datasets/eurosat/EuroSAT_RGB/PermanentCrop/PermanentCrop_2100.jpg,PermanentCrop,6
datasets/eurosat/EuroSAT_RGB/PermanentCrop/PermanentCrop_2103.jpg,PermanentCrop,6
datasets/eurosat/EuroSAT_RGB/PermanentCrop/PermanentCrop_2116.jpg,PermanentCrop,6
datasets/eurosat/EuroSAT_RGB/PermanentCrop/PermanentCrop_2133.jpg,PermanentCrop,6
datasets/eurosat/EuroSAT_RGB/PermanentCrop/PermanentCrop_2138.jpg,PermanentCrop,6
datasets/eurosat/EuroSAT_RGB/PermanentCrop/PermanentCrop_2154.jpg,PermanentCrop,6
datasets/eurosat/EuroSAT_RGB/PermanentCrop/PermanentCrop_2161.jpg,PermanentCrop,6
datasets/eurosat/EuroSAT_RGB/PermanentCrop/PermanentCrop_2175.jpg,PermanentCrop,6
datasets/eurosat/EuroSAT_RGB/PermanentCrop/PermanentCrop_220.jpg,PermanentCrop,6
datasets/eurosat/EuroSAT_RGB/PermanentCrop/PermanentCrop_2217.jpg,PermanentCrop,6
datasets/eurosat/EuroSAT_RGB/PermanentCrop/PermanentCrop_2239.jpg,PermanentCrop,6
datasets/eurosat/EuroSAT_RGB/PermanentCrop/PermanentCrop_2270.jpg,PermanentCrop,6
datasets/eurosat/EuroSAT_RGB/PermanentCrop/PermanentCrop_2271.jpg,PermanentCrop,6
datasets/eurosat/EuroSAT_RGB/PermanentCrop/PermanentCrop_2272.jpg,PermanentCrop,6
datasets/eurosat/EuroSAT_RGB/PermanentCrop/PermanentCrop_2282.jpg,PermanentCrop,6
datasets/eurosat/EuroSAT_RGB/PermanentCrop/PermanentCrop_2286.jpg,PermanentCrop,6
datasets/eurosat/EuroSAT_RGB/PermanentCrop/PermanentCrop_2296.jpg,PermanentCrop,6
datasets/eurosat/EuroSAT_RGB/PermanentCrop/PermanentCrop_2297.jpg,PermanentCrop,6
datasets/eurosat/EuroSAT_RGB/PermanentCrop/PermanentCrop_2307.jpg,PermanentCrop,6
datasets/eurosat/EuroSAT_RGB/PermanentCrop/PermanentCrop_2314.jpg,PermanentCrop,6
datasets/eurosat/EuroSAT_RGB/PermanentCrop/PermanentCrop_2318.jpg,PermanentCrop,6
datasets/eurosat/EuroSAT_RGB/PermanentCrop/PermanentCrop_2331.jpg,PermanentCrop,6
datasets/eurosat/EuroSAT_RGB/PermanentCrop/PermanentCrop_2337.jpg,PermanentCrop,6
datasets/eurosat/EuroSAT_RGB/PermanentCrop/PermanentCrop_2376.jpg,PermanentCrop,6
datasets/eurosat/EuroSAT_RGB/PermanentCrop/PermanentCrop_2382.jpg,PermanentCrop,6
datasets/eurosat/EuroSAT_RGB/PermanentCrop/PermanentCrop_240.jpg,PermanentCrop,6
datasets/eurosat/EuroSAT_RGB/PermanentCrop/PermanentCrop_2414.jpg,PermanentCrop,6
datasets/eurosat/EuroSAT_RGB/PermanentCrop/PermanentCrop_2426.jpg,PermanentCrop,6
datasets/eurosat/EuroSAT_RGB/PermanentCrop/PermanentCrop_243.jpg,PermanentCrop,6
datasets/eurosat/EuroSAT_RGB/PermanentCrop/PermanentCrop_2434.jpg,PermanentCrop,6
datasets/eurosat/EuroSAT_RGB/PermanentCrop/PermanentCrop_2438.jpg,PermanentCrop,6
datasets/eurosat/EuroSAT_RGB/PermanentCrop/PermanentCrop_2442.jpg,PermanentCrop,6
datasets/eurosat/EuroSAT_RGB/PermanentCrop/PermanentCrop_2453.jpg,PermanentCrop,6
datasets/eurosat/EuroSAT_RGB/PermanentCrop/PermanentCrop_2455.jpg,PermanentCrop,6
datasets/eurosat/EuroSAT_RGB/PermanentCrop/PermanentCrop_2457.jpg,PermanentCrop,6
datasets/eurosat/EuroSAT_RGB/PermanentCrop/PermanentCrop_2471.jpg,PermanentCrop,6
datasets/eurosat/EuroSAT_RGB/PermanentCrop/PermanentCrop_2484.jpg,PermanentCrop,6
datasets/eurosat/EuroSAT_RGB/PermanentCrop/PermanentCrop_2485.jpg,PermanentCrop,6
datasets/eurosat/EuroSAT_RGB/PermanentCrop/PermanentCrop_2489.jpg,PermanentCrop,6
datasets/eurosat/EuroSAT_RGB/PermanentCrop/PermanentCrop_2499.jpg,PermanentCrop,6
datasets/eurosat/EuroSAT_RGB/PermanentCrop/PermanentCrop_257.jpg,PermanentCrop,6
datasets/eurosat/EuroSAT_RGB/PermanentCrop/PermanentCrop_284.jpg,PermanentCrop,6
datasets/eurosat/EuroSAT_RGB/PermanentCrop/PermanentCrop_286.jpg,PermanentCrop,6
datasets/eurosat/EuroSAT_RGB/PermanentCrop/PermanentCrop_291.jpg,PermanentCrop,6
datasets/eurosat/EuroSAT_RGB/PermanentCrop/PermanentCrop_308.jpg,PermanentCrop,6
datasets/eurosat/EuroSAT_RGB/PermanentCrop/PermanentCrop_32.jpg,PermanentCrop,6
datasets/eurosat/EuroSAT_RGB/PermanentCrop/PermanentCrop_335.jpg,PermanentCrop,6
datasets/eurosat/EuroSAT_RGB/PermanentCrop/PermanentCrop_349.jpg,PermanentCrop,6
datasets/eurosat/EuroSAT_RGB/PermanentCrop/PermanentCrop_355.jpg,PermanentCrop,6
datasets/eurosat/EuroSAT_RGB/PermanentCrop/PermanentCrop_358.jpg,PermanentCrop,6
datasets/eurosat/EuroSAT_RGB/PermanentCrop/PermanentCrop_39.jpg,PermanentCrop,6
datasets/eurosat/EuroSAT_RGB/PermanentCrop/PermanentCrop_393.jpg,PermanentCrop,6
datasets/eurosat/EuroSAT_RGB/PermanentCrop/PermanentCrop_444.jpg,PermanentCrop,6
datasets/eurosat/EuroSAT_RGB/PermanentCrop/PermanentCrop_454.jpg,PermanentCrop,6
datasets/eurosat/EuroSAT_RGB/PermanentCrop/PermanentCrop_456.jpg,PermanentCrop,6
datasets/eurosat/EuroSAT_RGB/PermanentCrop/PermanentCrop_47.jpg,PermanentCrop,6
datasets/eurosat/EuroSAT_RGB/PermanentCrop/PermanentCrop_470.jpg,PermanentCrop,6
datasets/eurosat/EuroSAT_RGB/PermanentCrop/PermanentCrop_481.jpg,PermanentCrop,6
datasets/eurosat/EuroSAT_RGB/PermanentCrop/PermanentCrop_499.jpg,PermanentCrop,6
datasets/eurosat/EuroSAT_RGB/PermanentCrop/PermanentCrop_509.jpg,PermanentCrop,6
datasets/eurosat/EuroSAT_RGB/PermanentCrop/PermanentCrop_517.jpg,PermanentCrop,6
datasets/eurosat/EuroSAT_RGB/PermanentCrop/PermanentCrop_52.jpg,PermanentCrop,6
datasets/eurosat/EuroSAT_RGB/PermanentCrop/PermanentCrop_559.jpg,PermanentCrop,6
datasets/eurosat/EuroSAT_RGB/PermanentCrop/PermanentCrop_56.jpg,PermanentCrop,6
datasets/eurosat/EuroSAT_RGB/PermanentCrop/PermanentCrop_603.jpg,PermanentCrop,6
datasets/eurosat/EuroSAT_RGB/PermanentCrop/PermanentCrop_628.jpg,PermanentCrop,6
datasets/eurosat/EuroSAT_RGB/PermanentCrop/PermanentCrop_646.jpg,PermanentCrop,6
datasets/eurosat/EuroSAT_RGB/PermanentCrop/PermanentCrop_653.jpg,PermanentCrop,6
datasets/eurosat/EuroSAT_RGB/PermanentCrop/PermanentCrop_654.jpg,PermanentCrop,6
datasets/eurosat/EuroSAT_RGB/PermanentCrop/PermanentCrop_661.jpg,PermanentCrop,6
datasets/eurosat/EuroSAT_RGB/PermanentCrop/PermanentCrop_665.jpg,PermanentCrop,6
datasets/eurosat/EuroSAT_RGB/PermanentCrop/PermanentCrop_678.jpg,PermanentCrop,6
datasets/eurosat/EuroSAT_RGB/PermanentCrop/PermanentCrop_7.jpg,PermanentCrop,6
datasets/eurosat/EuroSAT_RGB/PermanentCrop/PermanentCrop_71.jpg,PermanentCrop,6
datasets/eurosat/EuroSAT_RGB/PermanentCrop/PermanentCrop_717.jpg,PermanentCrop,6
datasets/eurosat/EuroSAT_RGB/PermanentCrop/PermanentCrop_720.jpg,PermanentCrop,6
datasets/eurosat/EuroSAT_RGB/PermanentCrop/PermanentCrop_722.jpg,PermanentCrop,6
datasets/eurosat/EuroSAT_RGB/PermanentCrop/PermanentCrop_733.jpg,PermanentCrop,6
datasets/eurosat/EuroSAT_RGB/PermanentCrop/PermanentCrop_734.jpg,PermanentCrop,6
datasets/eurosat/EuroSAT_RGB/PermanentCrop/PermanentCrop_748.jpg,PermanentCrop,6
datasets/eurosat/EuroSAT_RGB/PermanentCrop/PermanentCrop_760.jpg,PermanentCrop,6
datasets/eurosat/EuroSAT_RGB/PermanentCrop/PermanentCrop_766.jpg,PermanentCrop,6
datasets/eurosat/EuroSAT_RGB/PermanentCrop/PermanentCrop_809.jpg,PermanentCrop,6
datasets/eurosat/EuroSAT_RGB/PermanentCrop/PermanentCrop_819.jpg,PermanentCrop,6
datasets/eurosat/EuroSAT_RGB/PermanentCrop/PermanentCrop_826.jpg,PermanentCrop,6
datasets/eurosat/EuroSAT_RGB/PermanentCrop/PermanentCrop_83.jpg,PermanentCrop,6
datasets/eurosat/EuroSAT_RGB/PermanentCrop/PermanentCrop_840.jpg,PermanentCrop,6
datasets/eurosat/EuroSAT_RGB/PermanentCrop/PermanentCrop_849.jpg,PermanentCrop,6
datasets/eurosat/EuroSAT_RGB/PermanentCrop/PermanentCrop_850.jpg,PermanentCrop,6
datasets/eurosat/EuroSAT_RGB/PermanentCrop/PermanentCrop_869.jpg,PermanentCrop,6
datasets/eurosat/EuroSAT_RGB/PermanentCrop/PermanentCrop_881.jpg,PermanentCrop,6
datasets/eurosat/EuroSAT_RGB/PermanentCrop/PermanentCrop_90.jpg,PermanentCrop,6
datasets/eurosat/EuroSAT_RGB/PermanentCrop/PermanentCrop_902.jpg,PermanentCrop,6
datasets/eurosat/EuroSAT_RGB/PermanentCrop/PermanentCrop_909.jpg,PermanentCrop,6
datasets/eurosat/EuroSAT_RGB/PermanentCrop/PermanentCrop_914.jpg,PermanentCrop,6
datasets/eurosat/EuroSAT_RGB/PermanentCrop/PermanentCrop_917.jpg,PermanentCrop,6
datasets/eurosat/EuroSAT_RGB/PermanentCrop/PermanentCrop_929.jpg,PermanentCrop,6
datasets/eurosat/EuroSAT_RGB/PermanentCrop/PermanentCrop_935.jpg,PermanentCrop,6
datasets/eurosat/EuroSAT_RGB/PermanentCrop/PermanentCrop_944.jpg,PermanentCrop,6
datasets/eurosat/EuroSAT_RGB/PermanentCrop/PermanentCrop_95.jpg,PermanentCrop,6
datasets/eurosat/EuroSAT_RGB/PermanentCrop/PermanentCrop_956.jpg,PermanentCrop,6
datasets/eurosat/EuroSAT_RGB/PermanentCrop/PermanentCrop_970.jpg,PermanentCrop,6
datasets/eurosat/EuroSAT_RGB/PermanentCrop/PermanentCrop_972.jpg,PermanentCrop,6
datasets/eurosat/EuroSAT_RGB/PermanentCrop/PermanentCrop_975.jpg,PermanentCrop,6
datasets/eurosat/EuroSAT_RGB/PermanentCrop/PermanentCrop_978.jpg,PermanentCrop,6
datasets/eurosat/EuroSAT_RGB/PermanentCrop/PermanentCrop_991.jpg,PermanentCrop,6
datasets/eurosat/EuroSAT_RGB/Residential/Residential_1031.jpg,Residential,7
datasets/eurosat/EuroSAT_RGB/Residential/Residential_1060.jpg,Residential,7
datasets/eurosat/EuroSAT_RGB/Residential/Residential_1066.jpg,Residential,7
datasets/eurosat/EuroSAT_RGB/Residential/Residential_1079.jpg,Residential,7
datasets/eurosat/EuroSAT_RGB/Residential/Residential_1080.jpg,Residential,7
datasets/eurosat/EuroSAT_RGB/Residential/Residential_1082.jpg,Residential,7
datasets/eurosat/EuroSAT_RGB/Residential/Residential_1084.jpg,Residential,7
datasets/eurosat/EuroSAT_RGB/Residential/Residential_1121.jpg,Residential,7
datasets/eurosat/EuroSAT_RGB/Residential/Residential_1132.jpg,Residential,7
datasets/eurosat/EuroSAT_RGB/Residential/Residential_1134.jpg,Residential,7
datasets/eurosat/EuroSAT_RGB/Residential/Residential_1145.jpg,Residential,7
datasets/eurosat/EuroSAT_RGB/Residential/Residential_115.jpg,Residential,7
datasets/eurosat/EuroSAT_RGB/Residential/Residential_1155.jpg,Residential,7
datasets/eurosat/EuroSAT_RGB/Residential/Residential_1223.jpg,Residential,7
datasets/eurosat/EuroSAT_RGB/Residential/Residential_1233.jpg,Residential,7
datasets/eurosat/EuroSAT_RGB/Residential/Residential_1249.jpg,Residential,7
datasets/eurosat/EuroSAT_RGB/Residential/Residential_1268.jpg,Residential,7
datasets/eurosat/EuroSAT_RGB/Residential/Residential_127.jpg,Residential,7
datasets/eurosat/EuroSAT_RGB/Residential/Residential_1270.jpg,Residential,7
datasets/eurosat/EuroSAT_RGB/Residential/Residential_129.jpg,Residential,7
datasets/eurosat/EuroSAT_RGB/Residential/Residential_1291.jpg,Residential,7
datasets/eurosat/EuroSAT_RGB/Residential/Residential_1299.jpg,Residential,7
datasets/eurosat/EuroSAT_RGB/Residential/Residential_1305.jpg,Residential,7
datasets/eurosat/EuroSAT_RGB/Residential/Residential_1309.jpg,Residential,7
datasets/eurosat/EuroSAT_RGB/Residential/Residential_1311.jpg,Residential,7
datasets/eurosat/EuroSAT_RGB/Residential/Residential_1316.jpg,Residential,7
datasets/eurosat/EuroSAT_RGB/Residential/Residential_1334.jpg,Residential,7
datasets/eurosat/EuroSAT_RGB/Residential/Residential_1343.jpg,Residential,7
datasets/eurosat/EuroSAT_RGB/Residential/Residential_1356.jpg,Residential,7
datasets/eurosat/EuroSAT_RGB/Residential/Residential_1368.jpg,Residential,7
datasets/eurosat/EuroSAT_RGB/Residential/Residential_1371.jpg,Residential,7
datasets/eurosat/EuroSAT_RGB/Residential/Residential_1388.jpg,Residential,7
datasets/eurosat/EuroSAT_RGB/Residential/Residential_1389.jpg,Residential,7
datasets/eurosat/EuroSAT_RGB/Residential/Residential_1406.jpg,Residential,7
datasets/eurosat/EuroSAT_RGB/Residential/Residential_1438.jpg,Residential,7
datasets/eurosat/EuroSAT_RGB/Residential/Residential_1445.jpg,Residential,7
datasets/eurosat/EuroSAT_RGB/Residential/Residential_1449.jpg,Residential,7
datasets/eurosat/EuroSAT_RGB/Residential/Residential_1459.jpg,Residential,7
datasets/eurosat/EuroSAT_RGB/Residential/Residential_1465.jpg,Residential,7
datasets/eurosat/EuroSAT_RGB/Residential/Residential_1466.jpg,Residential,7
datasets/eurosat/EuroSAT_RGB/Residential/Residential_1481.jpg,Residential,7
datasets/eurosat/EuroSAT_RGB/Residential/Residential_1488.jpg,Residential,7
datasets/eurosat/EuroSAT_RGB/Residential/Residential_1518.jpg,Residential,7
datasets/eurosat/EuroSAT_RGB/Residential/Residential_1532.jpg,Residential,7
datasets/eurosat/EuroSAT_RGB/Residential/Residential_1541.jpg,Residential,7
datasets/eurosat/EuroSAT_RGB/Residential/Residential_1545.jpg,Residential,7
datasets/eurosat/EuroSAT_RGB/Residential/Residential_1564.jpg,Residential,7
datasets/eurosat/EuroSAT_RGB/Residential/Residential_1567.jpg,Residential,7
datasets/eurosat/EuroSAT_RGB/Residential/Residential_1606.jpg,Residential,7
datasets/eurosat/EuroSAT_RGB/Residential/Residential_1607.jpg,Residential,7
datasets/eurosat/EuroSAT_RGB/Residential/Residential_1610.jpg,Residential,7
datasets/eurosat/EuroSAT_RGB/Residential/Residential_1626.jpg,Residential,7
datasets/eurosat/EuroSAT_RGB/Residential/Residential_1642.jpg,Residential,7
datasets/eurosat/EuroSAT_RGB/Residential/Residential_1672.jpg,Residential,7
datasets/eurosat/EuroSAT_RGB/Residential/Residential_1674.jpg,Residential,7
datasets/eurosat/EuroSAT_RGB/Residential/Residential_168.jpg,Residential,7
datasets/eurosat/EuroSAT_RGB/Residential/Residential_1683.jpg,Residential,7
datasets/eurosat/EuroSAT_RGB/Residential/Residential_1700.jpg,Residential,7
datasets/eurosat/EuroSAT_RGB/Residential/Residential_1704.jpg,Residential,7
datasets/eurosat/EuroSAT_RGB/Residential/Residential_1711.jpg,Residential,7
datasets/eurosat/EuroSAT_RGB/Residential/Residential_1716.jpg,Residential,7
datasets/eurosat/EuroSAT_RGB/Residential/Residential_1719.jpg,Residential,7
datasets/eurosat/EuroSAT_RGB/Residential/Residential_1725.jpg,Residential,7
datasets/eurosat/EuroSAT_RGB/Residential/Residential_1746.jpg,Residential,7
datasets/eurosat/EuroSAT_RGB/Residential/Residential_1749.jpg,Residential,7
datasets/eurosat/EuroSAT_RGB/Residential/Residential_1754.jpg,Residential,7
datasets/eurosat/EuroSAT_RGB/Residential/Residential_1758.jpg,Residential,7
datasets/eurosat/EuroSAT_RGB/Residential/Residential_177.jpg,Residential,7
datasets/eurosat/EuroSAT_RGB/Residential/Residential_1776.jpg,Residential,7
datasets/eurosat/EuroSAT_RGB/Residential/Residential_1785.jpg,Residential,7
datasets/eurosat/EuroSAT_RGB/Residential/Residential_1788.jpg,Residential,7
datasets/eurosat/EuroSAT_RGB/Residential/Residential_1792.jpg,Residential,7
datasets/eurosat/EuroSAT_RGB/Residential/Residential_1794.jpg,Residential,7
datasets/eurosat/EuroSAT_RGB/Residential/Residential_1832.jpg,Residential,7
datasets/eurosat/EuroSAT_RGB/Residential/Residential_1834.jpg,Residential,7
datasets/eurosat/EuroSAT_RGB/Residential/Residential_1863.jpg,Residential,7
datasets/eurosat/EuroSAT_RGB/Residential/Residential_1874.jpg,Residential,7
datasets/eurosat/EuroSAT_RGB/Residential/Residential_1894.jpg,Residential,7
datasets/eurosat/EuroSAT_RGB/Residential/Residential_1914.jpg,Residential,7
datasets/eurosat/EuroSAT_RGB/Residential/Residential_1931.jpg,Residential,7
datasets/eurosat/EuroSAT_RGB/Residential/Residential_1951.jpg,Residential,7
datasets/eurosat/EuroSAT_RGB/Residential/Residential_1981.jpg,Residential,7
datasets/eurosat/EuroSAT_RGB/Residential/Residential_2005.jpg,Residential,7
datasets/eurosat/EuroSAT_RGB/Residential/Residential_2013.jpg,Residential,7
datasets/eurosat/EuroSAT_RGB/Residential/Residential_2043.jpg,Residential,7
datasets/eurosat/EuroSAT_RGB/Residential/Residential_2082.jpg,Residential,7
datasets/eurosat/EuroSAT_RGB/Residential/Residential_2105.jpg,Residential,7
datasets/eurosat/EuroSAT_RGB/Residential/Residential_2122.jpg,Residential,7
datasets/eurosat/EuroSAT_RGB/Residential/Residential_2134.jpg,Residential,7
datasets/eurosat/EuroSAT_RGB/Residential/Residential_2138.jpg,Residential,7
datasets/eurosat/EuroSAT_RGB/Residential/Residential_2157.jpg,Residential,7
datasets/eurosat/EuroSAT_RGB/Residential/Residential_2180.jpg,Residential,7
datasets/eurosat/EuroSAT_RGB/Residential/Residential_2184.jpg,Residential,7
datasets/eurosat/EuroSAT_RGB/Residential/Residential_2201.jpg,Residential,7
datasets/eurosat/EuroSAT_RGB/Residential/Residential_2204.jpg,Residential,7
datasets/eurosat/EuroSAT_RGB/Residential/Residential_2215.jpg,Residential,7
datasets/eurosat/EuroSAT_RGB/Residential/Residential_225.jpg,Residential,7
datasets/eurosat/EuroSAT_RGB/Residential/Residential_2263.jpg,Residential,7
datasets/eurosat/EuroSAT_RGB/Residential/Residential_2265.jpg,Residential,7
datasets/eurosat/EuroSAT_RGB/Residential/Residential_2323.jpg,Residential,7
datasets/eurosat/EuroSAT_RGB/Residential/Residential_2343.jpg,Residential,7
datasets/eurosat/EuroSAT_RGB/Residential/Residential_2364.jpg,Residential,7
datasets/eurosat/EuroSAT_RGB/Residential/Residential_2393.jpg,Residential,7
datasets/eurosat/EuroSAT_RGB/Residential/Residential_2408.jpg,Residential,7
datasets/eurosat/EuroSAT_RGB/Residential/Residential_2421.jpg,Residential,7
datasets/eurosat/EuroSAT_RGB/Residential/Residential_2432.jpg,Residential,7
datasets/eurosat/EuroSAT_RGB/Residential/Residential_2437.jpg,Residential,7
datasets/eurosat/EuroSAT_RGB/Residential/Residential_2446.jpg,Residential,7
datasets/eurosat/EuroSAT_RGB/Residential/Residential_2485.jpg,Residential,7
datasets/eurosat/EuroSAT_RGB/Residential/Residential_2502.jpg,Residential,7
datasets/eurosat/EuroSAT_RGB/Residential/Residential_2528.jpg,Residential,7
datasets/eurosat/EuroSAT_RGB/Residential/Residential_2529.jpg,Residential,7
datasets/eurosat/EuroSAT_RGB/Residential/Residential_2552.jpg,Residential,7
datasets/eurosat/EuroSAT_RGB/Residential/Residential_257.jpg,Residential,7
datasets/eurosat/EuroSAT_RGB/Residential/Residential_2621.jpg,Residential,7
datasets/eurosat/EuroSAT_RGB/Residential/Residential_2647.jpg,Residential,7
datasets/eurosat/EuroSAT_RGB/Residential/Residential_2658.jpg,Residential,7
datasets/eurosat/EuroSAT_RGB/Residential/Residential_2661.jpg,Residential,7
datasets/eurosat/EuroSAT_RGB/Residential/Residential_2696.jpg,Residential,7
datasets/eurosat/EuroSAT_RGB/Residential/Residential_2697.jpg,Residential,7
datasets/eurosat/EuroSAT_RGB/Residential/Residential_2715.jpg,Residential,7
datasets/eurosat/EuroSAT_RGB/Residential/Residential_2724.jpg,Residential,7
datasets/eurosat/EuroSAT_RGB/Residential/Residential_2727.jpg,Residential,7
datasets/eurosat/EuroSAT_RGB/Residential/Residential_2728.jpg,Residential,7
datasets/eurosat/EuroSAT_RGB/Residential/Residential_2751.jpg,Residential,7
datasets/eurosat/EuroSAT_RGB/Residential/Residential_2770.jpg,Residential,7
datasets/eurosat/EuroSAT_RGB/Residential/Residential_2773.jpg,Residential,7
datasets/eurosat/EuroSAT_RGB/Residential/Residential_2778.jpg,Residential,7
datasets/eurosat/EuroSAT_RGB/Residential/Residential_279.jpg,Residential,7
datasets/eurosat/EuroSAT_RGB/Residential/Residential_2827.jpg,Residential,7
datasets/eurosat/EuroSAT_RGB/Residential/Residential_2828.jpg,Residential,7
datasets/eurosat/EuroSAT_RGB/Residential/Residential_2836.jpg,Residential,7
datasets/eurosat/EuroSAT_RGB/Residential/Residential_2837.jpg,Residential,7
datasets/eurosat/EuroSAT_RGB/Residential/Residential_2838.jpg,Residential,7
datasets/eurosat/EuroSAT_RGB/Residential/Residential_2843.jpg,Residential,7
datasets/eurosat/EuroSAT_RGB/Residential/Residential_2848.jpg,Residential,7
datasets/eurosat/EuroSAT_RGB/Residential/Residential_286.jpg,Residential,7
datasets/eurosat/EuroSAT_RGB/Residential/Residential_2865.jpg,Residential,7
datasets/eurosat/EuroSAT_RGB/Residential/Residential_2871.jpg,Residential,7
datasets/eurosat/EuroSAT_RGB/Residential/Residential_2873.jpg,Residential,7
datasets/eurosat/EuroSAT_RGB/Residential/Residential_2890.jpg,Residential,7
datasets/eurosat/EuroSAT_RGB/Residential/Residential_2893.jpg,Residential,7
datasets/eurosat/EuroSAT_RGB/Residential/Residential_291.jpg,Residential,7
datasets/eurosat/EuroSAT_RGB/Residential/Residential_2926.jpg,Residential,7
datasets/eurosat/EuroSAT_RGB/Residential/Residential_2928.jpg,Residential,7
datasets/eurosat/EuroSAT_RGB/Residential/Residential_2935.jpg,Residential,7
datasets/eurosat/EuroSAT_RGB/Residential/Residential_295.jpg,Residential,7
datasets/eurosat/EuroSAT_RGB/Residential/Residential_2964.jpg,Residential,7
datasets/eurosat/EuroSAT_RGB/Residential/Residential_2977.jpg,Residential,7
datasets/eurosat/EuroSAT_RGB/Residential/Residential_2984.jpg,Residential,7
datasets/eurosat/EuroSAT_RGB/Residential/Residential_2998.jpg,Residential,7
datasets/eurosat/EuroSAT_RGB/Residential/Residential_310.jpg,Residential,7
datasets/eurosat/EuroSAT_RGB/Residential/Residential_312.jpg,Residential,7
datasets/eurosat/EuroSAT_RGB/Residential/Residential_314.jpg,Residential,7
datasets/eurosat/EuroSAT_RGB/Residential/Residential_323.jpg,Residential,7
datasets/eurosat/EuroSAT_RGB/Residential/Residential_341.jpg,Residential,7
datasets/eurosat/EuroSAT_RGB/Residential/Residential_406.jpg,Residential,7
datasets/eurosat/EuroSAT_RGB/Residential/Residential_412.jpg,Residential,7
datasets/eurosat/EuroSAT_RGB/Residential/Residential_419.jpg,Residential,7
datasets/eurosat/EuroSAT_RGB/Residential/Residential_424.jpg,Residential,7
datasets/eurosat/EuroSAT_RGB/Residential/Residential_433.jpg,Residential,7
datasets/eurosat/EuroSAT_RGB/Residential/Residential_437.jpg,Residential,7
datasets/eurosat/EuroSAT_RGB/Residential/Residential_45.jpg,Residential,7
datasets/eurosat/EuroSAT_RGB/Residential/Residential_459.jpg,Residential,7
datasets/eurosat/EuroSAT_RGB/Residential/Residential_46.jpg,Residential,7
datasets/eurosat/EuroSAT_RGB/Residential/Residential_462.jpg,Residential,7
datasets/eurosat/EuroSAT_RGB/Residential/Residential_475.jpg,Residential,7
datasets/eurosat/EuroSAT_RGB/Residential/Residential_489.jpg,Residential,7
datasets/eurosat/EuroSAT_RGB/Residential/Residential_498.jpg,Residential,7
datasets/eurosat/EuroSAT_RGB/Residential/Residential_519.jpg,Residential,7
datasets/eurosat/EuroSAT_RGB/Residential/Residential_524.jpg,Residential,7
datasets/eurosat/EuroSAT_RGB/Residential/Residential_540.jpg,Residential,7
datasets/eurosat/EuroSAT_RGB/Residential/Residential_549.jpg,Residential,7
datasets/eurosat/EuroSAT_RGB/Residential/Residential_55.jpg,Residential,7
datasets/eurosat/EuroSAT_RGB/Residential/Residential_573.jpg,Residential,7
datasets/eurosat/EuroSAT_RGB/Residential/Residential_577.jpg,Residential,7
datasets/eurosat/EuroSAT_RGB/Residential/Residential_608.jpg,Residential,7
datasets/eurosat/EuroSAT_RGB/Residential/Residential_661.jpg,Residential,7
datasets/eurosat/EuroSAT_RGB/Residential/Residential_667.jpg,Residential,7
datasets/eurosat/EuroSAT_RGB/Residential/Residential_672.jpg,Residential,7
datasets/eurosat/EuroSAT_RGB/Residential/Residential_697.jpg,Residential,7
datasets/eurosat/EuroSAT_RGB/Residential/Residential_698.jpg,Residential,7
datasets/eurosat/EuroSAT_RGB/Residential/Residential_711.jpg,Residential,7
datasets/eurosat/EuroSAT_RGB/Residential/Residential_729.jpg,Residential,7
datasets/eurosat/EuroSAT_RGB/Residential/Residential_757.jpg,Residential,7
datasets/eurosat/EuroSAT_RGB/Residential/Residential_778.jpg,Residential,7
datasets/eurosat/EuroSAT_RGB/Residential/Residential_782.jpg,Residential,7
datasets/eurosat/EuroSAT_RGB/Residential/Residential_798.jpg,Residential,7
datasets/eurosat/EuroSAT_RGB/Residential/Residential_801.jpg,Residential,7
datasets/eurosat/EuroSAT_RGB/Residential/Residential_817.jpg,Residential,7
datasets/eurosat/EuroSAT_RGB/Residential/Residential_824.jpg,Residential,7
datasets/eurosat/EuroSAT_RGB/Residential/Residential_826.jpg,Residential,7
datasets/eurosat/EuroSAT_RGB/Residential/Residential_841.jpg,Residential,7
datasets/eurosat/EuroSAT_RGB/Residential/Residential_863.jpg,Residential,7
datasets/eurosat/EuroSAT_RGB/Residential/Residential_878.jpg,Residential,7
datasets/eurosat/EuroSAT_RGB/Residential/Residential_895.jpg,Residential,7
datasets/eurosat/EuroSAT_RGB/Residential/Residential_918.jpg,Residential,7
datasets/eurosat/EuroSAT_RGB/Residential/Residential_959.jpg,Residential,7
datasets/eurosat/EuroSAT_RGB/Residential/Residential_963.jpg,Residential,7
datasets/eurosat/EuroSAT_RGB/Residential/Residential_993.jpg,Residential,7
datasets/eurosat/EuroSAT_RGB/River/River_103.jpg,River,8
datasets/eurosat/EuroSAT_RGB/River/River_1037.jpg,River,8
datasets/eurosat/EuroSAT_RGB/River/River_1038.jpg,River,8
datasets/eurosat/EuroSAT_RGB/River/River_104.jpg,River,8
datasets/eurosat/EuroSAT_RGB/River/River_1056.jpg,River,8
datasets/eurosat/EuroSAT_RGB/River/River_1063.jpg,River,8
datasets/eurosat/EuroSAT_RGB/River/River_1077.jpg,River,8
datasets/eurosat/EuroSAT_RGB/River/River_1085.jpg,River,8
datasets/eurosat/EuroSAT_RGB/River/River_109.jpg,River,8
datasets/eurosat/EuroSAT_RGB/River/River_1091.jpg,River,8
datasets/eurosat/EuroSAT_RGB/River/River_1094.jpg,River,8
datasets/eurosat/EuroSAT_RGB/River/River_11.jpg,River,8
datasets/eurosat/EuroSAT_RGB/River/River_1101.jpg,River,8
datasets/eurosat/EuroSAT_RGB/River/River_113.jpg,River,8
datasets/eurosat/EuroSAT_RGB/River/River_1140.jpg,River,8
datasets/eurosat/EuroSAT_RGB/River/River_1144.jpg,River,8
datasets/eurosat/EuroSAT_RGB/River/River_115.jpg,River,8
datasets/eurosat/EuroSAT_RGB/River/River_1171.jpg,River,8
datasets/eurosat/EuroSAT_RGB/River/River_1210.jpg,River,8
datasets/eurosat/EuroSAT_RGB/River/River_1217.jpg,River,8
datasets/eurosat/EuroSAT_RGB/River/River_1234.jpg,River,8
datasets/eurosat/EuroSAT_RGB/River/River_1238.jpg,River,8
datasets/eurosat/EuroSAT_RGB/River/River_1248.jpg,River,8
datasets/eurosat/EuroSAT_RGB/River/River_1254.jpg,River,8
datasets/eurosat/EuroSAT_RGB/River/River_1263.jpg,River,8
datasets/eurosat/EuroSAT_RGB/River/River_1265.jpg,River,8
datasets/eurosat/EuroSAT_RGB/River/River_1273.jpg,River,8
datasets/eurosat/EuroSAT_RGB/River/River_1294.jpg,River,8
datasets/eurosat/EuroSAT_RGB/River/River_1297.jpg,River,8
datasets/eurosat/EuroSAT_RGB/River/River_1308.jpg,River,8
datasets/eurosat/EuroSAT_RGB/River/River_1315.jpg,River,8
datasets/eurosat/EuroSAT_RGB/River/River_132.jpg,River,8
datasets/eurosat/EuroSAT_RGB/River/River_1328.jpg,River,8
datasets/eurosat/EuroSAT_RGB/River/River_1381.jpg,River,8
datasets/eurosat/EuroSAT_RGB/River/River_1382.jpg,River,8
datasets/eurosat/EuroSAT_RGB/River/River_1408.jpg,River,8
datasets/eurosat/EuroSAT_RGB/River/River_1410.jpg,River,8
datasets/eurosat/EuroSAT_RGB/River/River_142.jpg,River,8
datasets/eurosat/EuroSAT_RGB/River/River_1433.jpg,River,8
datasets/eurosat/EuroSAT_RGB/River/River_1435.jpg,River,8
datasets/eurosat/EuroSAT_RGB/River/River_1445.jpg,River,8
datasets/eurosat/EuroSAT_RGB/River/River_1460.jpg,River,8
datasets/eurosat/EuroSAT_RGB/River/River_1462.jpg,River,8
datasets/eurosat/EuroSAT_RGB/River/River_1466.jpg,River,8
datasets/eurosat/EuroSAT_RGB/River/River_1479.jpg,River,8
datasets/eurosat/EuroSAT_RGB/River/River_1482.jpg,River,8
datasets/eurosat/EuroSAT_RGB/River/River_1512.jpg,River,8
datasets/eurosat/EuroSAT_RGB/River/River_1523.jpg,River,8
datasets/eurosat/EuroSAT_RGB/River/River_1528.jpg,River,8
datasets/eurosat/EuroSAT_RGB/River/River_1534.jpg,River,8
datasets/eurosat/EuroSAT_RGB/River/River_1539.jpg,River,8
datasets/eurosat/EuroSAT_RGB/River/River_1543.jpg,River,8
datasets/eurosat/EuroSAT_RGB/River/River_1548.jpg,River,8
datasets/eurosat/EuroSAT_RGB/River/River_1579.jpg,River,8
datasets/eurosat/EuroSAT_RGB/River/River_1592.jpg,River,8
datasets/eurosat/EuroSAT_RGB/River/River_1609.jpg,River,8
datasets/eurosat/EuroSAT_RGB/River/River_1616.jpg,River,8
datasets/eurosat/EuroSAT_RGB/River/River_1630.jpg,River,8
datasets/eurosat/EuroSAT_RGB/River/River_1633.jpg,River,8
datasets/eurosat/EuroSAT_RGB/River/River_1656.jpg,River,8
datasets/eurosat/EuroSAT_RGB/River/River_1672.jpg,River,8
datasets/eurosat/EuroSAT_RGB/River/River_1673.jpg,River,8
datasets/eurosat/EuroSAT_RGB/River/River_1681.jpg,River,8
datasets/eurosat/EuroSAT_RGB/River/River_1692.jpg,River,8
datasets/eurosat/EuroSAT_RGB/River/River_1700.jpg,River,8
datasets/eurosat/EuroSAT_RGB/River/River_1702.jpg,River,8
datasets/eurosat/EuroSAT_RGB/River/River_1740.jpg,River,8
datasets/eurosat/EuroSAT_RGB/River/River_1741.jpg,River,8
datasets/eurosat/EuroSAT_RGB/River/River_1743.jpg,River,8
datasets/eurosat/EuroSAT_RGB/River/River_1752.jpg,River,8
datasets/eurosat/EuroSAT_RGB/River/River_1757.jpg,River,8
datasets/eurosat/EuroSAT_RGB/River/River_1759.jpg,River,8
datasets/eurosat/EuroSAT_RGB/River/River_1777.jpg,River,8
datasets/eurosat/EuroSAT_RGB/River/River_1787.jpg,River,8
datasets/eurosat/EuroSAT_RGB/River/River_1791.jpg,River,8
datasets/eurosat/EuroSAT_RGB/River/River_1804.jpg,River,8
datasets/eurosat/EuroSAT_RGB/River/River_1829.jpg,River,8
datasets/eurosat/EuroSAT_RGB/River/River_1854.jpg,River,8
datasets/eurosat/EuroSAT_RGB/River/River_1861.jpg,River,8
datasets/eurosat/EuroSAT_RGB/River/River_1866.jpg,River,8
datasets/eurosat/EuroSAT_RGB/River/River_1867.jpg,River,8
datasets/eurosat/EuroSAT_RGB/River/River_1887.jpg,River,8
datasets/eurosat/EuroSAT_RGB/River/River_1895.jpg,River,8
datasets/eurosat/EuroSAT_RGB/River/River_1931.jpg,River,8
datasets/eurosat/EuroSAT_RGB/River/River_1946.jpg,River,8
datasets/eurosat/EuroSAT_RGB/River/River_1986.jpg,River,8
datasets/eurosat/EuroSAT_RGB/River/River_2025.jpg,River,8
datasets/eurosat/EuroSAT_RGB/River/River_2028.jpg,River,8
datasets/eurosat/EuroSAT_RGB/River/River_2034.jpg,River,8
datasets/eurosat/EuroSAT_RGB/River/River_2037.jpg,River,8
datasets/eurosat/EuroSAT_RGB/River/River_2040.jpg,River,8
datasets/eurosat/EuroSAT_RGB/River/River_2073.jpg,River,8
datasets/eurosat/EuroSAT_RGB/River/River_2087.jpg,River,8
datasets/eurosat/EuroSAT_RGB/River/River_2095.jpg,River,8
datasets/eurosat/EuroSAT_RGB/River/River_2096.jpg,River,8
datasets/eurosat/EuroSAT_RGB/River/River_2099.jpg,River,8
datasets/eurosat/EuroSAT_RGB/River/River_2112.jpg,River,8
datasets/eurosat/EuroSAT_RGB/River/River_2132.jpg,River,8
datasets/eurosat/EuroSAT_RGB/River/River_2137.jpg,River,8
datasets/eurosat/EuroSAT_RGB/River/River_2153.jpg,River,8
datasets/eurosat/EuroSAT_RGB/River/River_2165.jpg,River,8
datasets/eurosat/EuroSAT_RGB/River/River_2184.jpg,River,8
datasets/eurosat/EuroSAT_RGB/River/River_2207.jpg,River,8
datasets/eurosat/EuroSAT_RGB/River/River_2218.jpg,River,8
datasets/eurosat/EuroSAT_RGB/River/River_2235.jpg,River,8
datasets/eurosat/EuroSAT_RGB/River/River_2271.jpg,River,8
datasets/eurosat/EuroSAT_RGB/River/River_2274.jpg,River,8
datasets/eurosat/EuroSAT_RGB/River/River_2275.jpg,River,8
datasets/eurosat/EuroSAT_RGB/River/River_2286.jpg,River,8
datasets/eurosat/EuroSAT_RGB/River/River_2290.jpg,River,8
datasets/eurosat/EuroSAT_RGB/River/River_2302.jpg,River,8
datasets/eurosat/EuroSAT_RGB/River/River_2303.jpg,River,8
datasets/eurosat/EuroSAT_RGB/River/River_2317.jpg,River,8
datasets/eurosat/EuroSAT_RGB/River/River_2324.jpg,River,8
datasets/eurosat/EuroSAT_RGB/River/River_2328.jpg,River,8
datasets/eurosat/EuroSAT_RGB/River/River_234.jpg,River,8
datasets/eurosat/EuroSAT_RGB/River/River_2346.jpg,River,8
datasets/eurosat/EuroSAT_RGB/River/River_2388.jpg,River,8
datasets/eurosat/EuroSAT_RGB/River/River_2397.jpg,River,8
datasets/eurosat/EuroSAT_RGB/River/River_2409.jpg,River,8
datasets/eurosat/EuroSAT_RGB/River/River_2424.jpg,River,8
datasets/eurosat/EuroSAT_RGB/River/River_2434.jpg,River,8
datasets/eurosat/EuroSAT_RGB/River/River_2438.jpg,River,8
datasets/eurosat/EuroSAT_RGB/River/River_2442.jpg,River,8
datasets/eurosat/EuroSAT_RGB/River/River_2445.jpg,River,8
datasets/eurosat/EuroSAT_RGB/River/River_2449.jpg,River,8
datasets/eurosat/EuroSAT_RGB/River/River_2462.jpg,River,8
datasets/eurosat/EuroSAT_RGB/River/River_2464.jpg,River,8
datasets/eurosat/EuroSAT_RGB/River/River_2466.jpg,River,8
datasets/eurosat/EuroSAT_RGB/River/River_2480.jpg,River,8
datasets/eurosat/EuroSAT_RGB/River/River_2495.jpg,River,8
datasets/eurosat/EuroSAT_RGB/River/River_2496.jpg,River,8
datasets/eurosat/EuroSAT_RGB/River/River_251.jpg,River,8
datasets/eurosat/EuroSAT_RGB/River/River_26.jpg,River,8
datasets/eurosat/EuroSAT_RGB/River/River_263.jpg,River,8
datasets/eurosat/EuroSAT_RGB/River/River_289.jpg,River,8
datasets/eurosat/EuroSAT_RGB/River/River_290.jpg,River,8
datasets/eurosat/EuroSAT_RGB/River/River_296.jpg,River,8
datasets/eurosat/EuroSAT_RGB/River/River_312.jpg,River,8
datasets/eurosat/EuroSAT_RGB/River/River_329.jpg,River,8
datasets/eurosat/EuroSAT_RGB/River/River_349.jpg,River,8
datasets/eurosat/EuroSAT_RGB/River/River_361.jpg,River,8
datasets/eurosat/EuroSAT_RGB/River/River_370.jpg,River,8
datasets/eurosat/EuroSAT_RGB/River/River_373.jpg,River,8
datasets/eurosat/EuroSAT_RGB/River/River_4.jpg,River,8
datasets/eurosat/EuroSAT_RGB/River/River_403.jpg,River,8
datasets/eurosat/EuroSAT_RGB/River/River_448.jpg,River,8
datasets/eurosat/EuroSAT_RGB/River/River_463.jpg,River,8
datasets/eurosat/EuroSAT_RGB/River/River_467.jpg,River,8
datasets/eurosat/EuroSAT_RGB/River/River_48.jpg,River,8
datasets/eurosat/EuroSAT_RGB/River/River_481.jpg,River,8
datasets/eurosat/EuroSAT_RGB/River/River_495.jpg,River,8
datasets/eurosat/EuroSAT_RGB/River/River_508.jpg,River,8
datasets/eurosat/EuroSAT_RGB/River/River_518.jpg,River,8
datasets/eurosat/EuroSAT_RGB/River/River_524.jpg,River,8
datasets/eurosat/EuroSAT_RGB/River/River_526.jpg,River,8
datasets/eurosat/EuroSAT_RGB/River/River_553.jpg,River,8
datasets/eurosat/EuroSAT_RGB/River/River_554.jpg,River,8
datasets/eurosat/EuroSAT_RGB/River/River_599.jpg,River,8
datasets/eurosat/EuroSAT_RGB/River/River_624.jpg,River,8
datasets/eurosat/EuroSAT_RGB/River/River_636.jpg,River,8
datasets/eurosat/EuroSAT_RGB/River/River_646.jpg,River,8
datasets/eurosat/EuroSAT_RGB/River/River_648.jpg,River,8
datasets/eurosat/EuroSAT_RGB/River/River_655.jpg,River,8
datasets/eurosat/EuroSAT_RGB/River/River_659.jpg,River,8
datasets/eurosat/EuroSAT_RGB/River/River_671.jpg,River,8
datasets/eurosat/EuroSAT_RGB/River/River_697.jpg,River,8
datasets/eurosat/EuroSAT_RGB/River/River_71.jpg,River,8
datasets/eurosat/EuroSAT_RGB/River/River_717.jpg,River,8
datasets/eurosat/EuroSAT_RGB/River/River_721.jpg,River,8
datasets/eurosat/EuroSAT_RGB/River/River_722.jpg,River,8
datasets/eurosat/EuroSAT_RGB/River/River_731.jpg,River,8
datasets/eurosat/EuroSAT_RGB/River/River_732.jpg,River,8
datasets/eurosat/EuroSAT_RGB/River/River_744.jpg,River,8
datasets/eurosat/EuroSAT_RGB/River/River_76.jpg,River,8
datasets/eurosat/EuroSAT_RGB/River/River_766.jpg,River,8
datasets/eurosat/EuroSAT_RGB/River/River_803.jpg,River,8
datasets/eurosat/EuroSAT_RGB/River/River_815.jpg,River,8
datasets/eurosat/EuroSAT_RGB/River/River_822.jpg,River,8
datasets/eurosat/EuroSAT_RGB/River/River_828.jpg,River,8
datasets/eurosat/EuroSAT_RGB/River/River_843.jpg,River,8
datasets/eurosat/EuroSAT_RGB/River/River_850.jpg,River,8
datasets/eurosat/EuroSAT_RGB/River/River_852.jpg,River,8
datasets/eurosat/EuroSAT_RGB/River/River_872.jpg,River,8
datasets/eurosat/EuroSAT_RGB/River/River_883.jpg,River,8
datasets/eurosat/EuroSAT_RGB/River/River_902.jpg,River,8
datasets/eurosat/EuroSAT_RGB/River/River_905.jpg,River,8
datasets/eurosat/EuroSAT_RGB/River/River_911.jpg,River,8
datasets/eurosat/EuroSAT_RGB/River/River_916.jpg,River,8
datasets/eurosat/EuroSAT_RGB/River/River_920.jpg,River,8
datasets/eurosat/EuroSAT_RGB/River/River_929.jpg,River,8
datasets/eurosat/EuroSAT_RGB/River/River_932.jpg,River,8
datasets/eurosat/EuroSAT_RGB/River/River_944.jpg,River,8
datasets/eurosat/EuroSAT_RGB/River/River_952.jpg,River,8
datasets/eurosat/EuroSAT_RGB/River/River_959.jpg,River,8
datasets/eurosat/EuroSAT_RGB/River/River_969.jpg,River,8
datasets/eurosat/EuroSAT_RGB/River/River_971.jpg,River,8
datasets/eurosat/EuroSAT_RGB/River/River_973.jpg,River,8
datasets/eurosat/EuroSAT_RGB/River/River_978.jpg,River,8
datasets/eurosat/EuroSAT_RGB/River/River_990.jpg,River,8
datasets/eurosat/EuroSAT_RGB/SeaLake/SeaLake_1034.jpg,SeaLake,9
datasets/eurosat/EuroSAT_RGB/SeaLake/SeaLake_1056.jpg,SeaLake,9
datasets/eurosat/EuroSAT_RGB/SeaLake/SeaLake_1060.jpg,SeaLake,9
datasets/eurosat/EuroSAT_RGB/SeaLake/SeaLake_1071.jpg,SeaLake,9
datasets/eurosat/EuroSAT_RGB/SeaLake/SeaLake_1073.jpg,SeaLake,9
datasets/eurosat/EuroSAT_RGB/SeaLake/SeaLake_1075.jpg,SeaLake,9
datasets/eurosat/EuroSAT_RGB/SeaLake/SeaLake_1077.jpg,SeaLake,9
datasets/eurosat/EuroSAT_RGB/SeaLake/SeaLake_1112.jpg,SeaLake,9
datasets/eurosat/EuroSAT_RGB/SeaLake/SeaLake_1123.jpg,SeaLake,9
datasets/eurosat/EuroSAT_RGB/SeaLake/SeaLake_1125.jpg,SeaLake,9
datasets/eurosat/EuroSAT_RGB/SeaLake/SeaLake_1138.jpg,SeaLake,9
datasets/eurosat/EuroSAT_RGB/SeaLake/SeaLake_1144.jpg,SeaLake,9
datasets/eurosat/EuroSAT_RGB/SeaLake/SeaLake_1151.jpg,SeaLake,9
datasets/eurosat/EuroSAT_RGB/SeaLake/SeaLake_1218.jpg,SeaLake,9
datasets/eurosat/EuroSAT_RGB/SeaLake/SeaLake_1222.jpg,SeaLake,9
datasets/eurosat/EuroSAT_RGB/SeaLake/SeaLake_1242.jpg,SeaLake,9
datasets/eurosat/EuroSAT_RGB/SeaLake/SeaLake_1257.jpg,SeaLake,9
datasets/eurosat/EuroSAT_RGB/SeaLake/SeaLake_1258.jpg,SeaLake,9
datasets/eurosat/EuroSAT_RGB/SeaLake/SeaLake_1259.jpg,SeaLake,9
datasets/eurosat/EuroSAT_RGB/SeaLake/SeaLake_128.jpg,SeaLake,9
datasets/eurosat/EuroSAT_RGB/SeaLake/SeaLake_1284.jpg,SeaLake,9
datasets/eurosat/EuroSAT_RGB/SeaLake/SeaLake_1295.jpg,SeaLake,9
datasets/eurosat/EuroSAT_RGB/SeaLake/SeaLake_1306.jpg,SeaLake,9
datasets/eurosat/EuroSAT_RGB/SeaLake/SeaLake_1310.jpg,SeaLake,9
datasets/eurosat/EuroSAT_RGB/SeaLake/SeaLake_1317.jpg,SeaLake,9
datasets/eurosat/EuroSAT_RGB/SeaLake/SeaLake_1324.jpg,SeaLake,9
datasets/eurosat/EuroSAT_RGB/SeaLake/SeaLake_1342.jpg,SeaLake,9
datasets/eurosat/EuroSAT_RGB/SeaLake/SeaLake_135.jpg,SeaLake,9
datasets/eurosat/EuroSAT_RGB/SeaLake/SeaLake_136.jpg,SeaLake,9
datasets/eurosat/EuroSAT_RGB/SeaLake/SeaLake_1371.jpg,SeaLake,9
datasets/eurosat/EuroSAT_RGB/SeaLake/SeaLake_1373.jpg,SeaLake,9
datasets/eurosat/EuroSAT_RGB/SeaLake/SeaLake_1382.jpg,SeaLake,9
datasets/eurosat/EuroSAT_RGB/SeaLake/SeaLake_1383.jpg,SeaLake,9
datasets/eurosat/EuroSAT_RGB/SeaLake/SeaLake_1401.jpg,SeaLake,9
datasets/eurosat/EuroSAT_RGB/SeaLake/SeaLake_1431.jpg,SeaLake,9
datasets/eurosat/EuroSAT_RGB/SeaLake/SeaLake_1448.jpg,SeaLake,9
datasets/eurosat/EuroSAT_RGB/SeaLake/SeaLake_1451.jpg,SeaLake,9
datasets/eurosat/EuroSAT_RGB/SeaLake/SeaLake_146.jpg,SeaLake,9
datasets/eurosat/EuroSAT_RGB/SeaLake/SeaLake_1465.jpg,SeaLake,9
datasets/eurosat/EuroSAT_RGB/SeaLake/SeaLake_1466.jpg,SeaLake,9
datasets/eurosat/EuroSAT_RGB/SeaLake/SeaLake_1482.jpg,SeaLake,9
datasets/eurosat/EuroSAT_RGB/SeaLake/SeaLake_149.jpg,SeaLake,9
datasets/eurosat/EuroSAT_RGB/SeaLake/SeaLake_1517.jpg,SeaLake,9
datasets/eurosat/EuroSAT_RGB/SeaLake/SeaLake_1527.jpg,SeaLake,9
datasets/eurosat/EuroSAT_RGB/SeaLake/SeaLake_1539.jpg,SeaLake,9
datasets/eurosat/EuroSAT_RGB/SeaLake/SeaLake_1544.jpg,SeaLake,9
datasets/eurosat/EuroSAT_RGB/SeaLake/SeaLake_1564.jpg,SeaLake,9
datasets/eurosat/EuroSAT_RGB/SeaLake/SeaLake_1567.jpg,SeaLake,9
datasets/eurosat/EuroSAT_RGB/SeaLake/SeaLake_1602.jpg,SeaLake,9
datasets/eurosat/EuroSAT_RGB/SeaLake/SeaLake_1603.jpg,SeaLake,9
datasets/eurosat/EuroSAT_RGB/SeaLake/SeaLake_1606.jpg,SeaLake,9
datasets/eurosat/EuroSAT_RGB/SeaLake/SeaLake_1623.jpg,SeaLake,9
datasets/eurosat/EuroSAT_RGB/SeaLake/SeaLake_1641.jpg,SeaLake,9
datasets/eurosat/EuroSAT_RGB/SeaLake/SeaLake_1675.jpg,SeaLake,9
datasets/eurosat/EuroSAT_RGB/SeaLake/SeaLake_1676.jpg,SeaLake,9
datasets/eurosat/EuroSAT_RGB/SeaLake/SeaLake_1682.jpg,SeaLake,9
datasets/eurosat/EuroSAT_RGB/SeaLake/SeaLake_1687.jpg,SeaLake,9
datasets/eurosat/EuroSAT_RGB/SeaLake/SeaLake_17.jpg,SeaLake,9
datasets/eurosat/EuroSAT_RGB/SeaLake/SeaLake_1701.jpg,SeaLake,9
datasets/eurosat/EuroSAT_RGB/SeaLake/SeaLake_1709.jpg,SeaLake,9
datasets/eurosat/EuroSAT_RGB/SeaLake/SeaLake_1715.jpg,SeaLake,9
datasets/eurosat/EuroSAT_RGB/SeaLake/SeaLake_1718.jpg,SeaLake,9
datasets/eurosat/EuroSAT_RGB/SeaLake/SeaLake_1721.jpg,SeaLake,9
datasets/eurosat/EuroSAT_RGB/SeaLake/SeaLake_1739.jpg,SeaLake,9
datasets/eurosat/EuroSAT_RGB/SeaLake/SeaLake_1741.jpg,SeaLake,9
datasets/eurosat/EuroSAT_RGB/SeaLake/SeaLake_1745.jpg,SeaLake,9
datasets/eurosat/EuroSAT_RGB/SeaLake/SeaLake_1748.jpg,SeaLake,9
datasets/eurosat/EuroSAT_RGB/SeaLake/SeaLake_1761.jpg,SeaLake,9
datasets/eurosat/EuroSAT_RGB/SeaLake/SeaLake_1765.jpg,SeaLake,9
datasets/eurosat/EuroSAT_RGB/SeaLake/SeaLake_1774.jpg,SeaLake,9
datasets/eurosat/EuroSAT_RGB/SeaLake/SeaLake_1776.jpg,SeaLake,9
datasets/eurosat/EuroSAT_RGB/SeaLake/SeaLake_1780.jpg,SeaLake,9
datasets/eurosat/EuroSAT_RGB/SeaLake/SeaLake_1782.jpg,SeaLake,9
datasets/eurosat/EuroSAT_RGB/SeaLake/SeaLake_1821.jpg,SeaLake,9
datasets/eurosat/EuroSAT_RGB/SeaLake/SeaLake_1822.jpg,SeaLake,9
datasets/eurosat/EuroSAT_RGB/SeaLake/SeaLake_1845.jpg,SeaLake,9
datasets/eurosat/EuroSAT_RGB/SeaLake/SeaLake_1857.jpg,SeaLake,9
datasets/eurosat/EuroSAT_RGB/SeaLake/SeaLake_1876.jpg,SeaLake,9
datasets/eurosat/EuroSAT_RGB/SeaLake/SeaLake_1897.jpg,SeaLake,9
datasets/eurosat/EuroSAT_RGB/SeaLake/SeaLake_1918.jpg,SeaLake,9
datasets/eurosat/EuroSAT_RGB/SeaLake/SeaLake_1940.jpg,SeaLake,9
datasets/eurosat/EuroSAT_RGB/SeaLake/SeaLake_1970.jpg,SeaLake,9
datasets/eurosat/EuroSAT_RGB/SeaLake/SeaLake_1992.jpg,SeaLake,9
datasets/eurosat/EuroSAT_RGB/SeaLake/SeaLake_2001.jpg,SeaLake,9
datasets/eurosat/EuroSAT_RGB/SeaLake/SeaLake_2038.jpg,SeaLake,9
datasets/eurosat/EuroSAT_RGB/SeaLake/SeaLake_2086.jpg,SeaLake,9
datasets/eurosat/EuroSAT_RGB/SeaLake/SeaLake_2104.jpg,SeaLake,9
datasets/eurosat/EuroSAT_RGB/SeaLake/SeaLake_2121.jpg,SeaLake,9
datasets/eurosat/EuroSAT_RGB/SeaLake/SeaLake_2135.jpg,SeaLake,9
datasets/eurosat/EuroSAT_RGB/SeaLake/SeaLake_214.jpg,SeaLake,9
datasets/eurosat/EuroSAT_RGB/SeaLake/SeaLake_2156.jpg,SeaLake,9
datasets/eurosat/EuroSAT_RGB/SeaLake/SeaLake_2184.jpg,SeaLake,9
datasets/eurosat/EuroSAT_RGB/SeaLake/SeaLake_2187.jpg,SeaLake,9
datasets/eurosat/EuroSAT_RGB/SeaLake/SeaLake_2197.jpg,SeaLake,9
datasets/eurosat/EuroSAT_RGB/SeaLake/SeaLake_220.jpg,SeaLake,9
datasets/eurosat/EuroSAT_RGB/SeaLake/SeaLake_2214.jpg,SeaLake,9
datasets/eurosat/EuroSAT_RGB/SeaLake/SeaLake_2252.jpg,SeaLake,9
datasets/eurosat/EuroSAT_RGB/SeaLake/SeaLake_2265.jpg,SeaLake,9
datasets/eurosat/EuroSAT_RGB/SeaLake/SeaLake_227.jpg,SeaLake,9
datasets/eurosat/EuroSAT_RGB/SeaLake/SeaLake_233.jpg,SeaLake,9
datasets/eurosat/EuroSAT_RGB/SeaLake/SeaLake_235.jpg,SeaLake,9
datasets/eurosat/EuroSAT_RGB/SeaLake/SeaLake_2368.jpg,SeaLake,9
datasets/eurosat/EuroSAT_RGB/SeaLake/SeaLake_239.jpg,SeaLake,9
datasets/eurosat/EuroSAT_RGB/SeaLake/SeaLake_2408.jpg,SeaLake,9
datasets/eurosat/EuroSAT_RGB/SeaLake/SeaLake_2419.jpg,SeaLake,9
datasets/eurosat/EuroSAT_RGB/SeaLake/SeaLake_2429.jpg,SeaLake,9
datasets/eurosat/EuroSAT_RGB/SeaLake/SeaLake_2432.jpg,SeaLake,9
datasets/eurosat/EuroSAT_RGB/SeaLake/SeaLake_2447.jpg,SeaLake,9
datasets/eurosat/EuroSAT_RGB/SeaLake/SeaLake_2477.jpg,SeaLake,9
datasets/eurosat/EuroSAT_RGB/SeaLake/SeaLake_25.jpg,SeaLake,9
datasets/eurosat/EuroSAT_RGB/SeaLake/SeaLake_2518.jpg,SeaLake,9
datasets/eurosat/EuroSAT_RGB/SeaLake/SeaLake_2521.jpg,SeaLake,9
datasets/eurosat/EuroSAT_RGB/SeaLake/SeaLake_2544.jpg,SeaLake,9
datasets/eurosat/EuroSAT_RGB/SeaLake/SeaLake_2554.jpg,SeaLake,9
datasets/eurosat/EuroSAT_RGB/SeaLake/SeaLake_2601.jpg,SeaLake,9
datasets/eurosat/EuroSAT_RGB/SeaLake/SeaLake_263.jpg,SeaLake,9
datasets/eurosat/EuroSAT_RGB/SeaLake/SeaLake_264.jpg,SeaLake,9
datasets/eurosat/EuroSAT_RGB/SeaLake/SeaLake_2642.jpg,SeaLake,9
datasets/eurosat/EuroSAT_RGB/SeaLake/SeaLake_2682.jpg,SeaLake,9
datasets/eurosat/EuroSAT_RGB/SeaLake/SeaLake_2683.jpg,SeaLake,9
datasets/eurosat/EuroSAT_RGB/SeaLake/SeaLake_2696.jpg,SeaLake,9
datasets/eurosat/EuroSAT_RGB/SeaLake/SeaLake_2704.jpg,SeaLake,9
datasets/eurosat/EuroSAT_RGB/SeaLake/SeaLake_2708.jpg,SeaLake,9
datasets/eurosat/EuroSAT_RGB/SeaLake/SeaLake_2709.jpg,SeaLake,9
datasets/eurosat/EuroSAT_RGB/SeaLake/SeaLake_2737.jpg,SeaLake,9
datasets/eurosat/EuroSAT_RGB/SeaLake/SeaLake_2754.jpg,SeaLake,9
datasets/eurosat/EuroSAT_RGB/SeaLake/SeaLake_2755.jpg,SeaLake,9
datasets/eurosat/EuroSAT_RGB/SeaLake/SeaLake_2762.jpg,SeaLake,9
datasets/eurosat/EuroSAT_RGB/SeaLake/SeaLake_278.jpg,SeaLake,9
datasets/eurosat/EuroSAT_RGB/SeaLake/SeaLake_2819.jpg,SeaLake,9
datasets/eurosat/EuroSAT_RGB/SeaLake/SeaLake_2822.jpg,SeaLake,9
datasets/eurosat/EuroSAT_RGB/SeaLake/SeaLake_2834.jpg,SeaLake,9
datasets/eurosat/EuroSAT_RGB/SeaLake/SeaLake_2835.jpg,SeaLake,9
datasets/eurosat/EuroSAT_RGB/SeaLake/SeaLake_2836.jpg,SeaLake,9
datasets/eurosat/EuroSAT_RGB/SeaLake/SeaLake_2840.jpg,SeaLake,9
datasets/eurosat/EuroSAT_RGB/SeaLake/SeaLake_2844.jpg,SeaLake,9
datasets/eurosat/EuroSAT_RGB/SeaLake/SeaLake_2855.jpg,SeaLake,9
datasets/eurosat/EuroSAT_RGB/SeaLake/SeaLake_2860.jpg,SeaLake,9
datasets/eurosat/EuroSAT_RGB/SeaLake/SeaLake_2869.jpg,SeaLake,9
datasets/eurosat/EuroSAT_RGB/SeaLake/SeaLake_2871.jpg,SeaLake,9
datasets/eurosat/EuroSAT_RGB/SeaLake/SeaLake_2891.jpg,SeaLake,9
datasets/eurosat/EuroSAT_RGB/SeaLake/SeaLake_2893.jpg,SeaLake,9
datasets/eurosat/EuroSAT_RGB/SeaLake/SeaLake_2915.jpg,SeaLake,9
datasets/eurosat/EuroSAT_RGB/SeaLake/SeaLake_2934.jpg,SeaLake,9
datasets/eurosat/EuroSAT_RGB/SeaLake/SeaLake_2937.jpg,SeaLake,9
datasets/eurosat/EuroSAT_RGB/SeaLake/SeaLake_2942.jpg,SeaLake,9
datasets/eurosat/EuroSAT_RGB/SeaLake/SeaLake_2955.jpg,SeaLake,9
datasets/eurosat/EuroSAT_RGB/SeaLake/SeaLake_2968.jpg,SeaLake,9
datasets/eurosat/EuroSAT_RGB/SeaLake/SeaLake_2981.jpg,SeaLake,9
datasets/eurosat/EuroSAT_RGB/SeaLake/SeaLake_2993.jpg,SeaLake,9
datasets/eurosat/EuroSAT_RGB/SeaLake/SeaLake_306.jpg,SeaLake,9
datasets/eurosat/EuroSAT_RGB/SeaLake/SeaLake_320.jpg,SeaLake,9
datasets/eurosat/EuroSAT_RGB/SeaLake/SeaLake_321.jpg,SeaLake,9
datasets/eurosat/EuroSAT_RGB/SeaLake/SeaLake_323.jpg,SeaLake,9
datasets/eurosat/EuroSAT_RGB/SeaLake/SeaLake_331.jpg,SeaLake,9
datasets/eurosat/EuroSAT_RGB/SeaLake/SeaLake_348.jpg,SeaLake,9
datasets/eurosat/EuroSAT_RGB/SeaLake/SeaLake_407.jpg,SeaLake,9
datasets/eurosat/EuroSAT_RGB/SeaLake/SeaLake_414.jpg,SeaLake,9
datasets/eurosat/EuroSAT_RGB/SeaLake/SeaLake_419.jpg,SeaLake,9
datasets/eurosat/EuroSAT_RGB/SeaLake/SeaLake_425.jpg,SeaLake,9
datasets/eurosat/EuroSAT_RGB/SeaLake/SeaLake_432.jpg,SeaLake,9
datasets/eurosat/EuroSAT_RGB/SeaLake/SeaLake_437.jpg,SeaLake,9
datasets/eurosat/EuroSAT_RGB/SeaLake/SeaLake_451.jpg,SeaLake,9
datasets/eurosat/EuroSAT_RGB/SeaLake/SeaLake_46.jpg,SeaLake,9
datasets/eurosat/EuroSAT_RGB/SeaLake/SeaLake_460.jpg,SeaLake,9
datasets/eurosat/EuroSAT_RGB/SeaLake/SeaLake_462.jpg,SeaLake,9
datasets/eurosat/EuroSAT_RGB/SeaLake/SeaLake_477.jpg,SeaLake,9
datasets/eurosat/EuroSAT_RGB/SeaLake/SeaLake_489.jpg,SeaLake,9
datasets/eurosat/EuroSAT_RGB/SeaLake/SeaLake_5.jpg,SeaLake,9
datasets/eurosat/EuroSAT_RGB/SeaLake/SeaLake_522.jpg,SeaLake,9
datasets/eurosat/EuroSAT_RGB/SeaLake/SeaLake_527.jpg,SeaLake,9
datasets/eurosat/EuroSAT_RGB/SeaLake/SeaLake_539.jpg,SeaLake,9
datasets/eurosat/EuroSAT_RGB/SeaLake/SeaLake_549.jpg,SeaLake,9
datasets/eurosat/EuroSAT_RGB/SeaLake/SeaLake_55.jpg,SeaLake,9
datasets/eurosat/EuroSAT_RGB/SeaLake/SeaLake_567.jpg,SeaLake,9
datasets/eurosat/EuroSAT_RGB/SeaLake/SeaLake_569.jpg,SeaLake,9
datasets/eurosat/EuroSAT_RGB/SeaLake/SeaLake_605.jpg,SeaLake,9
datasets/eurosat/EuroSAT_RGB/SeaLake/SeaLake_661.jpg,SeaLake,9
datasets/eurosat/EuroSAT_RGB/SeaLake/SeaLake_664.jpg,SeaLake,9
datasets/eurosat/EuroSAT_RGB/SeaLake/SeaLake_668.jpg,SeaLake,9
datasets/eurosat/EuroSAT_RGB/SeaLake/SeaLake_696.jpg,SeaLake,9
datasets/eurosat/EuroSAT_RGB/SeaLake/SeaLake_697.jpg,SeaLake,9
datasets/eurosat/EuroSAT_RGB/SeaLake/SeaLake_71.jpg,SeaLake,9
datasets/eurosat/EuroSAT_RGB/SeaLake/SeaLake_730.jpg,SeaLake,9
datasets/eurosat/EuroSAT_RGB/SeaLake/SeaLake_762.jpg,SeaLake,9
datasets/eurosat/EuroSAT_RGB/SeaLake/SeaLake_779.jpg,SeaLake,9
datasets/eurosat/EuroSAT_RGB/SeaLake/SeaLake_783.jpg,SeaLake,9
datasets/eurosat/EuroSAT_RGB/SeaLake/SeaLake_799.jpg,SeaLake,9
datasets/eurosat/EuroSAT_RGB/SeaLake/SeaLake_802.jpg,SeaLake,9
datasets/eurosat/EuroSAT_RGB/SeaLake/SeaLake_819.jpg,SeaLake,9
datasets/eurosat/EuroSAT_RGB/SeaLake/SeaLake_827.jpg,SeaLake,9
datasets/eurosat/EuroSAT_RGB/SeaLake/SeaLake_828.jpg,SeaLake,9
datasets/eurosat/EuroSAT_RGB/SeaLake/SeaLake_845.jpg,SeaLake,9
datasets/eurosat/EuroSAT_RGB/SeaLake/SeaLake_865.jpg,SeaLake,9
datasets/eurosat/EuroSAT_RGB/SeaLake/SeaLake_879.jpg,SeaLake,9
datasets/eurosat/EuroSAT_RGB/SeaLake/SeaLake_90.jpg,SeaLake,9
datasets/eurosat/EuroSAT_RGB/SeaLake/SeaLake_92.jpg,SeaLake,9
datasets/eurosat/EuroSAT_RGB/SeaLake/SeaLake_962.jpg,SeaLake,9
datasets/eurosat/EuroSAT_RGB/SeaLake/SeaLake_964.jpg,SeaLake,9
datasets/eurosat/EuroSAT_RGB/SeaLake/SeaLake_991.jpg,SeaLake,9
