image_id,relative_path,class_id,label,class_name,species,breed_id,official_split
Abyssinian_10,datasets/oxford_pets/images/Abyssinian_10.jpg,1,0,Abyssinian,1,1,trainval
Abyssinian_100,datasets/oxford_pets/images/Abyssinian_100.jpg,1,0,Abyssinian,1,1,trainval
Abyssinian_103,datasets/oxford_pets/images/Abyssinian_103.jpg,1,0,Abyssinian,1,1,trainval
Abyssinian_104,datasets/oxford_pets/images/Abyssinian_104.jpg,1,0,Abyssinian,1,1,trainval
Abyssinian_105,datasets/oxford_pets/images/Abyssinian_105.jpg,1,0,Abyssinian,1,1,trainval
Abyssinian_106,datasets/oxford_pets/images/Abyssinian_106.jpg,1,0,Abyssinian,1,1,trainval
Abyssinian_107,datasets/oxford_pets/images/Abyssinian_107.jpg,1,0,Abyssinian,1,1,trainval
Abyssinian_108,datasets/oxford_pets/images/Abyssinian_108.jpg,1,0,Abyssinian,1,1,trainval
Abyssinian_109,datasets/oxford_pets/images/Abyssinian_109.jpg,1,0,Abyssinian,1,1,trainval
Abyssinian_110,datasets/oxford_pets/images/Abyssinian_110.jpg,1,0,Abyssinian,1,1,trainval
Abyssinian_111,datasets/oxford_pets/images/Abyssinian_111.jpg,1,0,Abyssinian,1,1,trainval
Abyssinian_112,datasets/oxford_pets/images/Abyssinian_112.jpg,1,0,Abyssinian,1,1,trainval
Abyssinian_114,datasets/oxford_pets/images/Abyssinian_114.jpg,1,0,Abyssinian,1,1,trainval
Abyssinian_115,datasets/oxford_pets/images/Abyssinian_115.jpg,1,0,Abyssinian,1,1,trainval
Abyssinian_116,datasets/oxford_pets/images/Abyssinian_116.jpg,1,0,Abyssinian,1,1,trainval
Abyssinian_117,datasets/oxford_pets/images/Abyssinian_117.jpg,1,0,Abyssinian,1,1,trainval
Abyssinian_118,datasets/oxford_pets/images/Abyssinian_118.jpg,1,0,Abyssinian,1,1,trainval
Abyssinian_12,datasets/oxford_pets/images/Abyssinian_12.jpg,1,0,Abyssinian,1,1,trainval
Abyssinian_120,datasets/oxford_pets/images/Abyssinian_120.jpg,1,0,Abyssinian,1,1,trainval
Abyssinian_122,datasets/oxford_pets/images/Abyssinian_122.jpg,1,0,Abyssinian,1,1,trainval
Abyssinian_123,datasets/oxford_pets/images/Abyssinian_123.jpg,1,0,Abyssinian,1,1,trainval
Abyssinian_124,datasets/oxford_pets/images/Abyssinian_124.jpg,1,0,Abyssinian,1,1,trainval
Abyssinian_125,datasets/oxford_pets/images/Abyssinian_125.jpg,1,0,Abyssinian,1,1,trainval
Abyssinian_126,datasets/oxford_pets/images/Abyssinian_126.jpg,1,0,Abyssinian,1,1,trainval
Abyssinian_128,datasets/oxford_pets/images/Abyssinian_128.jpg,1,0,Abyssinian,1,1,trainval
Abyssinian_129,datasets/oxford_pets/images/Abyssinian_129.jpg,1,0,Abyssinian,1,1,trainval
Abyssinian_13,datasets/oxford_pets/images/Abyssinian_13.jpg,1,0,Abyssinian,1,1,trainval
Abyssinian_130,datasets/oxford_pets/images/Abyssinian_130.jpg,1,0,Abyssinian,1,1,trainval
Abyssinian_131,datasets/oxford_pets/images/Abyssinian_131.jpg,1,0,Abyssinian,1,1,trainval
Abyssinian_132,datasets/oxford_pets/images/Abyssinian_132.jpg,1,0,Abyssinian,1,1,trainval
Abyssinian_133,datasets/oxford_pets/images/Abyssinian_133.jpg,1,0,Abyssinian,1,1,trainval
Abyssinian_135,datasets/oxford_pets/images/Abyssinian_135.jpg,1,0,Abyssinian,1,1,trainval
Abyssinian_136,datasets/oxford_pets/images/Abyssinian_136.jpg,1,0,Abyssinian,1,1,trainval
Abyssinian_137,datasets/oxford_pets/images/Abyssinian_137.jpg,1,0,Abyssinian,1,1,trainval
Abyssinian_138,datasets/oxford_pets/images/Abyssinian_138.jpg,1,0,Abyssinian,1,1,trainval
Abyssinian_139,datasets/oxford_pets/images/Abyssinian_139.jpg,1,0,Abyssinian,1,1,trainval
Abyssinian_14,datasets/oxford_pets/images/Abyssinian_14.jpg,1,0,Abyssinian,1,1,trainval
Abyssinian_140,datasets/oxford_pets/images/Abyssinian_140.jpg,1,0,Abyssinian,1,1,trainval
Abyssinian_141,datasets/oxford_pets/images/Abyssinian_141.jpg,1,0,Abyssinian,1,1,trainval
Abyssinian_142,datasets/oxford_pets/images/Abyssinian_142.jpg,1,0,Abyssinian,1,1,trainval
Abyssinian_143,datasets/oxford_pets/images/Abyssinian_143.jpg,1,0,Abyssinian,1,1,trainval
Abyssinian_144,datasets/oxford_pets/images/Abyssinian_144.jpg,1,0,Abyssinian,1,1,trainval
Abyssinian_145,datasets/oxford_pets/images/Abyssinian_145.jpg,1,0,Abyssinian,1,1,trainval
Abyssinian_146,datasets/oxford_pets/images/Abyssinian_146.jpg,1,0,Abyssinian,1,1,trainval
Abyssinian_148,datasets/oxford_pets/images/Abyssinian_148.jpg,1,0,Abyssinian,1,1,trainval
Abyssinian_15,datasets/oxford_pets/images/Abyssinian_15.jpg,1,0,Abyssinian,1,1,trainval
Abyssinian_150,datasets/oxford_pets/images/Abyssinian_150.jpg,1,0,Abyssinian,1,1,trainval
Abyssinian_151,datasets/oxford_pets/images/Abyssinian_151.jpg,1,0,Abyssinian,1,1,trainval
Abyssinian_152,datasets/oxford_pets/images/Abyssinian_152.jpg,1,0,Abyssinian,1,1,trainval
Abyssinian_153,datasets/oxford_pets/images/Abyssinian_153.jpg,1,0,Abyssinian,1,1,trainval
Abyssinian_154,datasets/oxford_pets/images/Abyssinian_154.jpg,1,0,Abyssinian,1,1,trainval
Abyssinian_157,datasets/oxford_pets/images/Abyssinian_157.jpg,1,0,Abyssinian,1,1,trainval
Abyssinian_158,datasets/oxford_pets/images/Abyssinian_158.jpg,1,0,Abyssinian,1,1,trainval
Abyssinian_16,datasets/oxford_pets/images/Abyssinian_16.jpg,1,0,Abyssinian,1,1,trainval
Abyssinian_160,datasets/oxford_pets/images/Abyssinian_160.jpg,1,0,Abyssinian,1,1,trainval
Abyssinian_161,datasets/oxford_pets/images/Abyssinian_161.jpg,1,0,Abyssinian,1,1,trainval
Abyssinian_164,datasets/oxford_pets/images/Abyssinian_164.jpg,1,0,Abyssinian,1,1,trainval
Abyssinian_165,datasets/oxford_pets/images/Abyssinian_165.jpg,1,0,Abyssinian,1,1,trainval
Abyssinian_166,datasets/oxford_pets/images/Abyssinian_166.jpg,1,0,Abyssinian,1,1,trainval
Abyssinian_167,datasets/oxford_pets/images/Abyssinian_167.jpg,1,0,Abyssinian,1,1,trainval
Abyssinian_169,datasets/oxford_pets/images/Abyssinian_169.jpg,1,0,Abyssinian,1,1,trainval
Abyssinian_17,datasets/oxford_pets/images/Abyssinian_17.jpg,1,0,Abyssinian,1,1,trainval
Abyssinian_172,datasets/oxford_pets/images/Abyssinian_172.jpg,1,0,Abyssinian,1,1,trainval
Abyssinian_173,datasets/oxford_pets/images/Abyssinian_173.jpg,1,0,Abyssinian,1,1,trainval
Abyssinian_174,datasets/oxford_pets/images/Abyssinian_174.jpg,1,0,Abyssinian,1,1,trainval
Abyssinian_175,datasets/oxford_pets/images/Abyssinian_175.jpg,1,0,Abyssinian,1,1,trainval
Abyssinian_176,datasets/oxford_pets/images/Abyssinian_176.jpg,1,0,Abyssinian,1,1,trainval
Abyssinian_177,datasets/oxford_pets/images/Abyssinian_177.jpg,1,0,Abyssinian,1,1,trainval
Abyssinian_178,datasets/oxford_pets/images/Abyssinian_178.jpg,1,0,Abyssinian,1,1,trainval
Abyssinian_18,datasets/oxford_pets/images/Abyssinian_18.jpg,1,0,Abyssinian,1,1,trainval
Abyssinian_180,datasets/oxford_pets/images/Abyssinian_180.jpg,1,0,Abyssinian,1,1,trainval
Abyssinian_184,datasets/oxford_pets/images/Abyssinian_184.jpg,1,0,Abyssinian,1,1,trainval
Abyssinian_185,datasets/oxford_pets/images/Abyssinian_185.jpg,1,0,Abyssinian,1,1,trainval
Abyssinian_19,datasets/oxford_pets/images/Abyssinian_19.jpg,1,0,Abyssinian,1,1,trainval
Abyssinian_190,datasets/oxford_pets/images/Abyssinian_190.jpg,1,0,Abyssinian,1,1,trainval
Abyssinian_192,datasets/oxford_pets/images/Abyssinian_192.jpg,1,0,Abyssinian,1,1,trainval
Abyssinian_193,datasets/oxford_pets/images/Abyssinian_193.jpg,1,0,Abyssinian,1,1,trainval
Abyssinian_195,datasets/oxford_pets/images/Abyssinian_195.jpg,1,0,Abyssinian,1,1,trainval
Abyssinian_196,datasets/oxford_pets/images/Abyssinian_196.jpg,1,0,Abyssinian,1,1,trainval
Abyssinian_197,datasets/oxford_pets/images/Abyssinian_197.jpg,1,0,Abyssinian,1,1,trainval
Bengal_10,datasets/oxford_pets/images/Bengal_10.jpg,6,5,Bengal,1,2,trainval
Bengal_100,datasets/oxford_pets/images/Bengal_100.jpg,6,5,Bengal,1,2,trainval
Bengal_102,datasets/oxford_pets/images/Bengal_102.jpg,6,5,Bengal,1,2,trainval
Bengal_103,datasets/oxford_pets/images/Bengal_103.jpg,6,5,Bengal,1,2,trainval
Bengal_104,datasets/oxford_pets/images/Bengal_104.jpg,6,5,Bengal,1,2,trainval
Bengal_105,datasets/oxford_pets/images/Bengal_105.jpg,6,5,Bengal,1,2,trainval
Bengal_108,datasets/oxford_pets/images/Bengal_108.jpg,6,5,Bengal,1,2,trainval
Bengal_109,datasets/oxford_pets/images/Bengal_109.jpg,6,5,Bengal,1,2,trainval
Bengal_11,datasets/oxford_pets/images/Bengal_11.jpg,6,5,Bengal,1,2,trainval
Bengal_111,datasets/oxford_pets/images/Bengal_111.jpg,6,5,Bengal,1,2,trainval
Bengal_112,datasets/oxford_pets/images/Bengal_112.jpg,6,5,Bengal,1,2,trainval
Bengal_113,datasets/oxford_pets/images/Bengal_113.jpg,6,5,Bengal,1,2,trainval
Bengal_114,datasets/oxford_pets/images/Bengal_114.jpg,6,5,Bengal,1,2,trainval
Bengal_115,datasets/oxford_pets/images/Bengal_115.jpg,6,5,Bengal,1,2,trainval
Bengal_116,datasets/oxford_pets/images/Bengal_116.jpg,6,5,Bengal,1,2,trainval
Bengal_117,datasets/oxford_pets/images/Bengal_117.jpg,6,5,Bengal,1,2,trainval
Bengal_118,datasets/oxford_pets/images/Bengal_118.jpg,6,5,Bengal,1,2,trainval
Bengal_12,datasets/oxford_pets/images/Bengal_12.jpg,6,5,Bengal,1,2,trainval
Bengal_120,datasets/oxford_pets/images/Bengal_120.jpg,6,5,Bengal,1,2,trainval
Bengal_121,datasets/oxford_pets/images/Bengal_121.jpg,6,5,Bengal,1,2,trainval
Bengal_122,datasets/oxford_pets/images/Bengal_122.jpg,6,5,Bengal,1,2,trainval
Bengal_124,datasets/oxford_pets/images/Bengal_124.jpg,6,5,Bengal,1,2,trainval
Bengal_125,datasets/oxford_pets/images/Bengal_125.jpg,6,5,Bengal,1,2,trainval
Bengal_127,datasets/oxford_pets/images/Bengal_127.jpg,6,5,Bengal,1,2,trainval
Bengal_128,datasets/oxford_pets/images/Bengal_128.jpg,6,5,Bengal,1,2,trainval
Bengal_129,datasets/oxford_pets/images/Bengal_129.jpg,6,5,Bengal,1,2,trainval
Bengal_13,datasets/oxford_pets/images/Bengal_13.jpg,6,5,Bengal,1,2,trainval
Bengal_133,datasets/oxford_pets/images/Bengal_133.jpg,6,5,Bengal,1,2,trainval
Bengal_134,datasets/oxford_pets/images/Bengal_134.jpg,6,5,Bengal,1,2,trainval
Bengal_135,datasets/oxford_pets/images/Bengal_135.jpg,6,5,Bengal,1,2,trainval
Bengal_136,datasets/oxford_pets/images/Bengal_136.jpg,6,5,Bengal,1,2,trainval
Bengal_137,datasets/oxford_pets/images/Bengal_137.jpg,6,5,Bengal,1,2,trainval
Bengal_138,datasets/oxford_pets/images/Bengal_138.jpg,6,5,Bengal,1,2,trainval
Bengal_139,datasets/oxford_pets/images/Bengal_139.jpg,6,5,Bengal,1,2,trainval
Bengal_14,datasets/oxford_pets/images/Bengal_14.jpg,6,5,Bengal,1,2,trainval
Bengal_140,datasets/oxford_pets/images/Bengal_140.jpg,6,5,Bengal,1,2,trainval
Bengal_142,datasets/oxford_pets/images/Bengal_142.jpg,6,5,Bengal,1,2,trainval
Bengal_143,datasets/oxford_pets/images/Bengal_143.jpg,6,5,Bengal,1,2,trainval
Bengal_144,datasets/oxford_pets/images/Bengal_144.jpg,6,5,Bengal,1,2,trainval
Bengal_145,datasets/oxford_pets/images/Bengal_145.jpg,6,5,Bengal,1,2,trainval
Bengal_146,datasets/oxford_pets/images/Bengal_146.jpg,6,5,Bengal,1,2,trainval
Bengal_147,datasets/oxford_pets/images/Bengal_147.jpg,6,5,Bengal,1,2,trainval
Bengal_148,datasets/oxford_pets/images/Bengal_148.jpg,6,5,Bengal,1,2,trainval
Bengal_149,datasets/oxford_pets/images/Bengal_149.jpg,6,5,Bengal,1,2,trainval
Bengal_15,datasets/oxford_pets/images/Bengal_15.jpg,6,5,Bengal,1,2,trainval
Bengal_150,datasets/oxford_pets/images/Bengal_150.jpg,6,5,Bengal,1,2,trainval
Bengal_151,datasets/oxford_pets/images/Bengal_151.jpg,6,5,Bengal,1,2,trainval
Bengal_153,datasets/oxford_pets/images/Bengal_153.jpg,6,5,Bengal,1,2,trainval
Bengal_154,datasets/oxford_pets/images/Bengal_154.jpg,6,5,Bengal,1,2,trainval
Bengal_155,datasets/oxford_pets/images/Bengal_155.jpg,6,5,Bengal,1,2,trainval
Bengal_156,datasets/oxford_pets/images/Bengal_156.jpg,6,5,Bengal,1,2,trainval
Bengal_157,datasets/oxford_pets/images/Bengal_157.jpg,6,5,Bengal,1,2,trainval
Bengal_158,datasets/oxford_pets/images/Bengal_158.jpg,6,5,Bengal,1,2,trainval
Bengal_159,datasets/oxford_pets/images/Bengal_159.jpg,6,5,Bengal,1,2,trainval
Bengal_16,datasets/oxford_pets/images/Bengal_16.jpg,6,5,Bengal,1,2,trainval
Bengal_160,datasets/oxford_pets/images/Bengal_160.jpg,6,5,Bengal,1,2,trainval
Bengal_162,datasets/oxford_pets/images/Bengal_162.jpg,6,5,Bengal,1,2,trainval
Bengal_163,datasets/oxford_pets/images/Bengal_163.jpg,6,5,Bengal,1,2,trainval
Bengal_164,datasets/oxford_pets/images/Bengal_164.jpg,6,5,Bengal,1,2,trainval
Bengal_165,datasets/oxford_pets/images/Bengal_165.jpg,6,5,Bengal,1,2,trainval
Bengal_166,datasets/oxford_pets/images/Bengal_166.jpg,6,5,Bengal,1,2,trainval
Bengal_169,datasets/oxford_pets/images/Bengal_169.jpg,6,5,Bengal,1,2,trainval
Bengal_17,datasets/oxford_pets/images/Bengal_17.jpg,6,5,Bengal,1,2,trainval
Bengal_170,datasets/oxford_pets/images/Bengal_170.jpg,6,5,Bengal,1,2,trainval
Bengal_171,datasets/oxford_pets/images/Bengal_171.jpg,6,5,Bengal,1,2,trainval
Bengal_172,datasets/oxford_pets/images/Bengal_172.jpg,6,5,Bengal,1,2,trainval
Bengal_174,datasets/oxford_pets/images/Bengal_174.jpg,6,5,Bengal,1,2,trainval
Bengal_176,datasets/oxford_pets/images/Bengal_176.jpg,6,5,Bengal,1,2,trainval
Bengal_177,datasets/oxford_pets/images/Bengal_177.jpg,6,5,Bengal,1,2,trainval
Bengal_178,datasets/oxford_pets/images/Bengal_178.jpg,6,5,Bengal,1,2,trainval
Bengal_18,datasets/oxford_pets/images/Bengal_18.jpg,6,5,Bengal,1,2,trainval
Bengal_180,datasets/oxford_pets/images/Bengal_180.jpg,6,5,Bengal,1,2,trainval
Bengal_183,datasets/oxford_pets/images/Bengal_183.jpg,6,5,Bengal,1,2,trainval
Bengal_184,datasets/oxford_pets/images/Bengal_184.jpg,6,5,Bengal,1,2,trainval
Bengal_185,datasets/oxford_pets/images/Bengal_185.jpg,6,5,Bengal,1,2,trainval
Bengal_186,datasets/oxford_pets/images/Bengal_186.jpg,6,5,Bengal,1,2,trainval
Bengal_188,datasets/oxford_pets/images/Bengal_188.jpg,6,5,Bengal,1,2,trainval
Bengal_189,datasets/oxford_pets/images/Bengal_189.jpg,6,5,Bengal,1,2,trainval
Bengal_190,datasets/oxford_pets/images/Bengal_190.jpg,6,5,Bengal,1,2,trainval
Bengal_191,datasets/oxford_pets/images/Bengal_191.jpg,6,5,Bengal,1,2,trainval
Birman_10,datasets/oxford_pets/images/Birman_10.jpg,7,6,Birman,1,3,trainval
Birman_100,datasets/oxford_pets/images/Birman_100.jpg,7,6,Birman,1,3,trainval
Birman_101,datasets/oxford_pets/images/Birman_101.jpg,7,6,Birman,1,3,trainval
Birman_102,datasets/oxford_pets/images/Birman_102.jpg,7,6,Birman,1,3,trainval
Birman_104,datasets/oxford_pets/images/Birman_104.jpg,7,6,Birman,1,3,trainval
Birman_105,datasets/oxford_pets/images/Birman_105.jpg,7,6,Birman,1,3,trainval
Birman_106,datasets/oxford_pets/images/Birman_106.jpg,7,6,Birman,1,3,trainval
Birman_107,datasets/oxford_pets/images/Birman_107.jpg,7,6,Birman,1,3,trainval
Birman_108,datasets/oxford_pets/images/Birman_108.jpg,7,6,Birman,1,3,trainval
Birman_109,datasets/oxford_pets/images/Birman_109.jpg,7,6,Birman,1,3,trainval
Birman_11,datasets/oxford_pets/images/Birman_11.jpg,7,6,Birman,1,3,trainval
Birman_110,datasets/oxford_pets/images/Birman_110.jpg,7,6,Birman,1,3,trainval
Birman_112,datasets/oxford_pets/images/Birman_112.jpg,7,6,Birman,1,3,trainval
Birman_113,datasets/oxford_pets/images/Birman_113.jpg,7,6,Birman,1,3,trainval
Birman_114,datasets/oxford_pets/images/Birman_114.jpg,7,6,Birman,1,3,trainval
Birman_116,datasets/oxford_pets/images/Birman_116.jpg,7,6,Birman,1,3,trainval
Birman_118,datasets/oxford_pets/images/Birman_118.jpg,7,6,Birman,1,3,trainval
Birman_119,datasets/oxford_pets/images/Birman_119.jpg,7,6,Birman,1,3,trainval
Birman_12,datasets/oxford_pets/images/Birman_12.jpg,7,6,Birman,1,3,trainval
Birman_120,datasets/oxford_pets/images/Birman_120.jpg,7,6,Birman,1,3,trainval
Birman_121,datasets/oxford_pets/images/Birman_121.jpg,7,6,Birman,1,3,trainval
Birman_122,datasets/oxford_pets/images/Birman_122.jpg,7,6,Birman,1,3,trainval
Birman_123,datasets/oxford_pets/images/Birman_123.jpg,7,6,Birman,1,3,trainval
Birman_124,datasets/oxford_pets/images/Birman_124.jpg,7,6,Birman,1,3,trainval
Birman_125,datasets/oxford_pets/images/Birman_125.jpg,7,6,Birman,1,3,trainval
Birman_126,datasets/oxford_pets/images/Birman_126.jpg,7,6,Birman,1,3,trainval
Birman_127,datasets/oxford_pets/images/Birman_127.jpg,7,6,Birman,1,3,trainval
Birman_129,datasets/oxford_pets/images/Birman_129.jpg,7,6,Birman,1,3,trainval
Birman_13,datasets/oxford_pets/images/Birman_13.jpg,7,6,Birman,1,3,trainval
Birman_130,datasets/oxford_pets/images/Birman_130.jpg,7,6,Birman,1,3,trainval
Birman_131,datasets/oxford_pets/images/Birman_131.jpg,7,6,Birman,1,3,trainval
Birman_133,datasets/oxford_pets/images/Birman_133.jpg,7,6,Birman,1,3,trainval
Birman_134,datasets/oxford_pets/images/Birman_134.jpg,7,6,Birman,1,3,trainval
Birman_136,datasets/oxford_pets/images/Birman_136.jpg,7,6,Birman,1,3,trainval
Birman_137,datasets/oxford_pets/images/Birman_137.jpg,7,6,Birman,1,3,trainval
Birman_138,datasets/oxford_pets/images/Birman_138.jpg,7,6,Birman,1,3,trainval
Birman_139,datasets/oxford_pets/images/Birman_139.jpg,7,6,Birman,1,3,trainval
Birman_14,datasets/oxford_pets/images/Birman_14.jpg,7,6,Birman,1,3,trainval
Birman_141,datasets/oxford_pets/images/Birman_141.jpg,7,6,Birman,1,3,trainval
Birman_142,datasets/oxford_pets/images/Birman_142.jpg,7,6,Birman,1,3,trainval
Birman_143,datasets/oxford_pets/images/Birman_143.jpg,7,6,Birman,1,3,trainval
Birman_144,datasets/oxford_pets/images/Birman_144.jpg,7,6,Birman,1,3,trainval
Birman_145,datasets/oxford_pets/images/Birman_145.jpg,7,6,Birman,1,3,trainval
Birman_146,datasets/oxford_pets/images/Birman_146.jpg,7,6,Birman,1,3,trainval
Birman_147,datasets/oxford_pets/images/Birman_147.jpg,7,6,Birman,1,3,trainval
Birman_148,datasets/oxford_pets/images/Birman_148.jpg,7,6,Birman,1,3,trainval
Birman_15,datasets/oxford_pets/images/Birman_15.jpg,7,6,Birman,1,3,trainval
Birman_150,datasets/oxford_pets/images/Birman_150.jpg,7,6,Birman,1,3,trainval
Birman_151,datasets/oxford_pets/images/Birman_151.jpg,7,6,Birman,1,3,trainval
Birman_153,datasets/oxford_pets/images/Birman_153.jpg,7,6,Birman,1,3,trainval
Birman_154,datasets/oxford_pets/images/Birman_154.jpg,7,6,Birman,1,3,trainval
Birman_156,datasets/oxford_pets/images/Birman_156.jpg,7,6,Birman,1,3,trainval
Birman_157,datasets/oxford_pets/images/Birman_157.jpg,7,6,Birman,1,3,trainval
Birman_158,datasets/oxford_pets/images/Birman_158.jpg,7,6,Birman,1,3,trainval
Birman_159,datasets/oxford_pets/images/Birman_159.jpg,7,6,Birman,1,3,trainval
Birman_16,datasets/oxford_pets/images/Birman_16.jpg,7,6,Birman,1,3,trainval
Birman_161,datasets/oxford_pets/images/Birman_161.jpg,7,6,Birman,1,3,trainval
Birman_162,datasets/oxford_pets/images/Birman_162.jpg,7,6,Birman,1,3,trainval
Birman_165,datasets/oxford_pets/images/Birman_165.jpg,7,6,Birman,1,3,trainval
Birman_166,datasets/oxford_pets/images/Birman_166.jpg,7,6,Birman,1,3,trainval
Birman_168,datasets/oxford_pets/images/Birman_168.jpg,7,6,Birman,1,3,trainval
Birman_169,datasets/oxford_pets/images/Birman_169.jpg,7,6,Birman,1,3,trainval
Birman_170,datasets/oxford_pets/images/Birman_170.jpg,7,6,Birman,1,3,trainval
Birman_171,datasets/oxford_pets/images/Birman_171.jpg,7,6,Birman,1,3,trainval
Birman_172,datasets/oxford_pets/images/Birman_172.jpg,7,6,Birman,1,3,trainval
Birman_173,datasets/oxford_pets/images/Birman_173.jpg,7,6,Birman,1,3,trainval
Birman_174,datasets/oxford_pets/images/Birman_174.jpg,7,6,Birman,1,3,trainval
Birman_175,datasets/oxford_pets/images/Birman_175.jpg,7,6,Birman,1,3,trainval
Birman_176,datasets/oxford_pets/images/Birman_176.jpg,7,6,Birman,1,3,trainval
Birman_177,datasets/oxford_pets/images/Birman_177.jpg,7,6,Birman,1,3,trainval
Birman_179,datasets/oxford_pets/images/Birman_179.jpg,7,6,Birman,1,3,trainval
Birman_18,datasets/oxford_pets/images/Birman_18.jpg,7,6,Birman,1,3,trainval
Birman_181,datasets/oxford_pets/images/Birman_181.jpg,7,6,Birman,1,3,trainval
Birman_183,datasets/oxford_pets/images/Birman_183.jpg,7,6,Birman,1,3,trainval
Birman_184,datasets/oxford_pets/images/Birman_184.jpg,7,6,Birman,1,3,trainval
Birman_185,datasets/oxford_pets/images/Birman_185.jpg,7,6,Birman,1,3,trainval
Birman_186,datasets/oxford_pets/images/Birman_186.jpg,7,6,Birman,1,3,trainval
Birman_188,datasets/oxford_pets/images/Birman_188.jpg,7,6,Birman,1,3,trainval
Birman_189,datasets/oxford_pets/images/Birman_189.jpg,7,6,Birman,1,3,trainval
Birman_190,datasets/oxford_pets/images/Birman_190.jpg,7,6,Birman,1,3,trainval
Bombay_1,datasets/oxford_pets/images/Bombay_1.jpg,8,7,Bombay,1,4,trainval
Bombay_101,datasets/oxford_pets/images/Bombay_101.jpg,8,7,Bombay,1,4,trainval
Bombay_102,datasets/oxford_pets/images/Bombay_102.jpg,8,7,Bombay,1,4,trainval
Bombay_103,datasets/oxford_pets/images/Bombay_103.jpg,8,7,Bombay,1,4,trainval
Bombay_106,datasets/oxford_pets/images/Bombay_106.jpg,8,7,Bombay,1,4,trainval
Bombay_107,datasets/oxford_pets/images/Bombay_107.jpg,8,7,Bombay,1,4,trainval
Bombay_108,datasets/oxford_pets/images/Bombay_108.jpg,8,7,Bombay,1,4,trainval
Bombay_109,datasets/oxford_pets/images/Bombay_109.jpg,8,7,Bombay,1,4,trainval
Bombay_110,datasets/oxford_pets/images/Bombay_110.jpg,8,7,Bombay,1,4,trainval
Bombay_111,datasets/oxford_pets/images/Bombay_111.jpg,8,7,Bombay,1,4,trainval
Bombay_112,datasets/oxford_pets/images/Bombay_112.jpg,8,7,Bombay,1,4,trainval
Bombay_113,datasets/oxford_pets/images/Bombay_113.jpg,8,7,Bombay,1,4,trainval
Bombay_114,datasets/oxford_pets/images/Bombay_114.jpg,8,7,Bombay,1,4,trainval
Bombay_115,datasets/oxford_pets/images/Bombay_115.jpg,8,7,Bombay,1,4,trainval
Bombay_117,datasets/oxford_pets/images/Bombay_117.jpg,8,7,Bombay,1,4,trainval
Bombay_118,datasets/oxford_pets/images/Bombay_118.jpg,8,7,Bombay,1,4,trainval
Bombay_12,datasets/oxford_pets/images/Bombay_12.jpg,8,7,Bombay,1,4,trainval
Bombay_120,datasets/oxford_pets/images/Bombay_120.jpg,8,7,Bombay,1,4,trainval
Bombay_121,datasets/oxford_pets/images/Bombay_121.jpg,8,7,Bombay,1,4,trainval
Bombay_122,datasets/oxford_pets/images/Bombay_122.jpg,8,7,Bombay,1,4,trainval
Bombay_123,datasets/oxford_pets/images/Bombay_123.jpg,8,7,Bombay,1,4,trainval
Bombay_127,datasets/oxford_pets/images/Bombay_127.jpg,8,7,Bombay,1,4,trainval
Bombay_128,datasets/oxford_pets/images/Bombay_128.jpg,8,7,Bombay,1,4,trainval
Bombay_129,datasets/oxford_pets/images/Bombay_129.jpg,8,7,Bombay,1,4,trainval
Bombay_13,datasets/oxford_pets/images/Bombay_13.jpg,8,7,Bombay,1,4,trainval
Bombay_130,datasets/oxford_pets/images/Bombay_130.jpg,8,7,Bombay,1,4,trainval
Bombay_132,datasets/oxford_pets/images/Bombay_132.jpg,8,7,Bombay,1,4,trainval
Bombay_133,datasets/oxford_pets/images/Bombay_133.jpg,8,7,Bombay,1,4,trainval
Bombay_134,datasets/oxford_pets/images/Bombay_134.jpg,8,7,Bombay,1,4,trainval
Bombay_135,datasets/oxford_pets/images/Bombay_135.jpg,8,7,Bombay,1,4,trainval
Bombay_136,datasets/oxford_pets/images/Bombay_136.jpg,8,7,Bombay,1,4,trainval
Bombay_137,datasets/oxford_pets/images/Bombay_137.jpg,8,7,Bombay,1,4,trainval
Bombay_138,datasets/oxford_pets/images/Bombay_138.jpg,8,7,Bombay,1,4,trainval
Bombay_139,datasets/oxford_pets/images/Bombay_139.jpg,8,7,Bombay,1,4,trainval
Bombay_14,datasets/oxford_pets/images/Bombay_14.jpg,8,7,Bombay,1,4,trainval
Bombay_140,datasets/oxford_pets/images/Bombay_140.jpg,8,7,Bombay,1,4,trainval
Bombay_141,datasets/oxford_pets/images/Bombay_141.jpg,8,7,Bombay,1,4,trainval
Bombay_143,datasets/oxford_pets/images/Bombay_143.jpg,8,7,Bombay,1,4,trainval
Bombay_144,datasets/oxford_pets/images/Bombay_144.jpg,8,7,Bombay,1,4,trainval
Bombay_145,datasets/oxford_pets/images/Bombay_145.jpg,8,7,Bombay,1,4,trainval
Bombay_146,datasets/oxford_pets/images/Bombay_146.jpg,8,7,Bombay,1,4,trainval
Bombay_15,datasets/oxford_pets/images/Bombay_15.jpg,8,7,Bombay,1,4,trainval
Bombay_150,datasets/oxford_pets/images/Bombay_150.jpg,8,7,Bombay,1,4,trainval
Bombay_151,datasets/oxford_pets/images/Bombay_151.jpg,8,7,Bombay,1,4,trainval
Bombay_152,datasets/oxford_pets/images/Bombay_152.jpg,8,7,Bombay,1,4,trainval
Bombay_153,datasets/oxford_pets/images/Bombay_153.jpg,8,7,Bombay,1,4,trainval
Bombay_155,datasets/oxford_pets/images/Bombay_155.jpg,8,7,Bombay,1,4,trainval
Bombay_156,datasets/oxford_pets/images/Bombay_156.jpg,8,7,Bombay,1,4,trainval
Bombay_157,datasets/oxford_pets/images/Bombay_157.jpg,8,7,Bombay,1,4,trainval
Bombay_159,datasets/oxford_pets/images/Bombay_159.jpg,8,7,Bombay,1,4,trainval
Bombay_16,datasets/oxford_pets/images/Bombay_16.jpg,8,7,Bombay,1,4,trainval
Bombay_160,datasets/oxford_pets/images/Bombay_160.jpg,8,7,Bombay,1,4,trainval
Bombay_162,datasets/oxford_pets/images/Bombay_162.jpg,8,7,Bombay,1,4,trainval
Bombay_164,datasets/oxford_pets/images/Bombay_164.jpg,8,7,Bombay,1,4,trainval
Bombay_166,datasets/oxford_pets/images/Bombay_166.jpg,8,7,Bombay,1,4,trainval
Bombay_167,datasets/oxford_pets/images/Bombay_167.jpg,8,7,Bombay,1,4,trainval
Bombay_168,datasets/oxford_pets/images/Bombay_168.jpg,8,7,Bombay,1,4,trainval
Bombay_169,datasets/oxford_pets/images/Bombay_169.jpg,8,7,Bombay,1,4,trainval
Bombay_170,datasets/oxford_pets/images/Bombay_170.jpg,8,7,Bombay,1,4,trainval
Bombay_171,datasets/oxford_pets/images/Bombay_171.jpg,8,7,Bombay,1,4,trainval
Bombay_172,datasets/oxford_pets/images/Bombay_172.jpg,8,7,Bombay,1,4,trainval
Bombay_173,datasets/oxford_pets/images/Bombay_173.jpg,8,7,Bombay,1,4,trainval
Bombay_174,datasets/oxford_pets/images/Bombay_174.jpg,8,7,Bombay,1,4,trainval
Bombay_176,datasets/oxford_pets/images/Bombay_176.jpg,8,7,Bombay,1,4,trainval
Bombay_177,datasets/oxford_pets/images/Bombay_177.jpg,8,7,Bombay,1,4,trainval
Bombay_178,datasets/oxford_pets/images/Bombay_178.jpg,8,7,Bombay,1,4,trainval
Bombay_179,datasets/oxford_pets/images/Bombay_179.jpg,8,7,Bombay,1,4,trainval
Bombay_18,datasets/oxford_pets/images/Bombay_18.jpg,8,7,Bombay,1,4,trainval
Bombay_180,datasets/oxford_pets/images/Bombay_180.jpg,8,7,Bombay,1,4,trainval
Bombay_181,datasets/oxford_pets/images/Bombay_181.jpg,8,7,Bombay,1,4,trainval
Bombay_182,datasets/oxford_pets/images/Bombay_182.jpg,8,7,Bombay,1,4,trainval
Bombay_185,datasets/oxford_pets/images/Bombay_185.jpg,8,7,Bombay,1,4,trainval
Bombay_186,datasets/oxford_pets/images/Bombay_186.jpg,8,7,Bombay,1,4,trainval
Bombay_188,datasets/oxford_pets/images/Bombay_188.jpg,8,7,Bombay,1,4,trainval
Bombay_191,datasets/oxford_pets/images/Bombay_191.jpg,8,7,Bombay,1,4,trainval
Bombay_194,datasets/oxford_pets/images/Bombay_194.jpg,8,7,Bombay,1,4,trainval
Bombay_198,datasets/oxford_pets/images/Bombay_198.jpg,8,7,Bombay,1,4,trainval
British_Shorthair_10,datasets/oxford_pets/images/British_Shorthair_10.jpg,10,9,British_Shorthair,1,5,trainval
British_Shorthair_100,datasets/oxford_pets/images/British_Shorthair_100.jpg,10,9,British_Shorthair,1,5,trainval
British_Shorthair_101,datasets/oxford_pets/images/British_Shorthair_101.jpg,10,9,British_Shorthair,1,5,trainval
British_Shorthair_102,datasets/oxford_pets/images/British_Shorthair_102.jpg,10,9,British_Shorthair,1,5,trainval
British_Shorthair_104,datasets/oxford_pets/images/British_Shorthair_104.jpg,10,9,British_Shorthair,1,5,trainval
British_Shorthair_106,datasets/oxford_pets/images/British_Shorthair_106.jpg,10,9,British_Shorthair,1,5,trainval
British_Shorthair_107,datasets/oxford_pets/images/British_Shorthair_107.jpg,10,9,British_Shorthair,1,5,trainval
British_Shorthair_108,datasets/oxford_pets/images/British_Shorthair_108.jpg,10,9,British_Shorthair,1,5,trainval
British_Shorthair_109,datasets/oxford_pets/images/British_Shorthair_109.jpg,10,9,British_Shorthair,1,5,trainval
British_Shorthair_110,datasets/oxford_pets/images/British_Shorthair_110.jpg,10,9,British_Shorthair,1,5,trainval
British_Shorthair_111,datasets/oxford_pets/images/British_Shorthair_111.jpg,10,9,British_Shorthair,1,5,trainval
British_Shorthair_112,datasets/oxford_pets/images/British_Shorthair_112.jpg,10,9,British_Shorthair,1,5,trainval
British_Shorthair_113,datasets/oxford_pets/images/British_Shorthair_113.jpg,10,9,British_Shorthair,1,5,trainval
British_Shorthair_114,datasets/oxford_pets/images/British_Shorthair_114.jpg,10,9,British_Shorthair,1,5,trainval
British_Shorthair_115,datasets/oxford_pets/images/British_Shorthair_115.jpg,10,9,British_Shorthair,1,5,trainval
British_Shorthair_116,datasets/oxford_pets/images/British_Shorthair_116.jpg,10,9,British_Shorthair,1,5,trainval
British_Shorthair_117,datasets/oxford_pets/images/British_Shorthair_117.jpg,10,9,British_Shorthair,1,5,trainval
British_Shorthair_118,datasets/oxford_pets/images/British_Shorthair_118.jpg,10,9,British_Shorthair,1,5,trainval
British_Shorthair_121,datasets/oxford_pets/images/British_Shorthair_121.jpg,10,9,British_Shorthair,1,5,trainval
British_Shorthair_123,datasets/oxford_pets/images/British_Shorthair_123.jpg,10,9,British_Shorthair,1,5,trainval
British_Shorthair_125,datasets/oxford_pets/images/British_Shorthair_125.jpg,10,9,British_Shorthair,1,5,trainval
British_Shorthair_126,datasets/oxford_pets/images/British_Shorthair_126.jpg,10,9,British_Shorthair,1,5,trainval
British_Shorthair_127,datasets/oxford_pets/images/British_Shorthair_127.jpg,10,9,British_Shorthair,1,5,trainval
British_Shorthair_128,datasets/oxford_pets/images/British_Shorthair_128.jpg,10,9,British_Shorthair,1,5,trainval
British_Shorthair_129,datasets/oxford_pets/images/British_Shorthair_129.jpg,10,9,British_Shorthair,1,5,trainval
British_Shorthair_130,datasets/oxford_pets/images/British_Shorthair_130.jpg,10,9,British_Shorthair,1,5,trainval
British_Shorthair_134,datasets/oxford_pets/images/British_Shorthair_134.jpg,10,9,British_Shorthair,1,5,trainval
British_Shorthair_135,datasets/oxford_pets/images/British_Shorthair_135.jpg,10,9,British_Shorthair,1,5,trainval
British_Shorthair_136,datasets/oxford_pets/images/British_Shorthair_136.jpg,10,9,British_Shorthair,1,5,trainval
British_Shorthair_137,datasets/oxford_pets/images/British_Shorthair_137.jpg,10,9,British_Shorthair,1,5,trainval
British_Shorthair_139,datasets/oxford_pets/images/British_Shorthair_139.jpg,10,9,British_Shorthair,1,5,trainval
British_Shorthair_140,datasets/oxford_pets/images/British_Shorthair_140.jpg,10,9,British_Shorthair,1,5,trainval
British_Shorthair_141,datasets/oxford_pets/images/British_Shorthair_141.jpg,10,9,British_Shorthair,1,5,trainval
British_Shorthair_144,datasets/oxford_pets/images/British_Shorthair_144.jpg,10,9,British_Shorthair,1,5,trainval
British_Shorthair_145,datasets/oxford_pets/images/British_Shorthair_145.jpg,10,9,British_Shorthair,1,5,trainval
British_Shorthair_148,datasets/oxford_pets/images/British_Shorthair_148.jpg,10,9,British_Shorthair,1,5,trainval
British_Shorthair_149,datasets/oxford_pets/images/British_Shorthair_149.jpg,10,9,British_Shorthair,1,5,trainval
British_Shorthair_151,datasets/oxford_pets/images/British_Shorthair_151.jpg,10,9,British_Shorthair,1,5,trainval
British_Shorthair_153,datasets/oxford_pets/images/British_Shorthair_153.jpg,10,9,British_Shorthair,1,5,trainval
British_Shorthair_154,datasets/oxford_pets/images/British_Shorthair_154.jpg,10,9,British_Shorthair,1,5,trainval
British_Shorthair_155,datasets/oxford_pets/images/British_Shorthair_155.jpg,10,9,British_Shorthair,1,5,trainval
British_Shorthair_156,datasets/oxford_pets/images/British_Shorthair_156.jpg,10,9,British_Shorthair,1,5,trainval
British_Shorthair_157,datasets/oxford_pets/images/British_Shorthair_157.jpg,10,9,British_Shorthair,1,5,trainval
British_Shorthair_158,datasets/oxford_pets/images/British_Shorthair_158.jpg,10,9,British_Shorthair,1,5,trainval
British_Shorthair_160,datasets/oxford_pets/images/British_Shorthair_160.jpg,10,9,British_Shorthair,1,5,trainval
British_Shorthair_163,datasets/oxford_pets/images/British_Shorthair_163.jpg,10,9,British_Shorthair,1,5,trainval
British_Shorthair_164,datasets/oxford_pets/images/British_Shorthair_164.jpg,10,9,British_Shorthair,1,5,trainval
British_Shorthair_166,datasets/oxford_pets/images/British_Shorthair_166.jpg,10,9,British_Shorthair,1,5,trainval
British_Shorthair_167,datasets/oxford_pets/images/British_Shorthair_167.jpg,10,9,British_Shorthair,1,5,trainval
British_Shorthair_169,datasets/oxford_pets/images/British_Shorthair_169.jpg,10,9,British_Shorthair,1,5,trainval
British_Shorthair_17,datasets/oxford_pets/images/British_Shorthair_17.jpg,10,9,British_Shorthair,1,5,trainval
British_Shorthair_170,datasets/oxford_pets/images/British_Shorthair_170.jpg,10,9,British_Shorthair,1,5,trainval
British_Shorthair_172,datasets/oxford_pets/images/British_Shorthair_172.jpg,10,9,British_Shorthair,1,5,trainval
British_Shorthair_173,datasets/oxford_pets/images/British_Shorthair_173.jpg,10,9,British_Shorthair,1,5,trainval
British_Shorthair_174,datasets/oxford_pets/images/British_Shorthair_174.jpg,10,9,British_Shorthair,1,5,trainval
British_Shorthair_175,datasets/oxford_pets/images/British_Shorthair_175.jpg,10,9,British_Shorthair,1,5,trainval
British_Shorthair_177,datasets/oxford_pets/images/British_Shorthair_177.jpg,10,9,British_Shorthair,1,5,trainval
British_Shorthair_178,datasets/oxford_pets/images/British_Shorthair_178.jpg,10,9,British_Shorthair,1,5,trainval
British_Shorthair_179,datasets/oxford_pets/images/British_Shorthair_179.jpg,10,9,British_Shorthair,1,5,trainval
British_Shorthair_18,datasets/oxford_pets/images/British_Shorthair_18.jpg,10,9,British_Shorthair,1,5,trainval
British_Shorthair_181,datasets/oxford_pets/images/British_Shorthair_181.jpg,10,9,British_Shorthair,1,5,trainval
British_Shorthair_182,datasets/oxford_pets/images/British_Shorthair_182.jpg,10,9,British_Shorthair,1,5,trainval
British_Shorthair_183,datasets/oxford_pets/images/British_Shorthair_183.jpg,10,9,British_Shorthair,1,5,trainval
British_Shorthair_184,datasets/oxford_pets/images/British_Shorthair_184.jpg,10,9,British_Shorthair,1,5,trainval
British_Shorthair_185,datasets/oxford_pets/images/British_Shorthair_185.jpg,10,9,British_Shorthair,1,5,trainval
British_Shorthair_186,datasets/oxford_pets/images/British_Shorthair_186.jpg,10,9,British_Shorthair,1,5,trainval
British_Shorthair_187,datasets/oxford_pets/images/British_Shorthair_187.jpg,10,9,British_Shorthair,1,5,trainval
British_Shorthair_188,datasets/oxford_pets/images/British_Shorthair_188.jpg,10,9,British_Shorthair,1,5,trainval
British_Shorthair_190,datasets/oxford_pets/images/British_Shorthair_190.jpg,10,9,British_Shorthair,1,5,trainval
British_Shorthair_193,datasets/oxford_pets/images/British_Shorthair_193.jpg,10,9,British_Shorthair,1,5,trainval
British_Shorthair_196,datasets/oxford_pets/images/British_Shorthair_196.jpg,10,9,British_Shorthair,1,5,trainval
British_Shorthair_197,datasets/oxford_pets/images/British_Shorthair_197.jpg,10,9,British_Shorthair,1,5,trainval
British_Shorthair_198,datasets/oxford_pets/images/British_Shorthair_198.jpg,10,9,British_Shorthair,1,5,trainval
British_Shorthair_199,datasets/oxford_pets/images/British_Shorthair_199.jpg,10,9,British_Shorthair,1,5,trainval
British_Shorthair_201,datasets/oxford_pets/images/British_Shorthair_201.jpg,10,9,British_Shorthair,1,5,trainval
British_Shorthair_203,datasets/oxford_pets/images/British_Shorthair_203.jpg,10,9,British_Shorthair,1,5,trainval
British_Shorthair_205,datasets/oxford_pets/images/British_Shorthair_205.jpg,10,9,British_Shorthair,1,5,trainval
British_Shorthair_207,datasets/oxford_pets/images/British_Shorthair_207.jpg,10,9,British_Shorthair,1,5,trainval
British_Shorthair_209,datasets/oxford_pets/images/British_Shorthair_209.jpg,10,9,British_Shorthair,1,5,trainval
British_Shorthair_210,datasets/oxford_pets/images/British_Shorthair_210.jpg,10,9,British_Shorthair,1,5,trainval
Egyptian_Mau_101,datasets/oxford_pets/images/Egyptian_Mau_101.jpg,12,11,Egyptian_Mau,1,6,trainval
Egyptian_Mau_102,datasets/oxford_pets/images/Egyptian_Mau_102.jpg,12,11,Egyptian_Mau,1,6,trainval
Egyptian_Mau_103,datasets/oxford_pets/images/Egyptian_Mau_103.jpg,12,11,Egyptian_Mau,1,6,trainval
Egyptian_Mau_105,datasets/oxford_pets/images/Egyptian_Mau_105.jpg,12,11,Egyptian_Mau,1,6,trainval
Egyptian_Mau_106,datasets/oxford_pets/images/Egyptian_Mau_106.jpg,12,11,Egyptian_Mau,1,6,trainval
Egyptian_Mau_107,datasets/oxford_pets/images/Egyptian_Mau_107.jpg,12,11,Egyptian_Mau,1,6,trainval
Egyptian_Mau_109,datasets/oxford_pets/images/Egyptian_Mau_109.jpg,12,11,Egyptian_Mau,1,6,trainval
Egyptian_Mau_11,datasets/oxford_pets/images/Egyptian_Mau_11.jpg,12,11,Egyptian_Mau,1,6,trainval
Egyptian_Mau_110,datasets/oxford_pets/images/Egyptian_Mau_110.jpg,12,11,Egyptian_Mau,1,6,trainval
Egyptian_Mau_111,datasets/oxford_pets/images/Egyptian_Mau_111.jpg,12,11,Egyptian_Mau,1,6,trainval
Egyptian_Mau_112,datasets/oxford_pets/images/Egyptian_Mau_112.jpg,12,11,Egyptian_Mau,1,6,trainval
Egyptian_Mau_113,datasets/oxford_pets/images/Egyptian_Mau_113.jpg,12,11,Egyptian_Mau,1,6,trainval
Egyptian_Mau_114,datasets/oxford_pets/images/Egyptian_Mau_114.jpg,12,11,Egyptian_Mau,1,6,trainval
Egyptian_Mau_115,datasets/oxford_pets/images/Egyptian_Mau_115.jpg,12,11,Egyptian_Mau,1,6,trainval
Egyptian_Mau_116,datasets/oxford_pets/images/Egyptian_Mau_116.jpg,12,11,Egyptian_Mau,1,6,trainval
Egyptian_Mau_117,datasets/oxford_pets/images/Egyptian_Mau_117.jpg,12,11,Egyptian_Mau,1,6,trainval
Egyptian_Mau_118,datasets/oxford_pets/images/Egyptian_Mau_118.jpg,12,11,Egyptian_Mau,1,6,trainval
Egyptian_Mau_12,datasets/oxford_pets/images/Egyptian_Mau_12.jpg,12,11,Egyptian_Mau,1,6,trainval
Egyptian_Mau_121,datasets/oxford_pets/images/Egyptian_Mau_121.jpg,12,11,Egyptian_Mau,1,6,trainval
Egyptian_Mau_122,datasets/oxford_pets/images/Egyptian_Mau_122.jpg,12,11,Egyptian_Mau,1,6,trainval
Egyptian_Mau_123,datasets/oxford_pets/images/Egyptian_Mau_123.jpg,12,11,Egyptian_Mau,1,6,trainval
Egyptian_Mau_124,datasets/oxford_pets/images/Egyptian_Mau_124.jpg,12,11,Egyptian_Mau,1,6,trainval
Egyptian_Mau_125,datasets/oxford_pets/images/Egyptian_Mau_125.jpg,12,11,Egyptian_Mau,1,6,trainval
Egyptian_Mau_127,datasets/oxford_pets/images/Egyptian_Mau_127.jpg,12,11,Egyptian_Mau,1,6,trainval
Egyptian_Mau_130,datasets/oxford_pets/images/Egyptian_Mau_130.jpg,12,11,Egyptian_Mau,1,6,trainval
Egyptian_Mau_131,datasets/oxford_pets/images/Egyptian_Mau_131.jpg,12,11,Egyptian_Mau,1,6,trainval
Egyptian_Mau_132,datasets/oxford_pets/images/Egyptian_Mau_132.jpg,12,11,Egyptian_Mau,1,6,trainval
Egyptian_Mau_136,datasets/oxford_pets/images/Egyptian_Mau_136.jpg,12,11,Egyptian_Mau,1,6,trainval
Egyptian_Mau_138,datasets/oxford_pets/images/Egyptian_Mau_138.jpg,12,11,Egyptian_Mau,1,6,trainval
Egyptian_Mau_14,datasets/oxford_pets/images/Egyptian_Mau_14.jpg,12,11,Egyptian_Mau,1,6,trainval
Egyptian_Mau_141,datasets/oxford_pets/images/Egyptian_Mau_141.jpg,12,11,Egyptian_Mau,1,6,trainval
Egyptian_Mau_142,datasets/oxford_pets/images/Egyptian_Mau_142.jpg,12,11,Egyptian_Mau,1,6,trainval
Egyptian_Mau_143,datasets/oxford_pets/images/Egyptian_Mau_143.jpg,12,11,Egyptian_Mau,1,6,trainval
Egyptian_Mau_144,datasets/oxford_pets/images/Egyptian_Mau_144.jpg,12,11,Egyptian_Mau,1,6,trainval
Egyptian_Mau_147,datasets/oxford_pets/images/Egyptian_Mau_147.jpg,12,11,Egyptian_Mau,1,6,trainval
Egyptian_Mau_148,datasets/oxford_pets/images/Egyptian_Mau_148.jpg,12,11,Egyptian_Mau,1,6,trainval
Egyptian_Mau_149,datasets/oxford_pets/images/Egyptian_Mau_149.jpg,12,11,Egyptian_Mau,1,6,trainval
Egyptian_Mau_15,datasets/oxford_pets/images/Egyptian_Mau_15.jpg,12,11,Egyptian_Mau,1,6,trainval
Egyptian_Mau_151,datasets/oxford_pets/images/Egyptian_Mau_151.jpg,12,11,Egyptian_Mau,1,6,trainval
Egyptian_Mau_152,datasets/oxford_pets/images/Egyptian_Mau_152.jpg,12,11,Egyptian_Mau,1,6,trainval
Egyptian_Mau_154,datasets/oxford_pets/images/Egyptian_Mau_154.jpg,12,11,Egyptian_Mau,1,6,trainval
Egyptian_Mau_155,datasets/oxford_pets/images/Egyptian_Mau_155.jpg,12,11,Egyptian_Mau,1,6,trainval
Egyptian_Mau_157,datasets/oxford_pets/images/Egyptian_Mau_157.jpg,12,11,Egyptian_Mau,1,6,trainval
Egyptian_Mau_16,datasets/oxford_pets/images/Egyptian_Mau_16.jpg,12,11,Egyptian_Mau,1,6,trainval
Egyptian_Mau_160,datasets/oxford_pets/images/Egyptian_Mau_160.jpg,12,11,Egyptian_Mau,1,6,trainval
Egyptian_Mau_161,datasets/oxford_pets/images/Egyptian_Mau_161.jpg,12,11,Egyptian_Mau,1,6,trainval
Egyptian_Mau_162,datasets/oxford_pets/images/Egyptian_Mau_162.jpg,12,11,Egyptian_Mau,1,6,trainval
Egyptian_Mau_163,datasets/oxford_pets/images/Egyptian_Mau_163.jpg,12,11,Egyptian_Mau,1,6,trainval
Egyptian_Mau_164,datasets/oxford_pets/images/Egyptian_Mau_164.jpg,12,11,Egyptian_Mau,1,6,trainval
Egyptian_Mau_165,datasets/oxford_pets/images/Egyptian_Mau_165.jpg,12,11,Egyptian_Mau,1,6,trainval
Egyptian_Mau_168,datasets/oxford_pets/images/Egyptian_Mau_168.jpg,12,11,Egyptian_Mau,1,6,trainval
Egyptian_Mau_171,datasets/oxford_pets/images/Egyptian_Mau_171.jpg,12,11,Egyptian_Mau,1,6,trainval
Egyptian_Mau_172,datasets/oxford_pets/images/Egyptian_Mau_172.jpg,12,11,Egyptian_Mau,1,6,trainval
Egyptian_Mau_173,datasets/oxford_pets/images/Egyptian_Mau_173.jpg,12,11,Egyptian_Mau,1,6,trainval
Egyptian_Mau_175,datasets/oxford_pets/images/Egyptian_Mau_175.jpg,12,11,Egyptian_Mau,1,6,trainval
Egyptian_Mau_176,datasets/oxford_pets/images/Egyptian_Mau_176.jpg,12,11,Egyptian_Mau,1,6,trainval
Egyptian_Mau_178,datasets/oxford_pets/images/Egyptian_Mau_178.jpg,12,11,Egyptian_Mau,1,6,trainval
Egyptian_Mau_179,datasets/oxford_pets/images/Egyptian_Mau_179.jpg,12,11,Egyptian_Mau,1,6,trainval
Egyptian_Mau_18,datasets/oxford_pets/images/Egyptian_Mau_18.jpg,12,11,Egyptian_Mau,1,6,trainval
Egyptian_Mau_180,datasets/oxford_pets/images/Egyptian_Mau_180.jpg,12,11,Egyptian_Mau,1,6,trainval
Egyptian_Mau_182,datasets/oxford_pets/images/Egyptian_Mau_182.jpg,12,11,Egyptian_Mau,1,6,trainval
Egyptian_Mau_184,datasets/oxford_pets/images/Egyptian_Mau_184.jpg,12,11,Egyptian_Mau,1,6,trainval
Egyptian_Mau_185,datasets/oxford_pets/images/Egyptian_Mau_185.jpg,12,11,Egyptian_Mau,1,6,trainval
Egyptian_Mau_186,datasets/oxford_pets/images/Egyptian_Mau_186.jpg,12,11,Egyptian_Mau,1,6,trainval
Egyptian_Mau_187,datasets/oxford_pets/images/Egyptian_Mau_187.jpg,12,11,Egyptian_Mau,1,6,trainval
Egyptian_Mau_188,datasets/oxford_pets/images/Egyptian_Mau_188.jpg,12,11,Egyptian_Mau,1,6,trainval
Egyptian_Mau_189,datasets/oxford_pets/images/Egyptian_Mau_189.jpg,12,11,Egyptian_Mau,1,6,trainval
Egyptian_Mau_190,datasets/oxford_pets/images/Egyptian_Mau_190.jpg,12,11,Egyptian_Mau,1,6,trainval
Egyptian_Mau_192,datasets/oxford_pets/images/Egyptian_Mau_192.jpg,12,11,Egyptian_Mau,1,6,trainval
Egyptian_Mau_193,datasets/oxford_pets/images/Egyptian_Mau_193.jpg,12,11,Egyptian_Mau,1,6,trainval
Egyptian_Mau_194,datasets/oxford_pets/images/Egyptian_Mau_194.jpg,12,11,Egyptian_Mau,1,6,trainval
Egyptian_Mau_195,datasets/oxford_pets/images/Egyptian_Mau_195.jpg,12,11,Egyptian_Mau,1,6,trainval
Egyptian_Mau_196,datasets/oxford_pets/images/Egyptian_Mau_196.jpg,12,11,Egyptian_Mau,1,6,trainval
Egyptian_Mau_197,datasets/oxford_pets/images/Egyptian_Mau_197.jpg,12,11,Egyptian_Mau,1,6,trainval
Maine_Coon_1,datasets/oxford_pets/images/Maine_Coon_1.jpg,21,20,Maine_Coon,1,7,trainval
Maine_Coon_10,datasets/oxford_pets/images/Maine_Coon_10.jpg,21,20,Maine_Coon,1,7,trainval
Maine_Coon_101,datasets/oxford_pets/images/Maine_Coon_101.jpg,21,20,Maine_Coon,1,7,trainval
Maine_Coon_102,datasets/oxford_pets/images/Maine_Coon_102.jpg,21,20,Maine_Coon,1,7,trainval
Maine_Coon_103,datasets/oxford_pets/images/Maine_Coon_103.jpg,21,20,Maine_Coon,1,7,trainval
Maine_Coon_104,datasets/oxford_pets/images/Maine_Coon_104.jpg,21,20,Maine_Coon,1,7,trainval
Maine_Coon_105,datasets/oxford_pets/images/Maine_Coon_105.jpg,21,20,Maine_Coon,1,7,trainval
Maine_Coon_106,datasets/oxford_pets/images/Maine_Coon_106.jpg,21,20,Maine_Coon,1,7,trainval
Maine_Coon_108,datasets/oxford_pets/images/Maine_Coon_108.jpg,21,20,Maine_Coon,1,7,trainval
Maine_Coon_109,datasets/oxford_pets/images/Maine_Coon_109.jpg,21,20,Maine_Coon,1,7,trainval
Maine_Coon_110,datasets/oxford_pets/images/Maine_Coon_110.jpg,21,20,Maine_Coon,1,7,trainval
Maine_Coon_111,datasets/oxford_pets/images/Maine_Coon_111.jpg,21,20,Maine_Coon,1,7,trainval
Maine_Coon_112,datasets/oxford_pets/images/Maine_Coon_112.jpg,21,20,Maine_Coon,1,7,trainval
Maine_Coon_115,datasets/oxford_pets/images/Maine_Coon_115.jpg,21,20,Maine_Coon,1,7,trainval
Maine_Coon_116,datasets/oxford_pets/images/Maine_Coon_116.jpg,21,20,Maine_Coon,1,7,trainval
Maine_Coon_117,datasets/oxford_pets/images/Maine_Coon_117.jpg,21,20,Maine_Coon,1,7,trainval
Maine_Coon_119,datasets/oxford_pets/images/Maine_Coon_119.jpg,21,20,Maine_Coon,1,7,trainval
Maine_Coon_121,datasets/oxford_pets/images/Maine_Coon_121.jpg,21,20,Maine_Coon,1,7,trainval
Maine_Coon_123,datasets/oxford_pets/images/Maine_Coon_123.jpg,21,20,Maine_Coon,1,7,trainval
Maine_Coon_124,datasets/oxford_pets/images/Maine_Coon_124.jpg,21,20,Maine_Coon,1,7,trainval
Maine_Coon_126,datasets/oxford_pets/images/Maine_Coon_126.jpg,21,20,Maine_Coon,1,7,trainval
Maine_Coon_128,datasets/oxford_pets/images/Maine_Coon_128.jpg,21,20,Maine_Coon,1,7,trainval
Maine_Coon_129,datasets/oxford_pets/images/Maine_Coon_129.jpg,21,20,Maine_Coon,1,7,trainval
Maine_Coon_13,datasets/oxford_pets/images/Maine_Coon_13.jpg,21,20,Maine_Coon,1,7,trainval
Maine_Coon_131,datasets/oxford_pets/images/Maine_Coon_131.jpg,21,20,Maine_Coon,1,7,trainval
Maine_Coon_132,datasets/oxford_pets/images/Maine_Coon_132.jpg,21,20,Maine_Coon,1,7,trainval
Maine_Coon_133,datasets/oxford_pets/images/Maine_Coon_133.jpg,21,20,Maine_Coon,1,7,trainval
Maine_Coon_135,datasets/oxford_pets/images/Maine_Coon_135.jpg,21,20,Maine_Coon,1,7,trainval
Maine_Coon_136,datasets/oxford_pets/images/Maine_Coon_136.jpg,21,20,Maine_Coon,1,7,trainval
Maine_Coon_137,datasets/oxford_pets/images/Maine_Coon_137.jpg,21,20,Maine_Coon,1,7,trainval
Maine_Coon_138,datasets/oxford_pets/images/Maine_Coon_138.jpg,21,20,Maine_Coon,1,7,trainval
Maine_Coon_139,datasets/oxford_pets/images/Maine_Coon_139.jpg,21,20,Maine_Coon,1,7,trainval
Maine_Coon_14,datasets/oxford_pets/images/Maine_Coon_14.jpg,21,20,Maine_Coon,1,7,trainval
Maine_Coon_140,datasets/oxford_pets/images/Maine_Coon_140.jpg,21,20,Maine_Coon,1,7,trainval
Maine_Coon_141,datasets/oxford_pets/images/Maine_Coon_141.jpg,21,20,Maine_Coon,1,7,trainval
Maine_Coon_144,datasets/oxford_pets/images/Maine_Coon_144.jpg,21,20,Maine_Coon,1,7,trainval
Maine_Coon_145,datasets/oxford_pets/images/Maine_Coon_145.jpg,21,20,Maine_Coon,1,7,trainval
Maine_Coon_146,datasets/oxford_pets/images/Maine_Coon_146.jpg,21,20,Maine_Coon,1,7,trainval
Maine_Coon_150,datasets/oxford_pets/images/Maine_Coon_150.jpg,21,20,Maine_Coon,1,7,trainval
Maine_Coon_151,datasets/oxford_pets/images/Maine_Coon_151.jpg,21,20,Maine_Coon,1,7,trainval
Maine_Coon_152,datasets/oxford_pets/images/Maine_Coon_152.jpg,21,20,Maine_Coon,1,7,trainval
Maine_Coon_154,datasets/oxford_pets/images/Maine_Coon_154.jpg,21,20,Maine_Coon,1,7,trainval
Maine_Coon_157,datasets/oxford_pets/images/Maine_Coon_157.jpg,21,20,Maine_Coon,1,7,trainval
Maine_Coon_158,datasets/oxford_pets/images/Maine_Coon_158.jpg,21,20,Maine_Coon,1,7,trainval
Maine_Coon_159,datasets/oxford_pets/images/Maine_Coon_159.jpg,21,20,Maine_Coon,1,7,trainval
Maine_Coon_16,datasets/oxford_pets/images/Maine_Coon_16.jpg,21,20,Maine_Coon,1,7,trainval
Maine_Coon_162,datasets/oxford_pets/images/Maine_Coon_162.jpg,21,20,Maine_Coon,1,7,trainval
Maine_Coon_163,datasets/oxford_pets/images/Maine_Coon_163.jpg,21,20,Maine_Coon,1,7,trainval
Maine_Coon_164,datasets/oxford_pets/images/Maine_Coon_164.jpg,21,20,Maine_Coon,1,7,trainval
Maine_Coon_167,datasets/oxford_pets/images/Maine_Coon_167.jpg,21,20,Maine_Coon,1,7,trainval
Maine_Coon_168,datasets/oxford_pets/images/Maine_Coon_168.jpg,21,20,Maine_Coon,1,7,trainval
Maine_Coon_169,datasets/oxford_pets/images/Maine_Coon_169.jpg,21,20,Maine_Coon,1,7,trainval
Maine_Coon_17,datasets/oxford_pets/images/Maine_Coon_17.jpg,21,20,Maine_Coon,1,7,trainval
Maine_Coon_170,datasets/oxford_pets/images/Maine_Coon_170.jpg,21,20,Maine_Coon,1,7,trainval
Maine_Coon_171,datasets/oxford_pets/images/Maine_Coon_171.jpg,21,20,Maine_Coon,1,7,trainval
Maine_Coon_173,datasets/oxford_pets/images/Maine_Coon_173.jpg,21,20,Maine_Coon,1,7,trainval
Maine_Coon_174,datasets/oxford_pets/images/Maine_Coon_174.jpg,21,20,Maine_Coon,1,7,trainval
Maine_Coon_175,datasets/oxford_pets/images/Maine_Coon_175.jpg,21,20,Maine_Coon,1,7,trainval
Maine_Coon_176,datasets/oxford_pets/images/Maine_Coon_176.jpg,21,20,Maine_Coon,1,7,trainval
Maine_Coon_18,datasets/oxford_pets/images/Maine_Coon_18.jpg,21,20,Maine_Coon,1,7,trainval
Maine_Coon_180,datasets/oxford_pets/images/Maine_Coon_180.jpg,21,20,Maine_Coon,1,7,trainval
Maine_Coon_182,datasets/oxford_pets/images/Maine_Coon_182.jpg,21,20,Maine_Coon,1,7,trainval
Maine_Coon_184,datasets/oxford_pets/images/Maine_Coon_184.jpg,21,20,Maine_Coon,1,7,trainval
Maine_Coon_186,datasets/oxford_pets/images/Maine_Coon_186.jpg,21,20,Maine_Coon,1,7,trainval
Maine_Coon_187,datasets/oxford_pets/images/Maine_Coon_187.jpg,21,20,Maine_Coon,1,7,trainval
Maine_Coon_189,datasets/oxford_pets/images/Maine_Coon_189.jpg,21,20,Maine_Coon,1,7,trainval
Maine_Coon_19,datasets/oxford_pets/images/Maine_Coon_19.jpg,21,20,Maine_Coon,1,7,trainval
Maine_Coon_191,datasets/oxford_pets/images/Maine_Coon_191.jpg,21,20,Maine_Coon,1,7,trainval
Maine_Coon_193,datasets/oxford_pets/images/Maine_Coon_193.jpg,21,20,Maine_Coon,1,7,trainval
Maine_Coon_194,datasets/oxford_pets/images/Maine_Coon_194.jpg,21,20,Maine_Coon,1,7,trainval
Maine_Coon_197,datasets/oxford_pets/images/Maine_Coon_197.jpg,21,20,Maine_Coon,1,7,trainval
Maine_Coon_201,datasets/oxford_pets/images/Maine_Coon_201.jpg,21,20,Maine_Coon,1,7,trainval
Maine_Coon_203,datasets/oxford_pets/images/Maine_Coon_203.jpg,21,20,Maine_Coon,1,7,trainval
Maine_Coon_204,datasets/oxford_pets/images/Maine_Coon_204.jpg,21,20,Maine_Coon,1,7,trainval
Maine_Coon_205,datasets/oxford_pets/images/Maine_Coon_205.jpg,21,20,Maine_Coon,1,7,trainval
Maine_Coon_208,datasets/oxford_pets/images/Maine_Coon_208.jpg,21,20,Maine_Coon,1,7,trainval
Maine_Coon_211,datasets/oxford_pets/images/Maine_Coon_211.jpg,21,20,Maine_Coon,1,7,trainval
Maine_Coon_213,datasets/oxford_pets/images/Maine_Coon_213.jpg,21,20,Maine_Coon,1,7,trainval
Maine_Coon_214,datasets/oxford_pets/images/Maine_Coon_214.jpg,21,20,Maine_Coon,1,7,trainval
Maine_Coon_217,datasets/oxford_pets/images/Maine_Coon_217.jpg,21,20,Maine_Coon,1,7,trainval
Persian_1,datasets/oxford_pets/images/Persian_1.jpg,24,23,Persian,1,8,trainval
Persian_10,datasets/oxford_pets/images/Persian_10.jpg,24,23,Persian,1,8,trainval
Persian_100,datasets/oxford_pets/images/Persian_100.jpg,24,23,Persian,1,8,trainval
Persian_101,datasets/oxford_pets/images/Persian_101.jpg,24,23,Persian,1,8,trainval
Persian_103,datasets/oxford_pets/images/Persian_103.jpg,24,23,Persian,1,8,trainval
Persian_105,datasets/oxford_pets/images/Persian_105.jpg,24,23,Persian,1,8,trainval
Persian_106,datasets/oxford_pets/images/Persian_106.jpg,24,23,Persian,1,8,trainval
Persian_108,datasets/oxford_pets/images/Persian_108.jpg,24,23,Persian,1,8,trainval
Persian_11,datasets/oxford_pets/images/Persian_11.jpg,24,23,Persian,1,8,trainval
Persian_111,datasets/oxford_pets/images/Persian_111.jpg,24,23,Persian,1,8,trainval
Persian_114,datasets/oxford_pets/images/Persian_114.jpg,24,23,Persian,1,8,trainval
Persian_115,datasets/oxford_pets/images/Persian_115.jpg,24,23,Persian,1,8,trainval
Persian_116,datasets/oxford_pets/images/Persian_116.jpg,24,23,Persian,1,8,trainval
Persian_12,datasets/oxford_pets/images/Persian_12.jpg,24,23,Persian,1,8,trainval
Persian_120,datasets/oxford_pets/images/Persian_120.jpg,24,23,Persian,1,8,trainval
Persian_121,datasets/oxford_pets/images/Persian_121.jpg,24,23,Persian,1,8,trainval
Persian_126,datasets/oxford_pets/images/Persian_126.jpg,24,23,Persian,1,8,trainval
Persian_128,datasets/oxford_pets/images/Persian_128.jpg,24,23,Persian,1,8,trainval
Persian_129,datasets/oxford_pets/images/Persian_129.jpg,24,23,Persian,1,8,trainval
Persian_13,datasets/oxford_pets/images/Persian_13.jpg,24,23,Persian,1,8,trainval
Persian_131,datasets/oxford_pets/images/Persian_131.jpg,24,23,Persian,1,8,trainval
Persian_132,datasets/oxford_pets/images/Persian_132.jpg,24,23,Persian,1,8,trainval
Persian_134,datasets/oxford_pets/images/Persian_134.jpg,24,23,Persian,1,8,trainval
Persian_135,datasets/oxford_pets/images/Persian_135.jpg,24,23,Persian,1,8,trainval
Persian_136,datasets/oxford_pets/images/Persian_136.jpg,24,23,Persian,1,8,trainval
Persian_137,datasets/oxford_pets/images/Persian_137.jpg,24,23,Persian,1,8,trainval
Persian_138,datasets/oxford_pets/images/Persian_138.jpg,24,23,Persian,1,8,trainval
Persian_139,datasets/oxford_pets/images/Persian_139.jpg,24,23,Persian,1,8,trainval
Persian_14,datasets/oxford_pets/images/Persian_14.jpg,24,23,Persian,1,8,trainval
Persian_140,datasets/oxford_pets/images/Persian_140.jpg,24,23,Persian,1,8,trainval
Persian_141,datasets/oxford_pets/images/Persian_141.jpg,24,23,Persian,1,8,trainval
Persian_143,datasets/oxford_pets/images/Persian_143.jpg,24,23,Persian,1,8,trainval
Persian_144,datasets/oxford_pets/images/Persian_144.jpg,24,23,Persian,1,8,trainval
Persian_145,datasets/oxford_pets/images/Persian_145.jpg,24,23,Persian,1,8,trainval
Persian_147,datasets/oxford_pets/images/Persian_147.jpg,24,23,Persian,1,8,trainval
Persian_149,datasets/oxford_pets/images/Persian_149.jpg,24,23,Persian,1,8,trainval
Persian_15,datasets/oxford_pets/images/Persian_15.jpg,24,23,Persian,1,8,trainval
Persian_150,datasets/oxford_pets/images/Persian_150.jpg,24,23,Persian,1,8,trainval
Persian_152,datasets/oxford_pets/images/Persian_152.jpg,24,23,Persian,1,8,trainval
Persian_153,datasets/oxford_pets/images/Persian_153.jpg,24,23,Persian,1,8,trainval
Persian_155,datasets/oxford_pets/images/Persian_155.jpg,24,23,Persian,1,8,trainval
Persian_156,datasets/oxford_pets/images/Persian_156.jpg,24,23,Persian,1,8,trainval
Persian_158,datasets/oxford_pets/images/Persian_158.jpg,24,23,Persian,1,8,trainval
Persian_159,datasets/oxford_pets/images/Persian_159.jpg,24,23,Persian,1,8,trainval
Persian_16,datasets/oxford_pets/images/Persian_16.jpg,24,23,Persian,1,8,trainval
Persian_160,datasets/oxford_pets/images/Persian_160.jpg,24,23,Persian,1,8,trainval
Persian_162,datasets/oxford_pets/images/Persian_162.jpg,24,23,Persian,1,8,trainval
Persian_163,datasets/oxford_pets/images/Persian_163.jpg,24,23,Persian,1,8,trainval
Persian_164,datasets/oxford_pets/images/Persian_164.jpg,24,23,Persian,1,8,trainval
Persian_165,datasets/oxford_pets/images/Persian_165.jpg,24,23,Persian,1,8,trainval
Persian_166,datasets/oxford_pets/images/Persian_166.jpg,24,23,Persian,1,8,trainval
Persian_168,datasets/oxford_pets/images/Persian_168.jpg,24,23,Persian,1,8,trainval
Persian_169,datasets/oxford_pets/images/Persian_169.jpg,24,23,Persian,1,8,trainval
Persian_17,datasets/oxford_pets/images/Persian_17.jpg,24,23,Persian,1,8,trainval
Persian_170,datasets/oxford_pets/images/Persian_170.jpg,24,23,Persian,1,8,trainval
Persian_172,datasets/oxford_pets/images/Persian_172.jpg,24,23,Persian,1,8,trainval
Persian_173,datasets/oxford_pets/images/Persian_173.jpg,24,23,Persian,1,8,trainval
Persian_174,datasets/oxford_pets/images/Persian_174.jpg,24,23,Persian,1,8,trainval
Persian_175,datasets/oxford_pets/images/Persian_175.jpg,24,23,Persian,1,8,trainval
Persian_179,datasets/oxford_pets/images/Persian_179.jpg,24,23,Persian,1,8,trainval
Persian_18,datasets/oxford_pets/images/Persian_18.jpg,24,23,Persian,1,8,trainval
Persian_180,datasets/oxford_pets/images/Persian_180.jpg,24,23,Persian,1,8,trainval
Persian_181,datasets/oxford_pets/images/Persian_181.jpg,24,23,Persian,1,8,trainval
Persian_182,datasets/oxford_pets/images/Persian_182.jpg,24,23,Persian,1,8,trainval
Persian_183,datasets/oxford_pets/images/Persian_183.jpg,24,23,Persian,1,8,trainval
Persian_184,datasets/oxford_pets/images/Persian_184.jpg,24,23,Persian,1,8,trainval
Persian_185,datasets/oxford_pets/images/Persian_185.jpg,24,23,Persian,1,8,trainval
Persian_186,datasets/oxford_pets/images/Persian_186.jpg,24,23,Persian,1,8,trainval
Persian_187,datasets/oxford_pets/images/Persian_187.jpg,24,23,Persian,1,8,trainval
Persian_188,datasets/oxford_pets/images/Persian_188.jpg,24,23,Persian,1,8,trainval
Persian_189,datasets/oxford_pets/images/Persian_189.jpg,24,23,Persian,1,8,trainval
Persian_191,datasets/oxford_pets/images/Persian_191.jpg,24,23,Persian,1,8,trainval
Persian_192,datasets/oxford_pets/images/Persian_192.jpg,24,23,Persian,1,8,trainval
Persian_193,datasets/oxford_pets/images/Persian_193.jpg,24,23,Persian,1,8,trainval
Persian_194,datasets/oxford_pets/images/Persian_194.jpg,24,23,Persian,1,8,trainval
Persian_196,datasets/oxford_pets/images/Persian_196.jpg,24,23,Persian,1,8,trainval
Persian_197,datasets/oxford_pets/images/Persian_197.jpg,24,23,Persian,1,8,trainval
Persian_200,datasets/oxford_pets/images/Persian_200.jpg,24,23,Persian,1,8,trainval
Persian_202,datasets/oxford_pets/images/Persian_202.jpg,24,23,Persian,1,8,trainval
Persian_213,datasets/oxford_pets/images/Persian_213.jpg,24,23,Persian,1,8,trainval
Ragdoll_10,datasets/oxford_pets/images/Ragdoll_10.jpg,27,26,Ragdoll,1,9,trainval
Ragdoll_100,datasets/oxford_pets/images/Ragdoll_100.jpg,27,26,Ragdoll,1,9,trainval
Ragdoll_101,datasets/oxford_pets/images/Ragdoll_101.jpg,27,26,Ragdoll,1,9,trainval
Ragdoll_103,datasets/oxford_pets/images/Ragdoll_103.jpg,27,26,Ragdoll,1,9,trainval
Ragdoll_104,datasets/oxford_pets/images/Ragdoll_104.jpg,27,26,Ragdoll,1,9,trainval
Ragdoll_105,datasets/oxford_pets/images/Ragdoll_105.jpg,27,26,Ragdoll,1,9,trainval
Ragdoll_106,datasets/oxford_pets/images/Ragdoll_106.jpg,27,26,Ragdoll,1,9,trainval
Ragdoll_107,datasets/oxford_pets/images/Ragdoll_107.jpg,27,26,Ragdoll,1,9,trainval
Ragdoll_110,datasets/oxford_pets/images/Ragdoll_110.jpg,27,26,Ragdoll,1,9,trainval
Ragdoll_113,datasets/oxford_pets/images/Ragdoll_113.jpg,27,26,Ragdoll,1,9,trainval
Ragdoll_114,datasets/oxford_pets/images/Ragdoll_114.jpg,27,26,Ragdoll,1,9,trainval
Ragdoll_115,datasets/oxford_pets/images/Ragdoll_115.jpg,27,26,Ragdoll,1,9,trainval
Ragdoll_117,datasets/oxford_pets/images/Ragdoll_117.jpg,27,26,Ragdoll,1,9,trainval
Ragdoll_12,datasets/oxford_pets/images/Ragdoll_12.jpg,27,26,Ragdoll,1,9,trainval
Ragdoll_121,datasets/oxford_pets/images/Ragdoll_121.jpg,27,26,Ragdoll,1,9,trainval
Ragdoll_122,datasets/oxford_pets/images/Ragdoll_122.jpg,27,26,Ragdoll,1,9,trainval
Ragdoll_124,datasets/oxford_pets/images/Ragdoll_124.jpg,27,26,Ragdoll,1,9,trainval
Ragdoll_126,datasets/oxford_pets/images/Ragdoll_126.jpg,27,26,Ragdoll,1,9,trainval
Ragdoll_127,datasets/oxford_pets/images/Ragdoll_127.jpg,27,26,Ragdoll,1,9,trainval
Ragdoll_129,datasets/oxford_pets/images/Ragdoll_129.jpg,27,26,Ragdoll,1,9,trainval
Ragdoll_13,datasets/oxford_pets/images/Ragdoll_13.jpg,27,26,Ragdoll,1,9,trainval
Ragdoll_130,datasets/oxford_pets/images/Ragdoll_130.jpg,27,26,Ragdoll,1,9,trainval
Ragdoll_131,datasets/oxford_pets/images/Ragdoll_131.jpg,27,26,Ragdoll,1,9,trainval
Ragdoll_133,datasets/oxford_pets/images/Ragdoll_133.jpg,27,26,Ragdoll,1,9,trainval
Ragdoll_135,datasets/oxford_pets/images/Ragdoll_135.jpg,27,26,Ragdoll,1,9,trainval
Ragdoll_136,datasets/oxford_pets/images/Ragdoll_136.jpg,27,26,Ragdoll,1,9,trainval
Ragdoll_137,datasets/oxford_pets/images/Ragdoll_137.jpg,27,26,Ragdoll,1,9,trainval
Ragdoll_138,datasets/oxford_pets/images/Ragdoll_138.jpg,27,26,Ragdoll,1,9,trainval
Ragdoll_139,datasets/oxford_pets/images/Ragdoll_139.jpg,27,26,Ragdoll,1,9,trainval
Ragdoll_140,datasets/oxford_pets/images/Ragdoll_140.jpg,27,26,Ragdoll,1,9,trainval
Ragdoll_142,datasets/oxford_pets/images/Ragdoll_142.jpg,27,26,Ragdoll,1,9,trainval
Ragdoll_143,datasets/oxford_pets/images/Ragdoll_143.jpg,27,26,Ragdoll,1,9,trainval
Ragdoll_145,datasets/oxford_pets/images/Ragdoll_145.jpg,27,26,Ragdoll,1,9,trainval
Ragdoll_147,datasets/oxford_pets/images/Ragdoll_147.jpg,27,26,Ragdoll,1,9,trainval
Ragdoll_148,datasets/oxford_pets/images/Ragdoll_148.jpg,27,26,Ragdoll,1,9,trainval
Ragdoll_149,datasets/oxford_pets/images/Ragdoll_149.jpg,27,26,Ragdoll,1,9,trainval
Ragdoll_150,datasets/oxford_pets/images/Ragdoll_150.jpg,27,26,Ragdoll,1,9,trainval
Ragdoll_151,datasets/oxford_pets/images/Ragdoll_151.jpg,27,26,Ragdoll,1,9,trainval
Ragdoll_152,datasets/oxford_pets/images/Ragdoll_152.jpg,27,26,Ragdoll,1,9,trainval
Ragdoll_154,datasets/oxford_pets/images/Ragdoll_154.jpg,27,26,Ragdoll,1,9,trainval
Ragdoll_155,datasets/oxford_pets/images/Ragdoll_155.jpg,27,26,Ragdoll,1,9,trainval
Ragdoll_156,datasets/oxford_pets/images/Ragdoll_156.jpg,27,26,Ragdoll,1,9,trainval
Ragdoll_159,datasets/oxford_pets/images/Ragdoll_159.jpg,27,26,Ragdoll,1,9,trainval
Ragdoll_16,datasets/oxford_pets/images/Ragdoll_16.jpg,27,26,Ragdoll,1,9,trainval
Ragdoll_160,datasets/oxford_pets/images/Ragdoll_160.jpg,27,26,Ragdoll,1,9,trainval
Ragdoll_161,datasets/oxford_pets/images/Ragdoll_161.jpg,27,26,Ragdoll,1,9,trainval
Ragdoll_163,datasets/oxford_pets/images/Ragdoll_163.jpg,27,26,Ragdoll,1,9,trainval
Ragdoll_164,datasets/oxford_pets/images/Ragdoll_164.jpg,27,26,Ragdoll,1,9,trainval
Ragdoll_165,datasets/oxford_pets/images/Ragdoll_165.jpg,27,26,Ragdoll,1,9,trainval
Ragdoll_166,datasets/oxford_pets/images/Ragdoll_166.jpg,27,26,Ragdoll,1,9,trainval
Ragdoll_168,datasets/oxford_pets/images/Ragdoll_168.jpg,27,26,Ragdoll,1,9,trainval
Ragdoll_169,datasets/oxford_pets/images/Ragdoll_169.jpg,27,26,Ragdoll,1,9,trainval
Ragdoll_170,datasets/oxford_pets/images/Ragdoll_170.jpg,27,26,Ragdoll,1,9,trainval
Ragdoll_171,datasets/oxford_pets/images/Ragdoll_171.jpg,27,26,Ragdoll,1,9,trainval
Ragdoll_172,datasets/oxford_pets/images/Ragdoll_172.jpg,27,26,Ragdoll,1,9,trainval
Ragdoll_173,datasets/oxford_pets/images/Ragdoll_173.jpg,27,26,Ragdoll,1,9,trainval
Ragdoll_174,datasets/oxford_pets/images/Ragdoll_174.jpg,27,26,Ragdoll,1,9,trainval
Ragdoll_175,datasets/oxford_pets/images/Ragdoll_175.jpg,27,26,Ragdoll,1,9,trainval
Ragdoll_177,datasets/oxford_pets/images/Ragdoll_177.jpg,27,26,Ragdoll,1,9,trainval
Ragdoll_178,datasets/oxford_pets/images/Ragdoll_178.jpg,27,26,Ragdoll,1,9,trainval
Ragdoll_179,datasets/oxford_pets/images/Ragdoll_179.jpg,27,26,Ragdoll,1,9,trainval
Ragdoll_18,datasets/oxford_pets/images/Ragdoll_18.jpg,27,26,Ragdoll,1,9,trainval
Ragdoll_180,datasets/oxford_pets/images/Ragdoll_180.jpg,27,26,Ragdoll,1,9,trainval
Ragdoll_182,datasets/oxford_pets/images/Ragdoll_182.jpg,27,26,Ragdoll,1,9,trainval
Ragdoll_183,datasets/oxford_pets/images/Ragdoll_183.jpg,27,26,Ragdoll,1,9,trainval
Ragdoll_184,datasets/oxford_pets/images/Ragdoll_184.jpg,27,26,Ragdoll,1,9,trainval
Ragdoll_185,datasets/oxford_pets/images/Ragdoll_185.jpg,27,26,Ragdoll,1,9,trainval
Ragdoll_186,datasets/oxford_pets/images/Ragdoll_186.jpg,27,26,Ragdoll,1,9,trainval
Ragdoll_188,datasets/oxford_pets/images/Ragdoll_188.jpg,27,26,Ragdoll,1,9,trainval
Ragdoll_189,datasets/oxford_pets/images/Ragdoll_189.jpg,27,26,Ragdoll,1,9,trainval
Ragdoll_190,datasets/oxford_pets/images/Ragdoll_190.jpg,27,26,Ragdoll,1,9,trainval
Ragdoll_191,datasets/oxford_pets/images/Ragdoll_191.jpg,27,26,Ragdoll,1,9,trainval
Ragdoll_192,datasets/oxford_pets/images/Ragdoll_192.jpg,27,26,Ragdoll,1,9,trainval
Ragdoll_193,datasets/oxford_pets/images/Ragdoll_193.jpg,27,26,Ragdoll,1,9,trainval
Ragdoll_194,datasets/oxford_pets/images/Ragdoll_194.jpg,27,26,Ragdoll,1,9,trainval
Ragdoll_195,datasets/oxford_pets/images/Ragdoll_195.jpg,27,26,Ragdoll,1,9,trainval
Ragdoll_196,datasets/oxford_pets/images/Ragdoll_196.jpg,27,26,Ragdoll,1,9,trainval
Ragdoll_197,datasets/oxford_pets/images/Ragdoll_197.jpg,27,26,Ragdoll,1,9,trainval
Ragdoll_198,datasets/oxford_pets/images/Ragdoll_198.jpg,27,26,Ragdoll,1,9,trainval
Ragdoll_199,datasets/oxford_pets/images/Ragdoll_199.jpg,27,26,Ragdoll,1,9,trainval
Russian_Blue_1,datasets/oxford_pets/images/Russian_Blue_1.jpg,28,27,Russian_Blue,1,10,trainval
Russian_Blue_100,datasets/oxford_pets/images/Russian_Blue_100.jpg,28,27,Russian_Blue,1,10,trainval
Russian_Blue_101,datasets/oxford_pets/images/Russian_Blue_101.jpg,28,27,Russian_Blue,1,10,trainval
Russian_Blue_102,datasets/oxford_pets/images/Russian_Blue_102.jpg,28,27,Russian_Blue,1,10,trainval
Russian_Blue_104,datasets/oxford_pets/images/Russian_Blue_104.jpg,28,27,Russian_Blue,1,10,trainval
Russian_Blue_106,datasets/oxford_pets/images/Russian_Blue_106.jpg,28,27,Russian_Blue,1,10,trainval
Russian_Blue_107,datasets/oxford_pets/images/Russian_Blue_107.jpg,28,27,Russian_Blue,1,10,trainval
Russian_Blue_108,datasets/oxford_pets/images/Russian_Blue_108.jpg,28,27,Russian_Blue,1,10,trainval
Russian_Blue_109,datasets/oxford_pets/images/Russian_Blue_109.jpg,28,27,Russian_Blue,1,10,trainval
Russian_Blue_110,datasets/oxford_pets/images/Russian_Blue_110.jpg,28,27,Russian_Blue,1,10,trainval
Russian_Blue_111,datasets/oxford_pets/images/Russian_Blue_111.jpg,28,27,Russian_Blue,1,10,trainval
Russian_Blue_112,datasets/oxford_pets/images/Russian_Blue_112.jpg,28,27,Russian_Blue,1,10,trainval
Russian_Blue_113,datasets/oxford_pets/images/Russian_Blue_113.jpg,28,27,Russian_Blue,1,10,trainval
Russian_Blue_114,datasets/oxford_pets/images/Russian_Blue_114.jpg,28,27,Russian_Blue,1,10,trainval
Russian_Blue_116,datasets/oxford_pets/images/Russian_Blue_116.jpg,28,27,Russian_Blue,1,10,trainval
Russian_Blue_117,datasets/oxford_pets/images/Russian_Blue_117.jpg,28,27,Russian_Blue,1,10,trainval
Russian_Blue_118,datasets/oxford_pets/images/Russian_Blue_118.jpg,28,27,Russian_Blue,1,10,trainval
Russian_Blue_12,datasets/oxford_pets/images/Russian_Blue_12.jpg,28,27,Russian_Blue,1,10,trainval
Russian_Blue_122,datasets/oxford_pets/images/Russian_Blue_122.jpg,28,27,Russian_Blue,1,10,trainval
Russian_Blue_123,datasets/oxford_pets/images/Russian_Blue_123.jpg,28,27,Russian_Blue,1,10,trainval
Russian_Blue_125,datasets/oxford_pets/images/Russian_Blue_125.jpg,28,27,Russian_Blue,1,10,trainval
Russian_Blue_128,datasets/oxford_pets/images/Russian_Blue_128.jpg,28,27,Russian_Blue,1,10,trainval
Russian_Blue_129,datasets/oxford_pets/images/Russian_Blue_129.jpg,28,27,Russian_Blue,1,10,trainval
Russian_Blue_130,datasets/oxford_pets/images/Russian_Blue_130.jpg,28,27,Russian_Blue,1,10,trainval
Russian_Blue_131,datasets/oxford_pets/images/Russian_Blue_131.jpg,28,27,Russian_Blue,1,10,trainval
Russian_Blue_132,datasets/oxford_pets/images/Russian_Blue_132.jpg,28,27,Russian_Blue,1,10,trainval
Russian_Blue_133,datasets/oxford_pets/images/Russian_Blue_133.jpg,28,27,Russian_Blue,1,10,trainval
Russian_Blue_135,datasets/oxford_pets/images/Russian_Blue_135.jpg,28,27,Russian_Blue,1,10,trainval
Russian_Blue_136,datasets/oxford_pets/images/Russian_Blue_136.jpg,28,27,Russian_Blue,1,10,trainval
Russian_Blue_137,datasets/oxford_pets/images/Russian_Blue_137.jpg,28,27,Russian_Blue,1,10,trainval
Russian_Blue_14,datasets/oxford_pets/images/Russian_Blue_14.jpg,28,27,Russian_Blue,1,10,trainval
Russian_Blue_140,datasets/oxford_pets/images/Russian_Blue_140.jpg,28,27,Russian_Blue,1,10,trainval
Russian_Blue_142,datasets/oxford_pets/images/Russian_Blue_142.jpg,28,27,Russian_Blue,1,10,trainval
Russian_Blue_143,datasets/oxford_pets/images/Russian_Blue_143.jpg,28,27,Russian_Blue,1,10,trainval
Russian_Blue_144,datasets/oxford_pets/images/Russian_Blue_144.jpg,28,27,Russian_Blue,1,10,trainval
Russian_Blue_145,datasets/oxford_pets/images/Russian_Blue_145.jpg,28,27,Russian_Blue,1,10,trainval
Russian_Blue_146,datasets/oxford_pets/images/Russian_Blue_146.jpg,28,27,Russian_Blue,1,10,trainval
Russian_Blue_147,datasets/oxford_pets/images/Russian_Blue_147.jpg,28,27,Russian_Blue,1,10,trainval
Russian_Blue_148,datasets/oxford_pets/images/Russian_Blue_148.jpg,28,27,Russian_Blue,1,10,trainval
Russian_Blue_149,datasets/oxford_pets/images/Russian_Blue_149.jpg,28,27,Russian_Blue,1,10,trainval
Russian_Blue_150,datasets/oxford_pets/images/Russian_Blue_150.jpg,28,27,Russian_Blue,1,10,trainval
Russian_Blue_151,datasets/oxford_pets/images/Russian_Blue_151.jpg,28,27,Russian_Blue,1,10,trainval
Russian_Blue_152,datasets/oxford_pets/images/Russian_Blue_152.jpg,28,27,Russian_Blue,1,10,trainval
Russian_Blue_153,datasets/oxford_pets/images/Russian_Blue_153.jpg,28,27,Russian_Blue,1,10,trainval
Russian_Blue_154,datasets/oxford_pets/images/Russian_Blue_154.jpg,28,27,Russian_Blue,1,10,trainval
Russian_Blue_156,datasets/oxford_pets/images/Russian_Blue_156.jpg,28,27,Russian_Blue,1,10,trainval
Russian_Blue_158,datasets/oxford_pets/images/Russian_Blue_158.jpg,28,27,Russian_Blue,1,10,trainval
Russian_Blue_16,datasets/oxford_pets/images/Russian_Blue_16.jpg,28,27,Russian_Blue,1,10,trainval
Russian_Blue_160,datasets/oxford_pets/images/Russian_Blue_160.jpg,28,27,Russian_Blue,1,10,trainval
Russian_Blue_161,datasets/oxford_pets/images/Russian_Blue_161.jpg,28,27,Russian_Blue,1,10,trainval
Russian_Blue_162,datasets/oxford_pets/images/Russian_Blue_162.jpg,28,27,Russian_Blue,1,10,trainval
Russian_Blue_164,datasets/oxford_pets/images/Russian_Blue_164.jpg,28,27,Russian_Blue,1,10,trainval
Russian_Blue_165,datasets/oxford_pets/images/Russian_Blue_165.jpg,28,27,Russian_Blue,1,10,trainval
Russian_Blue_166,datasets/oxford_pets/images/Russian_Blue_166.jpg,28,27,Russian_Blue,1,10,trainval
Russian_Blue_168,datasets/oxford_pets/images/Russian_Blue_168.jpg,28,27,Russian_Blue,1,10,trainval
Russian_Blue_169,datasets/oxford_pets/images/Russian_Blue_169.jpg,28,27,Russian_Blue,1,10,trainval
Russian_Blue_17,datasets/oxford_pets/images/Russian_Blue_17.jpg,28,27,Russian_Blue,1,10,trainval
Russian_Blue_170,datasets/oxford_pets/images/Russian_Blue_170.jpg,28,27,Russian_Blue,1,10,trainval
Russian_Blue_171,datasets/oxford_pets/images/Russian_Blue_171.jpg,28,27,Russian_Blue,1,10,trainval
Russian_Blue_173,datasets/oxford_pets/images/Russian_Blue_173.jpg,28,27,Russian_Blue,1,10,trainval
Russian_Blue_174,datasets/oxford_pets/images/Russian_Blue_174.jpg,28,27,Russian_Blue,1,10,trainval
Russian_Blue_175,datasets/oxford_pets/images/Russian_Blue_175.jpg,28,27,Russian_Blue,1,10,trainval
Russian_Blue_178,datasets/oxford_pets/images/Russian_Blue_178.jpg,28,27,Russian_Blue,1,10,trainval
Russian_Blue_179,datasets/oxford_pets/images/Russian_Blue_179.jpg,28,27,Russian_Blue,1,10,trainval
Russian_Blue_18,datasets/oxford_pets/images/Russian_Blue_18.jpg,28,27,Russian_Blue,1,10,trainval
Russian_Blue_180,datasets/oxford_pets/images/Russian_Blue_180.jpg,28,27,Russian_Blue,1,10,trainval
Russian_Blue_181,datasets/oxford_pets/images/Russian_Blue_181.jpg,28,27,Russian_Blue,1,10,trainval
Russian_Blue_182,datasets/oxford_pets/images/Russian_Blue_182.jpg,28,27,Russian_Blue,1,10,trainval
Russian_Blue_183,datasets/oxford_pets/images/Russian_Blue_183.jpg,28,27,Russian_Blue,1,10,trainval
Russian_Blue_185,datasets/oxford_pets/images/Russian_Blue_185.jpg,28,27,Russian_Blue,1,10,trainval
Russian_Blue_187,datasets/oxford_pets/images/Russian_Blue_187.jpg,28,27,Russian_Blue,1,10,trainval
Russian_Blue_188,datasets/oxford_pets/images/Russian_Blue_188.jpg,28,27,Russian_Blue,1,10,trainval
Russian_Blue_19,datasets/oxford_pets/images/Russian_Blue_19.jpg,28,27,Russian_Blue,1,10,trainval
Russian_Blue_191,datasets/oxford_pets/images/Russian_Blue_191.jpg,28,27,Russian_Blue,1,10,trainval
Russian_Blue_192,datasets/oxford_pets/images/Russian_Blue_192.jpg,28,27,Russian_Blue,1,10,trainval
Russian_Blue_193,datasets/oxford_pets/images/Russian_Blue_193.jpg,28,27,Russian_Blue,1,10,trainval
Russian_Blue_195,datasets/oxford_pets/images/Russian_Blue_195.jpg,28,27,Russian_Blue,1,10,trainval
Russian_Blue_196,datasets/oxford_pets/images/Russian_Blue_196.jpg,28,27,Russian_Blue,1,10,trainval
Russian_Blue_198,datasets/oxford_pets/images/Russian_Blue_198.jpg,28,27,Russian_Blue,1,10,trainval
Russian_Blue_199,datasets/oxford_pets/images/Russian_Blue_199.jpg,28,27,Russian_Blue,1,10,trainval
Siamese_101,datasets/oxford_pets/images/Siamese_101.jpg,33,32,Siamese,1,11,trainval
Siamese_102,datasets/oxford_pets/images/Siamese_102.jpg,33,32,Siamese,1,11,trainval
Siamese_104,datasets/oxford_pets/images/Siamese_104.jpg,33,32,Siamese,1,11,trainval
Siamese_108,datasets/oxford_pets/images/Siamese_108.jpg,33,32,Siamese,1,11,trainval
Siamese_109,datasets/oxford_pets/images/Siamese_109.jpg,33,32,Siamese,1,11,trainval
Siamese_110,datasets/oxford_pets/images/Siamese_110.jpg,33,32,Siamese,1,11,trainval
Siamese_111,datasets/oxford_pets/images/Siamese_111.jpg,33,32,Siamese,1,11,trainval
Siamese_112,datasets/oxford_pets/images/Siamese_112.jpg,33,32,Siamese,1,11,trainval
Siamese_113,datasets/oxford_pets/images/Siamese_113.jpg,33,32,Siamese,1,11,trainval
Siamese_114,datasets/oxford_pets/images/Siamese_114.jpg,33,32,Siamese,1,11,trainval
Siamese_115,datasets/oxford_pets/images/Siamese_115.jpg,33,32,Siamese,1,11,trainval
Siamese_116,datasets/oxford_pets/images/Siamese_116.jpg,33,32,Siamese,1,11,trainval
Siamese_117,datasets/oxford_pets/images/Siamese_117.jpg,33,32,Siamese,1,11,trainval
Siamese_119,datasets/oxford_pets/images/Siamese_119.jpg,33,32,Siamese,1,11,trainval
Siamese_120,datasets/oxford_pets/images/Siamese_120.jpg,33,32,Siamese,1,11,trainval
Siamese_122,datasets/oxford_pets/images/Siamese_122.jpg,33,32,Siamese,1,11,trainval
Siamese_125,datasets/oxford_pets/images/Siamese_125.jpg,33,32,Siamese,1,11,trainval
Siamese_126,datasets/oxford_pets/images/Siamese_126.jpg,33,32,Siamese,1,11,trainval
Siamese_128,datasets/oxford_pets/images/Siamese_128.jpg,33,32,Siamese,1,11,trainval
Siamese_129,datasets/oxford_pets/images/Siamese_129.jpg,33,32,Siamese,1,11,trainval
Siamese_131,datasets/oxford_pets/images/Siamese_131.jpg,33,32,Siamese,1,11,trainval
Siamese_133,datasets/oxford_pets/images/Siamese_133.jpg,33,32,Siamese,1,11,trainval
Siamese_136,datasets/oxford_pets/images/Siamese_136.jpg,33,32,Siamese,1,11,trainval
Siamese_137,datasets/oxford_pets/images/Siamese_137.jpg,33,32,Siamese,1,11,trainval
Siamese_138,datasets/oxford_pets/images/Siamese_138.jpg,33,32,Siamese,1,11,trainval
Siamese_139,datasets/oxford_pets/images/Siamese_139.jpg,33,32,Siamese,1,11,trainval
Siamese_14,datasets/oxford_pets/images/Siamese_14.jpg,33,32,Siamese,1,11,trainval
Siamese_140,datasets/oxford_pets/images/Siamese_140.jpg,33,32,Siamese,1,11,trainval
Siamese_142,datasets/oxford_pets/images/Siamese_142.jpg,33,32,Siamese,1,11,trainval
Siamese_143,datasets/oxford_pets/images/Siamese_143.jpg,33,32,Siamese,1,11,trainval
Siamese_144,datasets/oxford_pets/images/Siamese_144.jpg,33,32,Siamese,1,11,trainval
Siamese_146,datasets/oxford_pets/images/Siamese_146.jpg,33,32,Siamese,1,11,trainval
Siamese_147,datasets/oxford_pets/images/Siamese_147.jpg,33,32,Siamese,1,11,trainval
Siamese_148,datasets/oxford_pets/images/Siamese_148.jpg,33,32,Siamese,1,11,trainval
Siamese_149,datasets/oxford_pets/images/Siamese_149.jpg,33,32,Siamese,1,11,trainval
Siamese_150,datasets/oxford_pets/images/Siamese_150.jpg,33,32,Siamese,1,11,trainval
Siamese_152,datasets/oxford_pets/images/Siamese_152.jpg,33,32,Siamese,1,11,trainval
Siamese_153,datasets/oxford_pets/images/Siamese_153.jpg,33,32,Siamese,1,11,trainval
Siamese_154,datasets/oxford_pets/images/Siamese_154.jpg,33,32,Siamese,1,11,trainval
Siamese_155,datasets/oxford_pets/images/Siamese_155.jpg,33,32,Siamese,1,11,trainval
Siamese_156,datasets/oxford_pets/images/Siamese_156.jpg,33,32,Siamese,1,11,trainval
Siamese_158,datasets/oxford_pets/images/Siamese_158.jpg,33,32,Siamese,1,11,trainval
Siamese_159,datasets/oxford_pets/images/Siamese_159.jpg,33,32,Siamese,1,11,trainval
Siamese_160,datasets/oxford_pets/images/Siamese_160.jpg,33,32,Siamese,1,11,trainval
Siamese_162,datasets/oxford_pets/images/Siamese_162.jpg,33,32,Siamese,1,11,trainval
Siamese_163,datasets/oxford_pets/images/Siamese_163.jpg,33,32,Siamese,1,11,trainval
Siamese_164,datasets/oxford_pets/images/Siamese_164.jpg,33,32,Siamese,1,11,trainval
Siamese_165,datasets/oxford_pets/images/Siamese_165.jpg,33,32,Siamese,1,11,trainval
Siamese_167,datasets/oxford_pets/images/Siamese_167.jpg,33,32,Siamese,1,11,trainval
Siamese_168,datasets/oxford_pets/images/Siamese_168.jpg,33,32,Siamese,1,11,trainval
Siamese_169,datasets/oxford_pets/images/Siamese_169.jpg,33,32,Siamese,1,11,trainval
Siamese_170,datasets/oxford_pets/images/Siamese_170.jpg,33,32,Siamese,1,11,trainval
Siamese_171,datasets/oxford_pets/images/Siamese_171.jpg,33,32,Siamese,1,11,trainval
Siamese_172,datasets/oxford_pets/images/Siamese_172.jpg,33,32,Siamese,1,11,trainval
Siamese_175,datasets/oxford_pets/images/Siamese_175.jpg,33,32,Siamese,1,11,trainval
Siamese_176,datasets/oxford_pets/images/Siamese_176.jpg,33,32,Siamese,1,11,trainval
Siamese_178,datasets/oxford_pets/images/Siamese_178.jpg,33,32,Siamese,1,11,trainval
Siamese_18,datasets/oxford_pets/images/Siamese_18.jpg,33,32,Siamese,1,11,trainval
Siamese_180,datasets/oxford_pets/images/Siamese_180.jpg,33,32,Siamese,1,11,trainval
Siamese_181,datasets/oxford_pets/images/Siamese_181.jpg,33,32,Siamese,1,11,trainval
Siamese_182,datasets/oxford_pets/images/Siamese_182.jpg,33,32,Siamese,1,11,trainval
Siamese_184,datasets/oxford_pets/images/Siamese_184.jpg,33,32,Siamese,1,11,trainval
Siamese_185,datasets/oxford_pets/images/Siamese_185.jpg,33,32,Siamese,1,11,trainval
Siamese_186,datasets/oxford_pets/images/Siamese_186.jpg,33,32,Siamese,1,11,trainval
Siamese_187,datasets/oxford_pets/images/Siamese_187.jpg,33,32,Siamese,1,11,trainval
Siamese_188,datasets/oxford_pets/images/Siamese_188.jpg,33,32,Siamese,1,11,trainval
Siamese_189,datasets/oxford_pets/images/Siamese_189.jpg,33,32,Siamese,1,11,trainval
Siamese_19,datasets/oxford_pets/images/Siamese_19.jpg,33,32,Siamese,1,11,trainval
Siamese_191,datasets/oxford_pets/images/Siamese_191.jpg,33,32,Siamese,1,11,trainval
Siamese_193,datasets/oxford_pets/images/Siamese_193.jpg,33,32,Siamese,1,11,trainval
Siamese_195,datasets/oxford_pets/images/Siamese_195.jpg,33,32,Siamese,1,11,trainval
Siamese_196,datasets/oxford_pets/images/Siamese_196.jpg,33,32,Siamese,1,11,trainval
Siamese_198,datasets/oxford_pets/images/Siamese_198.jpg,33,32,Siamese,1,11,trainval
Siamese_199,datasets/oxford_pets/images/Siamese_199.jpg,33,32,Siamese,1,11,trainval
Siamese_201,datasets/oxford_pets/images/Siamese_201.jpg,33,32,Siamese,1,11,trainval
Siamese_202,datasets/oxford_pets/images/Siamese_202.jpg,33,32,Siamese,1,11,trainval
Siamese_204,datasets/oxford_pets/images/Siamese_204.jpg,33,32,Siamese,1,11,trainval
Siamese_205,datasets/oxford_pets/images/Siamese_205.jpg,33,32,Siamese,1,11,trainval
Siamese_208,datasets/oxford_pets/images/Siamese_208.jpg,33,32,Siamese,1,11,trainval
Sphynx_1,datasets/oxford_pets/images/Sphynx_1.jpg,34,33,Sphynx,1,12,trainval
Sphynx_102,datasets/oxford_pets/images/Sphynx_102.jpg,34,33,Sphynx,1,12,trainval
Sphynx_104,datasets/oxford_pets/images/Sphynx_104.jpg,34,33,Sphynx,1,12,trainval
Sphynx_105,datasets/oxford_pets/images/Sphynx_105.jpg,34,33,Sphynx,1,12,trainval
Sphynx_107,datasets/oxford_pets/images/Sphynx_107.jpg,34,33,Sphynx,1,12,trainval
Sphynx_108,datasets/oxford_pets/images/Sphynx_108.jpg,34,33,Sphynx,1,12,trainval
Sphynx_110,datasets/oxford_pets/images/Sphynx_110.jpg,34,33,Sphynx,1,12,trainval
Sphynx_111,datasets/oxford_pets/images/Sphynx_111.jpg,34,33,Sphynx,1,12,trainval
Sphynx_112,datasets/oxford_pets/images/Sphynx_112.jpg,34,33,Sphynx,1,12,trainval
Sphynx_115,datasets/oxford_pets/images/Sphynx_115.jpg,34,33,Sphynx,1,12,trainval
Sphynx_116,datasets/oxford_pets/images/Sphynx_116.jpg,34,33,Sphynx,1,12,trainval
Sphynx_117,datasets/oxford_pets/images/Sphynx_117.jpg,34,33,Sphynx,1,12,trainval
Sphynx_12,datasets/oxford_pets/images/Sphynx_12.jpg,34,33,Sphynx,1,12,trainval
Sphynx_121,datasets/oxford_pets/images/Sphynx_121.jpg,34,33,Sphynx,1,12,trainval
Sphynx_122,datasets/oxford_pets/images/Sphynx_122.jpg,34,33,Sphynx,1,12,trainval
Sphynx_124,datasets/oxford_pets/images/Sphynx_124.jpg,34,33,Sphynx,1,12,trainval
Sphynx_125,datasets/oxford_pets/images/Sphynx_125.jpg,34,33,Sphynx,1,12,trainval
Sphynx_126,datasets/oxford_pets/images/Sphynx_126.jpg,34,33,Sphynx,1,12,trainval
Sphynx_127,datasets/oxford_pets/images/Sphynx_127.jpg,34,33,Sphynx,1,12,trainval
Sphynx_128,datasets/oxford_pets/images/Sphynx_128.jpg,34,33,Sphynx,1,12,trainval
Sphynx_129,datasets/oxford_pets/images/Sphynx_129.jpg,34,33,Sphynx,1,12,trainval
Sphynx_130,datasets/oxford_pets/images/Sphynx_130.jpg,34,33,Sphynx,1,12,trainval
Sphynx_131,datasets/oxford_pets/images/Sphynx_131.jpg,34,33,Sphynx,1,12,trainval
Sphynx_132,datasets/oxford_pets/images/Sphynx_132.jpg,34,33,Sphynx,1,12,trainval
Sphynx_133,datasets/oxford_pets/images/Sphynx_133.jpg,34,33,Sphynx,1,12,trainval
Sphynx_136,datasets/oxford_pets/images/Sphynx_136.jpg,34,33,Sphynx,1,12,trainval
Sphynx_137,datasets/oxford_pets/images/Sphynx_137.jpg,34,33,Sphynx,1,12,trainval
Sphynx_138,datasets/oxford_pets/images/Sphynx_138.jpg,34,33,Sphynx,1,12,trainval
Sphynx_139,datasets/oxford_pets/images/Sphynx_139.jpg,34,33,Sphynx,1,12,trainval
Sphynx_141,datasets/oxford_pets/images/Sphynx_141.jpg,34,33,Sphynx,1,12,trainval
Sphynx_142,datasets/oxford_pets/images/Sphynx_142.jpg,34,33,Sphynx,1,12,trainval
Sphynx_143,datasets/oxford_pets/images/Sphynx_143.jpg,34,33,Sphynx,1,12,trainval
Sphynx_144,datasets/oxford_pets/images/Sphynx_144.jpg,34,33,Sphynx,1,12,trainval
Sphynx_145,datasets/oxford_pets/images/Sphynx_145.jpg,34,33,Sphynx,1,12,trainval
Sphynx_150,datasets/oxford_pets/images/Sphynx_150.jpg,34,33,Sphynx,1,12,trainval
Sphynx_151,datasets/oxford_pets/images/Sphynx_151.jpg,34,33,Sphynx,1,12,trainval
Sphynx_152,datasets/oxford_pets/images/Sphynx_152.jpg,34,33,Sphynx,1,12,trainval
Sphynx_153,datasets/oxford_pets/images/Sphynx_153.jpg,34,33,Sphynx,1,12,trainval
Sphynx_155,datasets/oxford_pets/images/Sphynx_155.jpg,34,33,Sphynx,1,12,trainval
Sphynx_156,datasets/oxford_pets/images/Sphynx_156.jpg,34,33,Sphynx,1,12,trainval
Sphynx_157,datasets/oxford_pets/images/Sphynx_157.jpg,34,33,Sphynx,1,12,trainval
Sphynx_158,datasets/oxford_pets/images/Sphynx_158.jpg,34,33,Sphynx,1,12,trainval
Sphynx_159,datasets/oxford_pets/images/Sphynx_159.jpg,34,33,Sphynx,1,12,trainval
Sphynx_160,datasets/oxford_pets/images/Sphynx_160.jpg,34,33,Sphynx,1,12,trainval
Sphynx_162,datasets/oxford_pets/images/Sphynx_162.jpg,34,33,Sphynx,1,12,trainval
Sphynx_164,datasets/oxford_pets/images/Sphynx_164.jpg,34,33,Sphynx,1,12,trainval
Sphynx_165,datasets/oxford_pets/images/Sphynx_165.jpg,34,33,Sphynx,1,12,trainval
Sphynx_166,datasets/oxford_pets/images/Sphynx_166.jpg,34,33,Sphynx,1,12,trainval
Sphynx_167,datasets/oxford_pets/images/Sphynx_167.jpg,34,33,Sphynx,1,12,trainval
Sphynx_168,datasets/oxford_pets/images/Sphynx_168.jpg,34,33,Sphynx,1,12,trainval
Sphynx_169,datasets/oxford_pets/images/Sphynx_169.jpg,34,33,Sphynx,1,12,trainval
Sphynx_17,datasets/oxford_pets/images/Sphynx_17.jpg,34,33,Sphynx,1,12,trainval
Sphynx_170,datasets/oxford_pets/images/Sphynx_170.jpg,34,33,Sphynx,1,12,trainval
Sphynx_171,datasets/oxford_pets/images/Sphynx_171.jpg,34,33,Sphynx,1,12,trainval
Sphynx_172,datasets/oxford_pets/images/Sphynx_172.jpg,34,33,Sphynx,1,12,trainval
Sphynx_174,datasets/oxford_pets/images/Sphynx_174.jpg,34,33,Sphynx,1,12,trainval
Sphynx_175,datasets/oxford_pets/images/Sphynx_175.jpg,34,33,Sphynx,1,12,trainval
Sphynx_177,datasets/oxford_pets/images/Sphynx_177.jpg,34,33,Sphynx,1,12,trainval
Sphynx_178,datasets/oxford_pets/images/Sphynx_178.jpg,34,33,Sphynx,1,12,trainval
Sphynx_179,datasets/oxford_pets/images/Sphynx_179.jpg,34,33,Sphynx,1,12,trainval
Sphynx_18,datasets/oxford_pets/images/Sphynx_18.jpg,34,33,Sphynx,1,12,trainval
Sphynx_180,datasets/oxford_pets/images/Sphynx_180.jpg,34,33,Sphynx,1,12,trainval
Sphynx_181,datasets/oxford_pets/images/Sphynx_181.jpg,34,33,Sphynx,1,12,trainval
Sphynx_187,datasets/oxford_pets/images/Sphynx_187.jpg,34,33,Sphynx,1,12,trainval
Sphynx_188,datasets/oxford_pets/images/Sphynx_188.jpg,34,33,Sphynx,1,12,trainval
Sphynx_189,datasets/oxford_pets/images/Sphynx_189.jpg,34,33,Sphynx,1,12,trainval
Sphynx_19,datasets/oxford_pets/images/Sphynx_19.jpg,34,33,Sphynx,1,12,trainval
Sphynx_191,datasets/oxford_pets/images/Sphynx_191.jpg,34,33,Sphynx,1,12,trainval
Sphynx_193,datasets/oxford_pets/images/Sphynx_193.jpg,34,33,Sphynx,1,12,trainval
Sphynx_194,datasets/oxford_pets/images/Sphynx_194.jpg,34,33,Sphynx,1,12,trainval
Sphynx_195,datasets/oxford_pets/images/Sphynx_195.jpg,34,33,Sphynx,1,12,trainval
Sphynx_197,datasets/oxford_pets/images/Sphynx_197.jpg,34,33,Sphynx,1,12,trainval
Sphynx_198,datasets/oxford_pets/images/Sphynx_198.jpg,34,33,Sphynx,1,12,trainval
Sphynx_199,datasets/oxford_pets/images/Sphynx_199.jpg,34,33,Sphynx,1,12,trainval
Sphynx_200,datasets/oxford_pets/images/Sphynx_200.jpg,34,33,Sphynx,1,12,trainval
Sphynx_201,datasets/oxford_pets/images/Sphynx_201.jpg,34,33,Sphynx,1,12,trainval
Sphynx_202,datasets/oxford_pets/images/Sphynx_202.jpg,34,33,Sphynx,1,12,trainval
Sphynx_204,datasets/oxford_pets/images/Sphynx_204.jpg,34,33,Sphynx,1,12,trainval
Sphynx_205,datasets/oxford_pets/images/Sphynx_205.jpg,34,33,Sphynx,1,12,trainval
Sphynx_206,datasets/oxford_pets/images/Sphynx_206.jpg,34,33,Sphynx,1,12,trainval
american_bulldog_10,datasets/oxford_pets/images/american_bulldog_10.jpg,2,1,american_bulldog,2,1,trainval
american_bulldog_100,datasets/oxford_pets/images/american_bulldog_100.jpg,2,1,american_bulldog,2,1,trainval
american_bulldog_101,datasets/oxford_pets/images/american_bulldog_101.jpg,2,1,american_bulldog,2,1,trainval
american_bulldog_102,datasets/oxford_pets/images/american_bulldog_102.jpg,2,1,american_bulldog,2,1,trainval
american_bulldog_103,datasets/oxford_pets/images/american_bulldog_103.jpg,2,1,american_bulldog,2,1,trainval
american_bulldog_105,datasets/oxford_pets/images/american_bulldog_105.jpg,2,1,american_bulldog,2,1,trainval
american_bulldog_108,datasets/oxford_pets/images/american_bulldog_108.jpg,2,1,american_bulldog,2,1,trainval
american_bulldog_109,datasets/oxford_pets/images/american_bulldog_109.jpg,2,1,american_bulldog,2,1,trainval
american_bulldog_11,datasets/oxford_pets/images/american_bulldog_11.jpg,2,1,american_bulldog,2,1,trainval
american_bulldog_111,datasets/oxford_pets/images/american_bulldog_111.jpg,2,1,american_bulldog,2,1,trainval
american_bulldog_112,datasets/oxford_pets/images/american_bulldog_112.jpg,2,1,american_bulldog,2,1,trainval
american_bulldog_113,datasets/oxford_pets/images/american_bulldog_113.jpg,2,1,american_bulldog,2,1,trainval
american_bulldog_114,datasets/oxford_pets/images/american_bulldog_114.jpg,2,1,american_bulldog,2,1,trainval
american_bulldog_115,datasets/oxford_pets/images/american_bulldog_115.jpg,2,1,american_bulldog,2,1,trainval
american_bulldog_116,datasets/oxford_pets/images/american_bulldog_116.jpg,2,1,american_bulldog,2,1,trainval
american_bulldog_117,datasets/oxford_pets/images/american_bulldog_117.jpg,2,1,american_bulldog,2,1,trainval
american_bulldog_118,datasets/oxford_pets/images/american_bulldog_118.jpg,2,1,american_bulldog,2,1,trainval
american_bulldog_119,datasets/oxford_pets/images/american_bulldog_119.jpg,2,1,american_bulldog,2,1,trainval
american_bulldog_121,datasets/oxford_pets/images/american_bulldog_121.jpg,2,1,american_bulldog,2,1,trainval
american_bulldog_122,datasets/oxford_pets/images/american_bulldog_122.jpg,2,1,american_bulldog,2,1,trainval
american_bulldog_123,datasets/oxford_pets/images/american_bulldog_123.jpg,2,1,american_bulldog,2,1,trainval
american_bulldog_124,datasets/oxford_pets/images/american_bulldog_124.jpg,2,1,american_bulldog,2,1,trainval
american_bulldog_126,datasets/oxford_pets/images/american_bulldog_126.jpg,2,1,american_bulldog,2,1,trainval
american_bulldog_127,datasets/oxford_pets/images/american_bulldog_127.jpg,2,1,american_bulldog,2,1,trainval
american_bulldog_128,datasets/oxford_pets/images/american_bulldog_128.jpg,2,1,american_bulldog,2,1,trainval
american_bulldog_129,datasets/oxford_pets/images/american_bulldog_129.jpg,2,1,american_bulldog,2,1,trainval
american_bulldog_132,datasets/oxford_pets/images/american_bulldog_132.jpg,2,1,american_bulldog,2,1,trainval
american_bulldog_134,datasets/oxford_pets/images/american_bulldog_134.jpg,2,1,american_bulldog,2,1,trainval
american_bulldog_135,datasets/oxford_pets/images/american_bulldog_135.jpg,2,1,american_bulldog,2,1,trainval
american_bulldog_136,datasets/oxford_pets/images/american_bulldog_136.jpg,2,1,american_bulldog,2,1,trainval
american_bulldog_138,datasets/oxford_pets/images/american_bulldog_138.jpg,2,1,american_bulldog,2,1,trainval
american_bulldog_139,datasets/oxford_pets/images/american_bulldog_139.jpg,2,1,american_bulldog,2,1,trainval
american_bulldog_14,datasets/oxford_pets/images/american_bulldog_14.jpg,2,1,american_bulldog,2,1,trainval
american_bulldog_140,datasets/oxford_pets/images/american_bulldog_140.jpg,2,1,american_bulldog,2,1,trainval
american_bulldog_141,datasets/oxford_pets/images/american_bulldog_141.jpg,2,1,american_bulldog,2,1,trainval
american_bulldog_142,datasets/oxford_pets/images/american_bulldog_142.jpg,2,1,american_bulldog,2,1,trainval
american_bulldog_144,datasets/oxford_pets/images/american_bulldog_144.jpg,2,1,american_bulldog,2,1,trainval
american_bulldog_146,datasets/oxford_pets/images/american_bulldog_146.jpg,2,1,american_bulldog,2,1,trainval
american_bulldog_147,datasets/oxford_pets/images/american_bulldog_147.jpg,2,1,american_bulldog,2,1,trainval
american_bulldog_148,datasets/oxford_pets/images/american_bulldog_148.jpg,2,1,american_bulldog,2,1,trainval
american_bulldog_149,datasets/oxford_pets/images/american_bulldog_149.jpg,2,1,american_bulldog,2,1,trainval
american_bulldog_15,datasets/oxford_pets/images/american_bulldog_15.jpg,2,1,american_bulldog,2,1,trainval
american_bulldog_150,datasets/oxford_pets/images/american_bulldog_150.jpg,2,1,american_bulldog,2,1,trainval
american_bulldog_151,datasets/oxford_pets/images/american_bulldog_151.jpg,2,1,american_bulldog,2,1,trainval
american_bulldog_152,datasets/oxford_pets/images/american_bulldog_152.jpg,2,1,american_bulldog,2,1,trainval
american_bulldog_153,datasets/oxford_pets/images/american_bulldog_153.jpg,2,1,american_bulldog,2,1,trainval
american_bulldog_158,datasets/oxford_pets/images/american_bulldog_158.jpg,2,1,american_bulldog,2,1,trainval
american_bulldog_16,datasets/oxford_pets/images/american_bulldog_16.jpg,2,1,american_bulldog,2,1,trainval
american_bulldog_161,datasets/oxford_pets/images/american_bulldog_161.jpg,2,1,american_bulldog,2,1,trainval
american_bulldog_166,datasets/oxford_pets/images/american_bulldog_166.jpg,2,1,american_bulldog,2,1,trainval
american_bulldog_167,datasets/oxford_pets/images/american_bulldog_167.jpg,2,1,american_bulldog,2,1,trainval
american_bulldog_168,datasets/oxford_pets/images/american_bulldog_168.jpg,2,1,american_bulldog,2,1,trainval
american_bulldog_169,datasets/oxford_pets/images/american_bulldog_169.jpg,2,1,american_bulldog,2,1,trainval
american_bulldog_171,datasets/oxford_pets/images/american_bulldog_171.jpg,2,1,american_bulldog,2,1,trainval
american_bulldog_172,datasets/oxford_pets/images/american_bulldog_172.jpg,2,1,american_bulldog,2,1,trainval
american_bulldog_173,datasets/oxford_pets/images/american_bulldog_173.jpg,2,1,american_bulldog,2,1,trainval
american_bulldog_174,datasets/oxford_pets/images/american_bulldog_174.jpg,2,1,american_bulldog,2,1,trainval
american_bulldog_177,datasets/oxford_pets/images/american_bulldog_177.jpg,2,1,american_bulldog,2,1,trainval
american_bulldog_178,datasets/oxford_pets/images/american_bulldog_178.jpg,2,1,american_bulldog,2,1,trainval
american_bulldog_179,datasets/oxford_pets/images/american_bulldog_179.jpg,2,1,american_bulldog,2,1,trainval
american_bulldog_18,datasets/oxford_pets/images/american_bulldog_18.jpg,2,1,american_bulldog,2,1,trainval
american_bulldog_180,datasets/oxford_pets/images/american_bulldog_180.jpg,2,1,american_bulldog,2,1,trainval
american_bulldog_181,datasets/oxford_pets/images/american_bulldog_181.jpg,2,1,american_bulldog,2,1,trainval
american_bulldog_182,datasets/oxford_pets/images/american_bulldog_182.jpg,2,1,american_bulldog,2,1,trainval
american_bulldog_183,datasets/oxford_pets/images/american_bulldog_183.jpg,2,1,american_bulldog,2,1,trainval
american_bulldog_185,datasets/oxford_pets/images/american_bulldog_185.jpg,2,1,american_bulldog,2,1,trainval
american_bulldog_186,datasets/oxford_pets/images/american_bulldog_186.jpg,2,1,american_bulldog,2,1,trainval
american_bulldog_187,datasets/oxford_pets/images/american_bulldog_187.jpg,2,1,american_bulldog,2,1,trainval
american_bulldog_188,datasets/oxford_pets/images/american_bulldog_188.jpg,2,1,american_bulldog,2,1,trainval
american_bulldog_189,datasets/oxford_pets/images/american_bulldog_189.jpg,2,1,american_bulldog,2,1,trainval
american_bulldog_190,datasets/oxford_pets/images/american_bulldog_190.jpg,2,1,american_bulldog,2,1,trainval
american_bulldog_191,datasets/oxford_pets/images/american_bulldog_191.jpg,2,1,american_bulldog,2,1,trainval
american_bulldog_192,datasets/oxford_pets/images/american_bulldog_192.jpg,2,1,american_bulldog,2,1,trainval
american_bulldog_193,datasets/oxford_pets/images/american_bulldog_193.jpg,2,1,american_bulldog,2,1,trainval
american_bulldog_194,datasets/oxford_pets/images/american_bulldog_194.jpg,2,1,american_bulldog,2,1,trainval
american_bulldog_196,datasets/oxford_pets/images/american_bulldog_196.jpg,2,1,american_bulldog,2,1,trainval
american_bulldog_197,datasets/oxford_pets/images/american_bulldog_197.jpg,2,1,american_bulldog,2,1,trainval
american_bulldog_198,datasets/oxford_pets/images/american_bulldog_198.jpg,2,1,american_bulldog,2,1,trainval
american_bulldog_201,datasets/oxford_pets/images/american_bulldog_201.jpg,2,1,american_bulldog,2,1,trainval
american_bulldog_202,datasets/oxford_pets/images/american_bulldog_202.jpg,2,1,american_bulldog,2,1,trainval
american_pit_bull_terrier_10,datasets/oxford_pets/images/american_pit_bull_terrier_10.jpg,3,2,american_pit_bull_terrier,2,2,trainval
american_pit_bull_terrier_102,datasets/oxford_pets/images/american_pit_bull_terrier_102.jpg,3,2,american_pit_bull_terrier,2,2,trainval
american_pit_bull_terrier_103,datasets/oxford_pets/images/american_pit_bull_terrier_103.jpg,3,2,american_pit_bull_terrier,2,2,trainval
american_pit_bull_terrier_104,datasets/oxford_pets/images/american_pit_bull_terrier_104.jpg,3,2,american_pit_bull_terrier,2,2,trainval
american_pit_bull_terrier_105,datasets/oxford_pets/images/american_pit_bull_terrier_105.jpg,3,2,american_pit_bull_terrier,2,2,trainval
american_pit_bull_terrier_106,datasets/oxford_pets/images/american_pit_bull_terrier_106.jpg,3,2,american_pit_bull_terrier,2,2,trainval
american_pit_bull_terrier_107,datasets/oxford_pets/images/american_pit_bull_terrier_107.jpg,3,2,american_pit_bull_terrier,2,2,trainval
american_pit_bull_terrier_108,datasets/oxford_pets/images/american_pit_bull_terrier_108.jpg,3,2,american_pit_bull_terrier,2,2,trainval
american_pit_bull_terrier_109,datasets/oxford_pets/images/american_pit_bull_terrier_109.jpg,3,2,american_pit_bull_terrier,2,2,trainval
american_pit_bull_terrier_11,datasets/oxford_pets/images/american_pit_bull_terrier_11.jpg,3,2,american_pit_bull_terrier,2,2,trainval
american_pit_bull_terrier_110,datasets/oxford_pets/images/american_pit_bull_terrier_110.jpg,3,2,american_pit_bull_terrier,2,2,trainval
american_pit_bull_terrier_111,datasets/oxford_pets/images/american_pit_bull_terrier_111.jpg,3,2,american_pit_bull_terrier,2,2,trainval
american_pit_bull_terrier_112,datasets/oxford_pets/images/american_pit_bull_terrier_112.jpg,3,2,american_pit_bull_terrier,2,2,trainval
american_pit_bull_terrier_113,datasets/oxford_pets/images/american_pit_bull_terrier_113.jpg,3,2,american_pit_bull_terrier,2,2,trainval
american_pit_bull_terrier_114,datasets/oxford_pets/images/american_pit_bull_terrier_114.jpg,3,2,american_pit_bull_terrier,2,2,trainval
american_pit_bull_terrier_116,datasets/oxford_pets/images/american_pit_bull_terrier_116.jpg,3,2,american_pit_bull_terrier,2,2,trainval
american_pit_bull_terrier_118,datasets/oxford_pets/images/american_pit_bull_terrier_118.jpg,3,2,american_pit_bull_terrier,2,2,trainval
american_pit_bull_terrier_119,datasets/oxford_pets/images/american_pit_bull_terrier_119.jpg,3,2,american_pit_bull_terrier,2,2,trainval
american_pit_bull_terrier_12,datasets/oxford_pets/images/american_pit_bull_terrier_12.jpg,3,2,american_pit_bull_terrier,2,2,trainval
american_pit_bull_terrier_120,datasets/oxford_pets/images/american_pit_bull_terrier_120.jpg,3,2,american_pit_bull_terrier,2,2,trainval
american_pit_bull_terrier_122,datasets/oxford_pets/images/american_pit_bull_terrier_122.jpg,3,2,american_pit_bull_terrier,2,2,trainval
american_pit_bull_terrier_123,datasets/oxford_pets/images/american_pit_bull_terrier_123.jpg,3,2,american_pit_bull_terrier,2,2,trainval
american_pit_bull_terrier_124,datasets/oxford_pets/images/american_pit_bull_terrier_124.jpg,3,2,american_pit_bull_terrier,2,2,trainval
american_pit_bull_terrier_125,datasets/oxford_pets/images/american_pit_bull_terrier_125.jpg,3,2,american_pit_bull_terrier,2,2,trainval
american_pit_bull_terrier_126,datasets/oxford_pets/images/american_pit_bull_terrier_126.jpg,3,2,american_pit_bull_terrier,2,2,trainval
american_pit_bull_terrier_127,datasets/oxford_pets/images/american_pit_bull_terrier_127.jpg,3,2,american_pit_bull_terrier,2,2,trainval
american_pit_bull_terrier_128,datasets/oxford_pets/images/american_pit_bull_terrier_128.jpg,3,2,american_pit_bull_terrier,2,2,trainval
american_pit_bull_terrier_130,datasets/oxford_pets/images/american_pit_bull_terrier_130.jpg,3,2,american_pit_bull_terrier,2,2,trainval
american_pit_bull_terrier_131,datasets/oxford_pets/images/american_pit_bull_terrier_131.jpg,3,2,american_pit_bull_terrier,2,2,trainval
american_pit_bull_terrier_132,datasets/oxford_pets/images/american_pit_bull_terrier_132.jpg,3,2,american_pit_bull_terrier,2,2,trainval
american_pit_bull_terrier_133,datasets/oxford_pets/images/american_pit_bull_terrier_133.jpg,3,2,american_pit_bull_terrier,2,2,trainval
american_pit_bull_terrier_135,datasets/oxford_pets/images/american_pit_bull_terrier_135.jpg,3,2,american_pit_bull_terrier,2,2,trainval
american_pit_bull_terrier_136,datasets/oxford_pets/images/american_pit_bull_terrier_136.jpg,3,2,american_pit_bull_terrier,2,2,trainval
american_pit_bull_terrier_137,datasets/oxford_pets/images/american_pit_bull_terrier_137.jpg,3,2,american_pit_bull_terrier,2,2,trainval
american_pit_bull_terrier_138,datasets/oxford_pets/images/american_pit_bull_terrier_138.jpg,3,2,american_pit_bull_terrier,2,2,trainval
american_pit_bull_terrier_139,datasets/oxford_pets/images/american_pit_bull_terrier_139.jpg,3,2,american_pit_bull_terrier,2,2,trainval
american_pit_bull_terrier_140,datasets/oxford_pets/images/american_pit_bull_terrier_140.jpg,3,2,american_pit_bull_terrier,2,2,trainval
american_pit_bull_terrier_141,datasets/oxford_pets/images/american_pit_bull_terrier_141.jpg,3,2,american_pit_bull_terrier,2,2,trainval
american_pit_bull_terrier_142,datasets/oxford_pets/images/american_pit_bull_terrier_142.jpg,3,2,american_pit_bull_terrier,2,2,trainval
american_pit_bull_terrier_143,datasets/oxford_pets/images/american_pit_bull_terrier_143.jpg,3,2,american_pit_bull_terrier,2,2,trainval
american_pit_bull_terrier_144,datasets/oxford_pets/images/american_pit_bull_terrier_144.jpg,3,2,american_pit_bull_terrier,2,2,trainval
american_pit_bull_terrier_145,datasets/oxford_pets/images/american_pit_bull_terrier_145.jpg,3,2,american_pit_bull_terrier,2,2,trainval
american_pit_bull_terrier_146,datasets/oxford_pets/images/american_pit_bull_terrier_146.jpg,3,2,american_pit_bull_terrier,2,2,trainval
american_pit_bull_terrier_147,datasets/oxford_pets/images/american_pit_bull_terrier_147.jpg,3,2,american_pit_bull_terrier,2,2,trainval
american_pit_bull_terrier_149,datasets/oxford_pets/images/american_pit_bull_terrier_149.jpg,3,2,american_pit_bull_terrier,2,2,trainval
american_pit_bull_terrier_15,datasets/oxford_pets/images/american_pit_bull_terrier_15.jpg,3,2,american_pit_bull_terrier,2,2,trainval
american_pit_bull_terrier_151,datasets/oxford_pets/images/american_pit_bull_terrier_151.jpg,3,2,american_pit_bull_terrier,2,2,trainval
american_pit_bull_terrier_152,datasets/oxford_pets/images/american_pit_bull_terrier_152.jpg,3,2,american_pit_bull_terrier,2,2,trainval
american_pit_bull_terrier_153,datasets/oxford_pets/images/american_pit_bull_terrier_153.jpg,3,2,american_pit_bull_terrier,2,2,trainval
american_pit_bull_terrier_154,datasets/oxford_pets/images/american_pit_bull_terrier_154.jpg,3,2,american_pit_bull_terrier,2,2,trainval
american_pit_bull_terrier_155,datasets/oxford_pets/images/american_pit_bull_terrier_155.jpg,3,2,american_pit_bull_terrier,2,2,trainval
american_pit_bull_terrier_156,datasets/oxford_pets/images/american_pit_bull_terrier_156.jpg,3,2,american_pit_bull_terrier,2,2,trainval
american_pit_bull_terrier_157,datasets/oxford_pets/images/american_pit_bull_terrier_157.jpg,3,2,american_pit_bull_terrier,2,2,trainval
american_pit_bull_terrier_158,datasets/oxford_pets/images/american_pit_bull_terrier_158.jpg,3,2,american_pit_bull_terrier,2,2,trainval
american_pit_bull_terrier_159,datasets/oxford_pets/images/american_pit_bull_terrier_159.jpg,3,2,american_pit_bull_terrier,2,2,trainval
american_pit_bull_terrier_16,datasets/oxford_pets/images/american_pit_bull_terrier_16.jpg,3,2,american_pit_bull_terrier,2,2,trainval
american_pit_bull_terrier_160,datasets/oxford_pets/images/american_pit_bull_terrier_160.jpg,3,2,american_pit_bull_terrier,2,2,trainval
american_pit_bull_terrier_164,datasets/oxford_pets/images/american_pit_bull_terrier_164.jpg,3,2,american_pit_bull_terrier,2,2,trainval
american_pit_bull_terrier_165,datasets/oxford_pets/images/american_pit_bull_terrier_165.jpg,3,2,american_pit_bull_terrier,2,2,trainval
american_pit_bull_terrier_166,datasets/oxford_pets/images/american_pit_bull_terrier_166.jpg,3,2,american_pit_bull_terrier,2,2,trainval
american_pit_bull_terrier_167,datasets/oxford_pets/images/american_pit_bull_terrier_167.jpg,3,2,american_pit_bull_terrier,2,2,trainval
american_pit_bull_terrier_169,datasets/oxford_pets/images/american_pit_bull_terrier_169.jpg,3,2,american_pit_bull_terrier,2,2,trainval
american_pit_bull_terrier_17,datasets/oxford_pets/images/american_pit_bull_terrier_17.jpg,3,2,american_pit_bull_terrier,2,2,trainval
american_pit_bull_terrier_170,datasets/oxford_pets/images/american_pit_bull_terrier_170.jpg,3,2,american_pit_bull_terrier,2,2,trainval
american_pit_bull_terrier_171,datasets/oxford_pets/images/american_pit_bull_terrier_171.jpg,3,2,american_pit_bull_terrier,2,2,trainval
american_pit_bull_terrier_172,datasets/oxford_pets/images/american_pit_bull_terrier_172.jpg,3,2,american_pit_bull_terrier,2,2,trainval
american_pit_bull_terrier_173,datasets/oxford_pets/images/american_pit_bull_terrier_173.jpg,3,2,american_pit_bull_terrier,2,2,trainval
american_pit_bull_terrier_174,datasets/oxford_pets/images/american_pit_bull_terrier_174.jpg,3,2,american_pit_bull_terrier,2,2,trainval
american_pit_bull_terrier_175,datasets/oxford_pets/images/american_pit_bull_terrier_175.jpg,3,2,american_pit_bull_terrier,2,2,trainval
american_pit_bull_terrier_176,datasets/oxford_pets/images/american_pit_bull_terrier_176.jpg,3,2,american_pit_bull_terrier,2,2,trainval
american_pit_bull_terrier_177,datasets/oxford_pets/images/american_pit_bull_terrier_177.jpg,3,2,american_pit_bull_terrier,2,2,trainval
american_pit_bull_terrier_178,datasets/oxford_pets/images/american_pit_bull_terrier_178.jpg,3,2,american_pit_bull_terrier,2,2,trainval
american_pit_bull_terrier_179,datasets/oxford_pets/images/american_pit_bull_terrier_179.jpg,3,2,american_pit_bull_terrier,2,2,trainval
american_pit_bull_terrier_18,datasets/oxford_pets/images/american_pit_bull_terrier_18.jpg,3,2,american_pit_bull_terrier,2,2,trainval
american_pit_bull_terrier_180,datasets/oxford_pets/images/american_pit_bull_terrier_180.jpg,3,2,american_pit_bull_terrier,2,2,trainval
american_pit_bull_terrier_184,datasets/oxford_pets/images/american_pit_bull_terrier_184.jpg,3,2,american_pit_bull_terrier,2,2,trainval
american_pit_bull_terrier_185,datasets/oxford_pets/images/american_pit_bull_terrier_185.jpg,3,2,american_pit_bull_terrier,2,2,trainval
american_pit_bull_terrier_186,datasets/oxford_pets/images/american_pit_bull_terrier_186.jpg,3,2,american_pit_bull_terrier,2,2,trainval
american_pit_bull_terrier_189,datasets/oxford_pets/images/american_pit_bull_terrier_189.jpg,3,2,american_pit_bull_terrier,2,2,trainval
american_pit_bull_terrier_190,datasets/oxford_pets/images/american_pit_bull_terrier_190.jpg,3,2,american_pit_bull_terrier,2,2,trainval
basset_hound_10,datasets/oxford_pets/images/basset_hound_10.jpg,4,3,basset_hound,2,3,trainval
basset_hound_100,datasets/oxford_pets/images/basset_hound_100.jpg,4,3,basset_hound,2,3,trainval
basset_hound_101,datasets/oxford_pets/images/basset_hound_101.jpg,4,3,basset_hound,2,3,trainval
basset_hound_102,datasets/oxford_pets/images/basset_hound_102.jpg,4,3,basset_hound,2,3,trainval
basset_hound_104,datasets/oxford_pets/images/basset_hound_104.jpg,4,3,basset_hound,2,3,trainval
basset_hound_105,datasets/oxford_pets/images/basset_hound_105.jpg,4,3,basset_hound,2,3,trainval
basset_hound_106,datasets/oxford_pets/images/basset_hound_106.jpg,4,3,basset_hound,2,3,trainval
basset_hound_108,datasets/oxford_pets/images/basset_hound_108.jpg,4,3,basset_hound,2,3,trainval
basset_hound_109,datasets/oxford_pets/images/basset_hound_109.jpg,4,3,basset_hound,2,3,trainval
basset_hound_110,datasets/oxford_pets/images/basset_hound_110.jpg,4,3,basset_hound,2,3,trainval
basset_hound_111,datasets/oxford_pets/images/basset_hound_111.jpg,4,3,basset_hound,2,3,trainval
basset_hound_112,datasets/oxford_pets/images/basset_hound_112.jpg,4,3,basset_hound,2,3,trainval
basset_hound_113,datasets/oxford_pets/images/basset_hound_113.jpg,4,3,basset_hound,2,3,trainval
basset_hound_114,datasets/oxford_pets/images/basset_hound_114.jpg,4,3,basset_hound,2,3,trainval
basset_hound_115,datasets/oxford_pets/images/basset_hound_115.jpg,4,3,basset_hound,2,3,trainval
basset_hound_116,datasets/oxford_pets/images/basset_hound_116.jpg,4,3,basset_hound,2,3,trainval
basset_hound_118,datasets/oxford_pets/images/basset_hound_118.jpg,4,3,basset_hound,2,3,trainval
basset_hound_12,datasets/oxford_pets/images/basset_hound_12.jpg,4,3,basset_hound,2,3,trainval
basset_hound_120,datasets/oxford_pets/images/basset_hound_120.jpg,4,3,basset_hound,2,3,trainval
basset_hound_121,datasets/oxford_pets/images/basset_hound_121.jpg,4,3,basset_hound,2,3,trainval
basset_hound_122,datasets/oxford_pets/images/basset_hound_122.jpg,4,3,basset_hound,2,3,trainval
basset_hound_123,datasets/oxford_pets/images/basset_hound_123.jpg,4,3,basset_hound,2,3,trainval
basset_hound_126,datasets/oxford_pets/images/basset_hound_126.jpg,4,3,basset_hound,2,3,trainval
basset_hound_128,datasets/oxford_pets/images/basset_hound_128.jpg,4,3,basset_hound,2,3,trainval
basset_hound_129,datasets/oxford_pets/images/basset_hound_129.jpg,4,3,basset_hound,2,3,trainval
basset_hound_13,datasets/oxford_pets/images/basset_hound_13.jpg,4,3,basset_hound,2,3,trainval
basset_hound_130,datasets/oxford_pets/images/basset_hound_130.jpg,4,3,basset_hound,2,3,trainval
basset_hound_131,datasets/oxford_pets/images/basset_hound_131.jpg,4,3,basset_hound,2,3,trainval
basset_hound_132,datasets/oxford_pets/images/basset_hound_132.jpg,4,3,basset_hound,2,3,trainval
basset_hound_133,datasets/oxford_pets/images/basset_hound_133.jpg,4,3,basset_hound,2,3,trainval
basset_hound_135,datasets/oxford_pets/images/basset_hound_135.jpg,4,3,basset_hound,2,3,trainval
basset_hound_136,datasets/oxford_pets/images/basset_hound_136.jpg,4,3,basset_hound,2,3,trainval
basset_hound_137,datasets/oxford_pets/images/basset_hound_137.jpg,4,3,basset_hound,2,3,trainval
basset_hound_138,datasets/oxford_pets/images/basset_hound_138.jpg,4,3,basset_hound,2,3,trainval
basset_hound_139,datasets/oxford_pets/images/basset_hound_139.jpg,4,3,basset_hound,2,3,trainval
basset_hound_14,datasets/oxford_pets/images/basset_hound_14.jpg,4,3,basset_hound,2,3,trainval
basset_hound_140,datasets/oxford_pets/images/basset_hound_140.jpg,4,3,basset_hound,2,3,trainval
basset_hound_141,datasets/oxford_pets/images/basset_hound_141.jpg,4,3,basset_hound,2,3,trainval
basset_hound_142,datasets/oxford_pets/images/basset_hound_142.jpg,4,3,basset_hound,2,3,trainval
basset_hound_144,datasets/oxford_pets/images/basset_hound_144.jpg,4,3,basset_hound,2,3,trainval
basset_hound_145,datasets/oxford_pets/images/basset_hound_145.jpg,4,3,basset_hound,2,3,trainval
basset_hound_147,datasets/oxford_pets/images/basset_hound_147.jpg,4,3,basset_hound,2,3,trainval
basset_hound_148,datasets/oxford_pets/images/basset_hound_148.jpg,4,3,basset_hound,2,3,trainval
basset_hound_15,datasets/oxford_pets/images/basset_hound_15.jpg,4,3,basset_hound,2,3,trainval
basset_hound_150,datasets/oxford_pets/images/basset_hound_150.jpg,4,3,basset_hound,2,3,trainval
basset_hound_151,datasets/oxford_pets/images/basset_hound_151.jpg,4,3,basset_hound,2,3,trainval
basset_hound_152,datasets/oxford_pets/images/basset_hound_152.jpg,4,3,basset_hound,2,3,trainval
basset_hound_154,datasets/oxford_pets/images/basset_hound_154.jpg,4,3,basset_hound,2,3,trainval
basset_hound_156,datasets/oxford_pets/images/basset_hound_156.jpg,4,3,basset_hound,2,3,trainval
basset_hound_157,datasets/oxford_pets/images/basset_hound_157.jpg,4,3,basset_hound,2,3,trainval
basset_hound_159,datasets/oxford_pets/images/basset_hound_159.jpg,4,3,basset_hound,2,3,trainval
basset_hound_16,datasets/oxford_pets/images/basset_hound_16.jpg,4,3,basset_hound,2,3,trainval
basset_hound_160,datasets/oxford_pets/images/basset_hound_160.jpg,4,3,basset_hound,2,3,trainval
basset_hound_161,datasets/oxford_pets/images/basset_hound_161.jpg,4,3,basset_hound,2,3,trainval
basset_hound_163,datasets/oxford_pets/images/basset_hound_163.jpg,4,3,basset_hound,2,3,trainval
basset_hound_164,datasets/oxford_pets/images/basset_hound_164.jpg,4,3,basset_hound,2,3,trainval
basset_hound_165,datasets/oxford_pets/images/basset_hound_165.jpg,4,3,basset_hound,2,3,trainval
basset_hound_166,datasets/oxford_pets/images/basset_hound_166.jpg,4,3,basset_hound,2,3,trainval
basset_hound_167,datasets/oxford_pets/images/basset_hound_167.jpg,4,3,basset_hound,2,3,trainval
basset_hound_168,datasets/oxford_pets/images/basset_hound_168.jpg,4,3,basset_hound,2,3,trainval
basset_hound_17,datasets/oxford_pets/images/basset_hound_17.jpg,4,3,basset_hound,2,3,trainval
basset_hound_170,datasets/oxford_pets/images/basset_hound_170.jpg,4,3,basset_hound,2,3,trainval
basset_hound_171,datasets/oxford_pets/images/basset_hound_171.jpg,4,3,basset_hound,2,3,trainval
basset_hound_172,datasets/oxford_pets/images/basset_hound_172.jpg,4,3,basset_hound,2,3,trainval
basset_hound_173,datasets/oxford_pets/images/basset_hound_173.jpg,4,3,basset_hound,2,3,trainval
basset_hound_174,datasets/oxford_pets/images/basset_hound_174.jpg,4,3,basset_hound,2,3,trainval
basset_hound_175,datasets/oxford_pets/images/basset_hound_175.jpg,4,3,basset_hound,2,3,trainval
basset_hound_176,datasets/oxford_pets/images/basset_hound_176.jpg,4,3,basset_hound,2,3,trainval
basset_hound_177,datasets/oxford_pets/images/basset_hound_177.jpg,4,3,basset_hound,2,3,trainval
basset_hound_179,datasets/oxford_pets/images/basset_hound_179.jpg,4,3,basset_hound,2,3,trainval
basset_hound_18,datasets/oxford_pets/images/basset_hound_18.jpg,4,3,basset_hound,2,3,trainval
basset_hound_180,datasets/oxford_pets/images/basset_hound_180.jpg,4,3,basset_hound,2,3,trainval
basset_hound_181,datasets/oxford_pets/images/basset_hound_181.jpg,4,3,basset_hound,2,3,trainval
basset_hound_183,datasets/oxford_pets/images/basset_hound_183.jpg,4,3,basset_hound,2,3,trainval
basset_hound_184,datasets/oxford_pets/images/basset_hound_184.jpg,4,3,basset_hound,2,3,trainval
basset_hound_185,datasets/oxford_pets/images/basset_hound_185.jpg,4,3,basset_hound,2,3,trainval
basset_hound_186,datasets/oxford_pets/images/basset_hound_186.jpg,4,3,basset_hound,2,3,trainval
basset_hound_188,datasets/oxford_pets/images/basset_hound_188.jpg,4,3,basset_hound,2,3,trainval
basset_hound_189,datasets/oxford_pets/images/basset_hound_189.jpg,4,3,basset_hound,2,3,trainval
basset_hound_190,datasets/oxford_pets/images/basset_hound_190.jpg,4,3,basset_hound,2,3,trainval
beagle_10,datasets/oxford_pets/images/beagle_10.jpg,5,4,beagle,2,4,trainval
beagle_100,datasets/oxford_pets/images/beagle_100.jpg,5,4,beagle,2,4,trainval
beagle_101,datasets/oxford_pets/images/beagle_101.jpg,5,4,beagle,2,4,trainval
beagle_102,datasets/oxford_pets/images/beagle_102.jpg,5,4,beagle,2,4,trainval
beagle_103,datasets/oxford_pets/images/beagle_103.jpg,5,4,beagle,2,4,trainval
beagle_107,datasets/oxford_pets/images/beagle_107.jpg,5,4,beagle,2,4,trainval
beagle_109,datasets/oxford_pets/images/beagle_109.jpg,5,4,beagle,2,4,trainval
beagle_110,datasets/oxford_pets/images/beagle_110.jpg,5,4,beagle,2,4,trainval
beagle_111,datasets/oxford_pets/images/beagle_111.jpg,5,4,beagle,2,4,trainval
beagle_113,datasets/oxford_pets/images/beagle_113.jpg,5,4,beagle,2,4,trainval
beagle_114,datasets/oxford_pets/images/beagle_114.jpg,5,4,beagle,2,4,trainval
beagle_117,datasets/oxford_pets/images/beagle_117.jpg,5,4,beagle,2,4,trainval
beagle_119,datasets/oxford_pets/images/beagle_119.jpg,5,4,beagle,2,4,trainval
beagle_12,datasets/oxford_pets/images/beagle_12.jpg,5,4,beagle,2,4,trainval
beagle_120,datasets/oxford_pets/images/beagle_120.jpg,5,4,beagle,2,4,trainval
beagle_121,datasets/oxford_pets/images/beagle_121.jpg,5,4,beagle,2,4,trainval
beagle_122,datasets/oxford_pets/images/beagle_122.jpg,5,4,beagle,2,4,trainval
beagle_123,datasets/oxford_pets/images/beagle_123.jpg,5,4,beagle,2,4,trainval
beagle_124,datasets/oxford_pets/images/beagle_124.jpg,5,4,beagle,2,4,trainval
beagle_125,datasets/oxford_pets/images/beagle_125.jpg,5,4,beagle,2,4,trainval
beagle_126,datasets/oxford_pets/images/beagle_126.jpg,5,4,beagle,2,4,trainval
beagle_127,datasets/oxford_pets/images/beagle_127.jpg,5,4,beagle,2,4,trainval
beagle_128,datasets/oxford_pets/images/beagle_128.jpg,5,4,beagle,2,4,trainval
beagle_13,datasets/oxford_pets/images/beagle_13.jpg,5,4,beagle,2,4,trainval
beagle_130,datasets/oxford_pets/images/beagle_130.jpg,5,4,beagle,2,4,trainval
beagle_131,datasets/oxford_pets/images/beagle_131.jpg,5,4,beagle,2,4,trainval
beagle_133,datasets/oxford_pets/images/beagle_133.jpg,5,4,beagle,2,4,trainval
beagle_134,datasets/oxford_pets/images/beagle_134.jpg,5,4,beagle,2,4,trainval
beagle_135,datasets/oxford_pets/images/beagle_135.jpg,5,4,beagle,2,4,trainval
beagle_136,datasets/oxford_pets/images/beagle_136.jpg,5,4,beagle,2,4,trainval
beagle_137,datasets/oxford_pets/images/beagle_137.jpg,5,4,beagle,2,4,trainval
beagle_138,datasets/oxford_pets/images/beagle_138.jpg,5,4,beagle,2,4,trainval
beagle_140,datasets/oxford_pets/images/beagle_140.jpg,5,4,beagle,2,4,trainval
beagle_141,datasets/oxford_pets/images/beagle_141.jpg,5,4,beagle,2,4,trainval
beagle_142,datasets/oxford_pets/images/beagle_142.jpg,5,4,beagle,2,4,trainval
beagle_143,datasets/oxford_pets/images/beagle_143.jpg,5,4,beagle,2,4,trainval
beagle_144,datasets/oxford_pets/images/beagle_144.jpg,5,4,beagle,2,4,trainval
beagle_146,datasets/oxford_pets/images/beagle_146.jpg,5,4,beagle,2,4,trainval
beagle_147,datasets/oxford_pets/images/beagle_147.jpg,5,4,beagle,2,4,trainval
beagle_148,datasets/oxford_pets/images/beagle_148.jpg,5,4,beagle,2,4,trainval
beagle_149,datasets/oxford_pets/images/beagle_149.jpg,5,4,beagle,2,4,trainval
beagle_15,datasets/oxford_pets/images/beagle_15.jpg,5,4,beagle,2,4,trainval
beagle_151,datasets/oxford_pets/images/beagle_151.jpg,5,4,beagle,2,4,trainval
beagle_153,datasets/oxford_pets/images/beagle_153.jpg,5,4,beagle,2,4,trainval
beagle_154,datasets/oxford_pets/images/beagle_154.jpg,5,4,beagle,2,4,trainval
beagle_156,datasets/oxford_pets/images/beagle_156.jpg,5,4,beagle,2,4,trainval
beagle_158,datasets/oxford_pets/images/beagle_158.jpg,5,4,beagle,2,4,trainval
beagle_16,datasets/oxford_pets/images/beagle_16.jpg,5,4,beagle,2,4,trainval
beagle_161,datasets/oxford_pets/images/beagle_161.jpg,5,4,beagle,2,4,trainval
beagle_162,datasets/oxford_pets/images/beagle_162.jpg,5,4,beagle,2,4,trainval
beagle_163,datasets/oxford_pets/images/beagle_163.jpg,5,4,beagle,2,4,trainval
beagle_164,datasets/oxford_pets/images/beagle_164.jpg,5,4,beagle,2,4,trainval
beagle_166,datasets/oxford_pets/images/beagle_166.jpg,5,4,beagle,2,4,trainval
beagle_167,datasets/oxford_pets/images/beagle_167.jpg,5,4,beagle,2,4,trainval
beagle_168,datasets/oxford_pets/images/beagle_168.jpg,5,4,beagle,2,4,trainval
beagle_169,datasets/oxford_pets/images/beagle_169.jpg,5,4,beagle,2,4,trainval
beagle_17,datasets/oxford_pets/images/beagle_17.jpg,5,4,beagle,2,4,trainval
beagle_170,datasets/oxford_pets/images/beagle_170.jpg,5,4,beagle,2,4,trainval
beagle_171,datasets/oxford_pets/images/beagle_171.jpg,5,4,beagle,2,4,trainval
beagle_172,datasets/oxford_pets/images/beagle_172.jpg,5,4,beagle,2,4,trainval
beagle_173,datasets/oxford_pets/images/beagle_173.jpg,5,4,beagle,2,4,trainval
beagle_174,datasets/oxford_pets/images/beagle_174.jpg,5,4,beagle,2,4,trainval
beagle_175,datasets/oxford_pets/images/beagle_175.jpg,5,4,beagle,2,4,trainval
beagle_176,datasets/oxford_pets/images/beagle_176.jpg,5,4,beagle,2,4,trainval
beagle_177,datasets/oxford_pets/images/beagle_177.jpg,5,4,beagle,2,4,trainval
beagle_178,datasets/oxford_pets/images/beagle_178.jpg,5,4,beagle,2,4,trainval
beagle_179,datasets/oxford_pets/images/beagle_179.jpg,5,4,beagle,2,4,trainval
beagle_18,datasets/oxford_pets/images/beagle_18.jpg,5,4,beagle,2,4,trainval
beagle_180,datasets/oxford_pets/images/beagle_180.jpg,5,4,beagle,2,4,trainval
beagle_182,datasets/oxford_pets/images/beagle_182.jpg,5,4,beagle,2,4,trainval
beagle_183,datasets/oxford_pets/images/beagle_183.jpg,5,4,beagle,2,4,trainval
beagle_184,datasets/oxford_pets/images/beagle_184.jpg,5,4,beagle,2,4,trainval
beagle_185,datasets/oxford_pets/images/beagle_185.jpg,5,4,beagle,2,4,trainval
beagle_186,datasets/oxford_pets/images/beagle_186.jpg,5,4,beagle,2,4,trainval
beagle_188,datasets/oxford_pets/images/beagle_188.jpg,5,4,beagle,2,4,trainval
beagle_190,datasets/oxford_pets/images/beagle_190.jpg,5,4,beagle,2,4,trainval
beagle_191,datasets/oxford_pets/images/beagle_191.jpg,5,4,beagle,2,4,trainval
beagle_192,datasets/oxford_pets/images/beagle_192.jpg,5,4,beagle,2,4,trainval
beagle_193,datasets/oxford_pets/images/beagle_193.jpg,5,4,beagle,2,4,trainval
beagle_194,datasets/oxford_pets/images/beagle_194.jpg,5,4,beagle,2,4,trainval
boxer_10,datasets/oxford_pets/images/boxer_10.jpg,9,8,boxer,2,5,trainval
boxer_100,datasets/oxford_pets/images/boxer_100.jpg,9,8,boxer,2,5,trainval
boxer_101,datasets/oxford_pets/images/boxer_101.jpg,9,8,boxer,2,5,trainval
boxer_102,datasets/oxford_pets/images/boxer_102.jpg,9,8,boxer,2,5,trainval
boxer_104,datasets/oxford_pets/images/boxer_104.jpg,9,8,boxer,2,5,trainval
boxer_105,datasets/oxford_pets/images/boxer_105.jpg,9,8,boxer,2,5,trainval
boxer_106,datasets/oxford_pets/images/boxer_106.jpg,9,8,boxer,2,5,trainval
boxer_108,datasets/oxford_pets/images/boxer_108.jpg,9,8,boxer,2,5,trainval
boxer_109,datasets/oxford_pets/images/boxer_109.jpg,9,8,boxer,2,5,trainval
boxer_11,datasets/oxford_pets/images/boxer_11.jpg,9,8,boxer,2,5,trainval
boxer_110,datasets/oxford_pets/images/boxer_110.jpg,9,8,boxer,2,5,trainval
boxer_111,datasets/oxford_pets/images/boxer_111.jpg,9,8,boxer,2,5,trainval
boxer_112,datasets/oxford_pets/images/boxer_112.jpg,9,8,boxer,2,5,trainval
boxer_113,datasets/oxford_pets/images/boxer_113.jpg,9,8,boxer,2,5,trainval
boxer_115,datasets/oxford_pets/images/boxer_115.jpg,9,8,boxer,2,5,trainval
boxer_116,datasets/oxford_pets/images/boxer_116.jpg,9,8,boxer,2,5,trainval
boxer_117,datasets/oxford_pets/images/boxer_117.jpg,9,8,boxer,2,5,trainval
boxer_118,datasets/oxford_pets/images/boxer_118.jpg,9,8,boxer,2,5,trainval
boxer_119,datasets/oxford_pets/images/boxer_119.jpg,9,8,boxer,2,5,trainval
boxer_12,datasets/oxford_pets/images/boxer_12.jpg,9,8,boxer,2,5,trainval
boxer_121,datasets/oxford_pets/images/boxer_121.jpg,9,8,boxer,2,5,trainval
boxer_123,datasets/oxford_pets/images/boxer_123.jpg,9,8,boxer,2,5,trainval
boxer_125,datasets/oxford_pets/images/boxer_125.jpg,9,8,boxer,2,5,trainval
boxer_126,datasets/oxford_pets/images/boxer_126.jpg,9,8,boxer,2,5,trainval
boxer_127,datasets/oxford_pets/images/boxer_127.jpg,9,8,boxer,2,5,trainval
boxer_128,datasets/oxford_pets/images/boxer_128.jpg,9,8,boxer,2,5,trainval
boxer_13,datasets/oxford_pets/images/boxer_13.jpg,9,8,boxer,2,5,trainval
boxer_130,datasets/oxford_pets/images/boxer_130.jpg,9,8,boxer,2,5,trainval
boxer_131,datasets/oxford_pets/images/boxer_131.jpg,9,8,boxer,2,5,trainval
boxer_132,datasets/oxford_pets/images/boxer_132.jpg,9,8,boxer,2,5,trainval
boxer_133,datasets/oxford_pets/images/boxer_133.jpg,9,8,boxer,2,5,trainval
boxer_134,datasets/oxford_pets/images/boxer_134.jpg,9,8,boxer,2,5,trainval
boxer_135,datasets/oxford_pets/images/boxer_135.jpg,9,8,boxer,2,5,trainval
boxer_136,datasets/oxford_pets/images/boxer_136.jpg,9,8,boxer,2,5,trainval
boxer_137,datasets/oxford_pets/images/boxer_137.jpg,9,8,boxer,2,5,trainval
boxer_138,datasets/oxford_pets/images/boxer_138.jpg,9,8,boxer,2,5,trainval
boxer_140,datasets/oxford_pets/images/boxer_140.jpg,9,8,boxer,2,5,trainval
boxer_141,datasets/oxford_pets/images/boxer_141.jpg,9,8,boxer,2,5,trainval
boxer_142,datasets/oxford_pets/images/boxer_142.jpg,9,8,boxer,2,5,trainval
boxer_143,datasets/oxford_pets/images/boxer_143.jpg,9,8,boxer,2,5,trainval
boxer_144,datasets/oxford_pets/images/boxer_144.jpg,9,8,boxer,2,5,trainval
boxer_147,datasets/oxford_pets/images/boxer_147.jpg,9,8,boxer,2,5,trainval
boxer_148,datasets/oxford_pets/images/boxer_148.jpg,9,8,boxer,2,5,trainval
boxer_149,datasets/oxford_pets/images/boxer_149.jpg,9,8,boxer,2,5,trainval
boxer_15,datasets/oxford_pets/images/boxer_15.jpg,9,8,boxer,2,5,trainval
boxer_151,datasets/oxford_pets/images/boxer_151.jpg,9,8,boxer,2,5,trainval
boxer_152,datasets/oxford_pets/images/boxer_152.jpg,9,8,boxer,2,5,trainval
boxer_153,datasets/oxford_pets/images/boxer_153.jpg,9,8,boxer,2,5,trainval
boxer_154,datasets/oxford_pets/images/boxer_154.jpg,9,8,boxer,2,5,trainval
boxer_156,datasets/oxford_pets/images/boxer_156.jpg,9,8,boxer,2,5,trainval
boxer_157,datasets/oxford_pets/images/boxer_157.jpg,9,8,boxer,2,5,trainval
boxer_158,datasets/oxford_pets/images/boxer_158.jpg,9,8,boxer,2,5,trainval
boxer_159,datasets/oxford_pets/images/boxer_159.jpg,9,8,boxer,2,5,trainval
boxer_16,datasets/oxford_pets/images/boxer_16.jpg,9,8,boxer,2,5,trainval
boxer_161,datasets/oxford_pets/images/boxer_161.jpg,9,8,boxer,2,5,trainval
boxer_162,datasets/oxford_pets/images/boxer_162.jpg,9,8,boxer,2,5,trainval
boxer_163,datasets/oxford_pets/images/boxer_163.jpg,9,8,boxer,2,5,trainval
boxer_164,datasets/oxford_pets/images/boxer_164.jpg,9,8,boxer,2,5,trainval
boxer_165,datasets/oxford_pets/images/boxer_165.jpg,9,8,boxer,2,5,trainval
boxer_166,datasets/oxford_pets/images/boxer_166.jpg,9,8,boxer,2,5,trainval
boxer_167,datasets/oxford_pets/images/boxer_167.jpg,9,8,boxer,2,5,trainval
boxer_169,datasets/oxford_pets/images/boxer_169.jpg,9,8,boxer,2,5,trainval
boxer_17,datasets/oxford_pets/images/boxer_17.jpg,9,8,boxer,2,5,trainval
boxer_170,datasets/oxford_pets/images/boxer_170.jpg,9,8,boxer,2,5,trainval
boxer_171,datasets/oxford_pets/images/boxer_171.jpg,9,8,boxer,2,5,trainval
boxer_173,datasets/oxford_pets/images/boxer_173.jpg,9,8,boxer,2,5,trainval
boxer_174,datasets/oxford_pets/images/boxer_174.jpg,9,8,boxer,2,5,trainval
boxer_175,datasets/oxford_pets/images/boxer_175.jpg,9,8,boxer,2,5,trainval
boxer_176,datasets/oxford_pets/images/boxer_176.jpg,9,8,boxer,2,5,trainval
boxer_177,datasets/oxford_pets/images/boxer_177.jpg,9,8,boxer,2,5,trainval
boxer_178,datasets/oxford_pets/images/boxer_178.jpg,9,8,boxer,2,5,trainval
boxer_180,datasets/oxford_pets/images/boxer_180.jpg,9,8,boxer,2,5,trainval
boxer_181,datasets/oxford_pets/images/boxer_181.jpg,9,8,boxer,2,5,trainval
boxer_183,datasets/oxford_pets/images/boxer_183.jpg,9,8,boxer,2,5,trainval
boxer_184,datasets/oxford_pets/images/boxer_184.jpg,9,8,boxer,2,5,trainval
boxer_185,datasets/oxford_pets/images/boxer_185.jpg,9,8,boxer,2,5,trainval
boxer_187,datasets/oxford_pets/images/boxer_187.jpg,9,8,boxer,2,5,trainval
boxer_188,datasets/oxford_pets/images/boxer_188.jpg,9,8,boxer,2,5,trainval
boxer_189,datasets/oxford_pets/images/boxer_189.jpg,9,8,boxer,2,5,trainval
boxer_190,datasets/oxford_pets/images/boxer_190.jpg,9,8,boxer,2,5,trainval
chihuahua_10,datasets/oxford_pets/images/chihuahua_10.jpg,11,10,chihuahua,2,6,trainval
chihuahua_100,datasets/oxford_pets/images/chihuahua_100.jpg,11,10,chihuahua,2,6,trainval
chihuahua_101,datasets/oxford_pets/images/chihuahua_101.jpg,11,10,chihuahua,2,6,trainval
chihuahua_102,datasets/oxford_pets/images/chihuahua_102.jpg,11,10,chihuahua,2,6,trainval
chihuahua_105,datasets/oxford_pets/images/chihuahua_105.jpg,11,10,chihuahua,2,6,trainval
chihuahua_106,datasets/oxford_pets/images/chihuahua_106.jpg,11,10,chihuahua,2,6,trainval
chihuahua_107,datasets/oxford_pets/images/chihuahua_107.jpg,11,10,chihuahua,2,6,trainval
chihuahua_108,datasets/oxford_pets/images/chihuahua_108.jpg,11,10,chihuahua,2,6,trainval
chihuahua_109,datasets/oxford_pets/images/chihuahua_109.jpg,11,10,chihuahua,2,6,trainval
chihuahua_11,datasets/oxford_pets/images/chihuahua_11.jpg,11,10,chihuahua,2,6,trainval
chihuahua_110,datasets/oxford_pets/images/chihuahua_110.jpg,11,10,chihuahua,2,6,trainval
chihuahua_111,datasets/oxford_pets/images/chihuahua_111.jpg,11,10,chihuahua,2,6,trainval
chihuahua_113,datasets/oxford_pets/images/chihuahua_113.jpg,11,10,chihuahua,2,6,trainval
chihuahua_114,datasets/oxford_pets/images/chihuahua_114.jpg,11,10,chihuahua,2,6,trainval
chihuahua_115,datasets/oxford_pets/images/chihuahua_115.jpg,11,10,chihuahua,2,6,trainval
chihuahua_117,datasets/oxford_pets/images/chihuahua_117.jpg,11,10,chihuahua,2,6,trainval
chihuahua_118,datasets/oxford_pets/images/chihuahua_118.jpg,11,10,chihuahua,2,6,trainval
chihuahua_119,datasets/oxford_pets/images/chihuahua_119.jpg,11,10,chihuahua,2,6,trainval
chihuahua_12,datasets/oxford_pets/images/chihuahua_12.jpg,11,10,chihuahua,2,6,trainval
chihuahua_120,datasets/oxford_pets/images/chihuahua_120.jpg,11,10,chihuahua,2,6,trainval
chihuahua_121,datasets/oxford_pets/images/chihuahua_121.jpg,11,10,chihuahua,2,6,trainval
chihuahua_122,datasets/oxford_pets/images/chihuahua_122.jpg,11,10,chihuahua,2,6,trainval
chihuahua_124,datasets/oxford_pets/images/chihuahua_124.jpg,11,10,chihuahua,2,6,trainval
chihuahua_125,datasets/oxford_pets/images/chihuahua_125.jpg,11,10,chihuahua,2,6,trainval
chihuahua_126,datasets/oxford_pets/images/chihuahua_126.jpg,11,10,chihuahua,2,6,trainval
chihuahua_128,datasets/oxford_pets/images/chihuahua_128.jpg,11,10,chihuahua,2,6,trainval
chihuahua_13,datasets/oxford_pets/images/chihuahua_13.jpg,11,10,chihuahua,2,6,trainval
chihuahua_130,datasets/oxford_pets/images/chihuahua_130.jpg,11,10,chihuahua,2,6,trainval
chihuahua_132,datasets/oxford_pets/images/chihuahua_132.jpg,11,10,chihuahua,2,6,trainval
chihuahua_134,datasets/oxford_pets/images/chihuahua_134.jpg,11,10,chihuahua,2,6,trainval
chihuahua_137,datasets/oxford_pets/images/chihuahua_137.jpg,11,10,chihuahua,2,6,trainval
chihuahua_139,datasets/oxford_pets/images/chihuahua_139.jpg,11,10,chihuahua,2,6,trainval
chihuahua_14,datasets/oxford_pets/images/chihuahua_14.jpg,11,10,chihuahua,2,6,trainval
chihuahua_140,datasets/oxford_pets/images/chihuahua_140.jpg,11,10,chihuahua,2,6,trainval
chihuahua_141,datasets/oxford_pets/images/chihuahua_141.jpg,11,10,chihuahua,2,6,trainval
chihuahua_142,datasets/oxford_pets/images/chihuahua_142.jpg,11,10,chihuahua,2,6,trainval
chihuahua_143,datasets/oxford_pets/images/chihuahua_143.jpg,11,10,chihuahua,2,6,trainval
chihuahua_144,datasets/oxford_pets/images/chihuahua_144.jpg,11,10,chihuahua,2,6,trainval
chihuahua_145,datasets/oxford_pets/images/chihuahua_145.jpg,11,10,chihuahua,2,6,trainval
chihuahua_147,datasets/oxford_pets/images/chihuahua_147.jpg,11,10,chihuahua,2,6,trainval
chihuahua_148,datasets/oxford_pets/images/chihuahua_148.jpg,11,10,chihuahua,2,6,trainval
chihuahua_149,datasets/oxford_pets/images/chihuahua_149.jpg,11,10,chihuahua,2,6,trainval
chihuahua_15,datasets/oxford_pets/images/chihuahua_15.jpg,11,10,chihuahua,2,6,trainval
chihuahua_150,datasets/oxford_pets/images/chihuahua_150.jpg,11,10,chihuahua,2,6,trainval
chihuahua_151,datasets/oxford_pets/images/chihuahua_151.jpg,11,10,chihuahua,2,6,trainval
chihuahua_152,datasets/oxford_pets/images/chihuahua_152.jpg,11,10,chihuahua,2,6,trainval
chihuahua_153,datasets/oxford_pets/images/chihuahua_153.jpg,11,10,chihuahua,2,6,trainval
chihuahua_155,datasets/oxford_pets/images/chihuahua_155.jpg,11,10,chihuahua,2,6,trainval
chihuahua_157,datasets/oxford_pets/images/chihuahua_157.jpg,11,10,chihuahua,2,6,trainval
chihuahua_158,datasets/oxford_pets/images/chihuahua_158.jpg,11,10,chihuahua,2,6,trainval
chihuahua_159,datasets/oxford_pets/images/chihuahua_159.jpg,11,10,chihuahua,2,6,trainval
chihuahua_16,datasets/oxford_pets/images/chihuahua_16.jpg,11,10,chihuahua,2,6,trainval
chihuahua_160,datasets/oxford_pets/images/chihuahua_160.jpg,11,10,chihuahua,2,6,trainval
chihuahua_161,datasets/oxford_pets/images/chihuahua_161.jpg,11,10,chihuahua,2,6,trainval
chihuahua_162,datasets/oxford_pets/images/chihuahua_162.jpg,11,10,chihuahua,2,6,trainval
chihuahua_163,datasets/oxford_pets/images/chihuahua_163.jpg,11,10,chihuahua,2,6,trainval
chihuahua_164,datasets/oxford_pets/images/chihuahua_164.jpg,11,10,chihuahua,2,6,trainval
chihuahua_166,datasets/oxford_pets/images/chihuahua_166.jpg,11,10,chihuahua,2,6,trainval
chihuahua_167,datasets/oxford_pets/images/chihuahua_167.jpg,11,10,chihuahua,2,6,trainval
chihuahua_168,datasets/oxford_pets/images/chihuahua_168.jpg,11,10,chihuahua,2,6,trainval
chihuahua_169,datasets/oxford_pets/images/chihuahua_169.jpg,11,10,chihuahua,2,6,trainval
chihuahua_17,datasets/oxford_pets/images/chihuahua_17.jpg,11,10,chihuahua,2,6,trainval
chihuahua_171,datasets/oxford_pets/images/chihuahua_171.jpg,11,10,chihuahua,2,6,trainval
chihuahua_172,datasets/oxford_pets/images/chihuahua_172.jpg,11,10,chihuahua,2,6,trainval
chihuahua_173,datasets/oxford_pets/images/chihuahua_173.jpg,11,10,chihuahua,2,6,trainval
chihuahua_174,datasets/oxford_pets/images/chihuahua_174.jpg,11,10,chihuahua,2,6,trainval
chihuahua_176,datasets/oxford_pets/images/chihuahua_176.jpg,11,10,chihuahua,2,6,trainval
chihuahua_178,datasets/oxford_pets/images/chihuahua_178.jpg,11,10,chihuahua,2,6,trainval
chihuahua_179,datasets/oxford_pets/images/chihuahua_179.jpg,11,10,chihuahua,2,6,trainval
chihuahua_18,datasets/oxford_pets/images/chihuahua_18.jpg,11,10,chihuahua,2,6,trainval
chihuahua_180,datasets/oxford_pets/images/chihuahua_180.jpg,11,10,chihuahua,2,6,trainval
chihuahua_181,datasets/oxford_pets/images/chihuahua_181.jpg,11,10,chihuahua,2,6,trainval
chihuahua_182,datasets/oxford_pets/images/chihuahua_182.jpg,11,10,chihuahua,2,6,trainval
chihuahua_183,datasets/oxford_pets/images/chihuahua_183.jpg,11,10,chihuahua,2,6,trainval
chihuahua_184,datasets/oxford_pets/images/chihuahua_184.jpg,11,10,chihuahua,2,6,trainval
chihuahua_185,datasets/oxford_pets/images/chihuahua_185.jpg,11,10,chihuahua,2,6,trainval
chihuahua_186,datasets/oxford_pets/images/chihuahua_186.jpg,11,10,chihuahua,2,6,trainval
chihuahua_187,datasets/oxford_pets/images/chihuahua_187.jpg,11,10,chihuahua,2,6,trainval
chihuahua_188,datasets/oxford_pets/images/chihuahua_188.jpg,11,10,chihuahua,2,6,trainval
chihuahua_189,datasets/oxford_pets/images/chihuahua_189.jpg,11,10,chihuahua,2,6,trainval
english_cocker_spaniel_10,datasets/oxford_pets/images/english_cocker_spaniel_10.jpg,13,12,english_cocker_spaniel,2,7,trainval
english_cocker_spaniel_101,datasets/oxford_pets/images/english_cocker_spaniel_101.jpg,13,12,english_cocker_spaniel,2,7,trainval
english_cocker_spaniel_104,datasets/oxford_pets/images/english_cocker_spaniel_104.jpg,13,12,english_cocker_spaniel,2,7,trainval
english_cocker_spaniel_105,datasets/oxford_pets/images/english_cocker_spaniel_105.jpg,13,12,english_cocker_spaniel,2,7,trainval
english_cocker_spaniel_108,datasets/oxford_pets/images/english_cocker_spaniel_108.jpg,13,12,english_cocker_spaniel,2,7,trainval
english_cocker_spaniel_11,datasets/oxford_pets/images/english_cocker_spaniel_11.jpg,13,12,english_cocker_spaniel,2,7,trainval
english_cocker_spaniel_110,datasets/oxford_pets/images/english_cocker_spaniel_110.jpg,13,12,english_cocker_spaniel,2,7,trainval
english_cocker_spaniel_111,datasets/oxford_pets/images/english_cocker_spaniel_111.jpg,13,12,english_cocker_spaniel,2,7,trainval
english_cocker_spaniel_112,datasets/oxford_pets/images/english_cocker_spaniel_112.jpg,13,12,english_cocker_spaniel,2,7,trainval
english_cocker_spaniel_113,datasets/oxford_pets/images/english_cocker_spaniel_113.jpg,13,12,english_cocker_spaniel,2,7,trainval
english_cocker_spaniel_114,datasets/oxford_pets/images/english_cocker_spaniel_114.jpg,13,12,english_cocker_spaniel,2,7,trainval
english_cocker_spaniel_115,datasets/oxford_pets/images/english_cocker_spaniel_115.jpg,13,12,english_cocker_spaniel,2,7,trainval
english_cocker_spaniel_116,datasets/oxford_pets/images/english_cocker_spaniel_116.jpg,13,12,english_cocker_spaniel,2,7,trainval
english_cocker_spaniel_117,datasets/oxford_pets/images/english_cocker_spaniel_117.jpg,13,12,english_cocker_spaniel,2,7,trainval
english_cocker_spaniel_118,datasets/oxford_pets/images/english_cocker_spaniel_118.jpg,13,12,english_cocker_spaniel,2,7,trainval
english_cocker_spaniel_119,datasets/oxford_pets/images/english_cocker_spaniel_119.jpg,13,12,english_cocker_spaniel,2,7,trainval
english_cocker_spaniel_12,datasets/oxford_pets/images/english_cocker_spaniel_12.jpg,13,12,english_cocker_spaniel,2,7,trainval
english_cocker_spaniel_120,datasets/oxford_pets/images/english_cocker_spaniel_120.jpg,13,12,english_cocker_spaniel,2,7,trainval
english_cocker_spaniel_121,datasets/oxford_pets/images/english_cocker_spaniel_121.jpg,13,12,english_cocker_spaniel,2,7,trainval
english_cocker_spaniel_122,datasets/oxford_pets/images/english_cocker_spaniel_122.jpg,13,12,english_cocker_spaniel,2,7,trainval
english_cocker_spaniel_123,datasets/oxford_pets/images/english_cocker_spaniel_123.jpg,13,12,english_cocker_spaniel,2,7,trainval
english_cocker_spaniel_124,datasets/oxford_pets/images/english_cocker_spaniel_124.jpg,13,12,english_cocker_spaniel,2,7,trainval
english_cocker_spaniel_125,datasets/oxford_pets/images/english_cocker_spaniel_125.jpg,13,12,english_cocker_spaniel,2,7,trainval
english_cocker_spaniel_127,datasets/oxford_pets/images/english_cocker_spaniel_127.jpg,13,12,english_cocker_spaniel,2,7,trainval
english_cocker_spaniel_128,datasets/oxford_pets/images/english_cocker_spaniel_128.jpg,13,12,english_cocker_spaniel,2,7,trainval
english_cocker_spaniel_13,datasets/oxford_pets/images/english_cocker_spaniel_13.jpg,13,12,english_cocker_spaniel,2,7,trainval
english_cocker_spaniel_131,datasets/oxford_pets/images/english_cocker_spaniel_131.jpg,13,12,english_cocker_spaniel,2,7,trainval
english_cocker_spaniel_132,datasets/oxford_pets/images/english_cocker_spaniel_132.jpg,13,12,english_cocker_spaniel,2,7,trainval
english_cocker_spaniel_133,datasets/oxford_pets/images/english_cocker_spaniel_133.jpg,13,12,english_cocker_spaniel,2,7,trainval
english_cocker_spaniel_134,datasets/oxford_pets/images/english_cocker_spaniel_134.jpg,13,12,english_cocker_spaniel,2,7,trainval
english_cocker_spaniel_135,datasets/oxford_pets/images/english_cocker_spaniel_135.jpg,13,12,english_cocker_spaniel,2,7,trainval
english_cocker_spaniel_136,datasets/oxford_pets/images/english_cocker_spaniel_136.jpg,13,12,english_cocker_spaniel,2,7,trainval
english_cocker_spaniel_137,datasets/oxford_pets/images/english_cocker_spaniel_137.jpg,13,12,english_cocker_spaniel,2,7,trainval
english_cocker_spaniel_138,datasets/oxford_pets/images/english_cocker_spaniel_138.jpg,13,12,english_cocker_spaniel,2,7,trainval
english_cocker_spaniel_139,datasets/oxford_pets/images/english_cocker_spaniel_139.jpg,13,12,english_cocker_spaniel,2,7,trainval
english_cocker_spaniel_140,datasets/oxford_pets/images/english_cocker_spaniel_140.jpg,13,12,english_cocker_spaniel,2,7,trainval
english_cocker_spaniel_141,datasets/oxford_pets/images/english_cocker_spaniel_141.jpg,13,12,english_cocker_spaniel,2,7,trainval
english_cocker_spaniel_142,datasets/oxford_pets/images/english_cocker_spaniel_142.jpg,13,12,english_cocker_spaniel,2,7,trainval
english_cocker_spaniel_143,datasets/oxford_pets/images/english_cocker_spaniel_143.jpg,13,12,english_cocker_spaniel,2,7,trainval
english_cocker_spaniel_144,datasets/oxford_pets/images/english_cocker_spaniel_144.jpg,13,12,english_cocker_spaniel,2,7,trainval
english_cocker_spaniel_147,datasets/oxford_pets/images/english_cocker_spaniel_147.jpg,13,12,english_cocker_spaniel,2,7,trainval
english_cocker_spaniel_148,datasets/oxford_pets/images/english_cocker_spaniel_148.jpg,13,12,english_cocker_spaniel,2,7,trainval
english_cocker_spaniel_149,datasets/oxford_pets/images/english_cocker_spaniel_149.jpg,13,12,english_cocker_spaniel,2,7,trainval
english_cocker_spaniel_15,datasets/oxford_pets/images/english_cocker_spaniel_15.jpg,13,12,english_cocker_spaniel,2,7,trainval
english_cocker_spaniel_150,datasets/oxford_pets/images/english_cocker_spaniel_150.jpg,13,12,english_cocker_spaniel,2,7,trainval
english_cocker_spaniel_151,datasets/oxford_pets/images/english_cocker_spaniel_151.jpg,13,12,english_cocker_spaniel,2,7,trainval
english_cocker_spaniel_152,datasets/oxford_pets/images/english_cocker_spaniel_152.jpg,13,12,english_cocker_spaniel,2,7,trainval
english_cocker_spaniel_153,datasets/oxford_pets/images/english_cocker_spaniel_153.jpg,13,12,english_cocker_spaniel,2,7,trainval
english_cocker_spaniel_154,datasets/oxford_pets/images/english_cocker_spaniel_154.jpg,13,12,english_cocker_spaniel,2,7,trainval
english_cocker_spaniel_155,datasets/oxford_pets/images/english_cocker_spaniel_155.jpg,13,12,english_cocker_spaniel,2,7,trainval
english_cocker_spaniel_156,datasets/oxford_pets/images/english_cocker_spaniel_156.jpg,13,12,english_cocker_spaniel,2,7,trainval
english_cocker_spaniel_158,datasets/oxford_pets/images/english_cocker_spaniel_158.jpg,13,12,english_cocker_spaniel,2,7,trainval
english_cocker_spaniel_160,datasets/oxford_pets/images/english_cocker_spaniel_160.jpg,13,12,english_cocker_spaniel,2,7,trainval
english_cocker_spaniel_161,datasets/oxford_pets/images/english_cocker_spaniel_161.jpg,13,12,english_cocker_spaniel,2,7,trainval
english_cocker_spaniel_165,datasets/oxford_pets/images/english_cocker_spaniel_165.jpg,13,12,english_cocker_spaniel,2,7,trainval
english_cocker_spaniel_166,datasets/oxford_pets/images/english_cocker_spaniel_166.jpg,13,12,english_cocker_spaniel,2,7,trainval
english_cocker_spaniel_167,datasets/oxford_pets/images/english_cocker_spaniel_167.jpg,13,12,english_cocker_spaniel,2,7,trainval
english_cocker_spaniel_168,datasets/oxford_pets/images/english_cocker_spaniel_168.jpg,13,12,english_cocker_spaniel,2,7,trainval
english_cocker_spaniel_169,datasets/oxford_pets/images/english_cocker_spaniel_169.jpg,13,12,english_cocker_spaniel,2,7,trainval
english_cocker_spaniel_17,datasets/oxford_pets/images/english_cocker_spaniel_17.jpg,13,12,english_cocker_spaniel,2,7,trainval
english_cocker_spaniel_170,datasets/oxford_pets/images/english_cocker_spaniel_170.jpg,13,12,english_cocker_spaniel,2,7,trainval
english_cocker_spaniel_171,datasets/oxford_pets/images/english_cocker_spaniel_171.jpg,13,12,english_cocker_spaniel,2,7,trainval
english_cocker_spaniel_172,datasets/oxford_pets/images/english_cocker_spaniel_172.jpg,13,12,english_cocker_spaniel,2,7,trainval
english_cocker_spaniel_173,datasets/oxford_pets/images/english_cocker_spaniel_173.jpg,13,12,english_cocker_spaniel,2,7,trainval
english_cocker_spaniel_174,datasets/oxford_pets/images/english_cocker_spaniel_174.jpg,13,12,english_cocker_spaniel,2,7,trainval
english_cocker_spaniel_175,datasets/oxford_pets/images/english_cocker_spaniel_175.jpg,13,12,english_cocker_spaniel,2,7,trainval
english_cocker_spaniel_176,datasets/oxford_pets/images/english_cocker_spaniel_176.jpg,13,12,english_cocker_spaniel,2,7,trainval
english_cocker_spaniel_177,datasets/oxford_pets/images/english_cocker_spaniel_177.jpg,13,12,english_cocker_spaniel,2,7,trainval
english_cocker_spaniel_18,datasets/oxford_pets/images/english_cocker_spaniel_18.jpg,13,12,english_cocker_spaniel,2,7,trainval
english_cocker_spaniel_180,datasets/oxford_pets/images/english_cocker_spaniel_180.jpg,13,12,english_cocker_spaniel,2,7,trainval
english_cocker_spaniel_181,datasets/oxford_pets/images/english_cocker_spaniel_181.jpg,13,12,english_cocker_spaniel,2,7,trainval
english_cocker_spaniel_182,datasets/oxford_pets/images/english_cocker_spaniel_182.jpg,13,12,english_cocker_spaniel,2,7,trainval
english_cocker_spaniel_184,datasets/oxford_pets/images/english_cocker_spaniel_184.jpg,13,12,english_cocker_spaniel,2,7,trainval
english_cocker_spaniel_186,datasets/oxford_pets/images/english_cocker_spaniel_186.jpg,13,12,english_cocker_spaniel,2,7,trainval
english_cocker_spaniel_188,datasets/oxford_pets/images/english_cocker_spaniel_188.jpg,13,12,english_cocker_spaniel,2,7,trainval
english_cocker_spaniel_189,datasets/oxford_pets/images/english_cocker_spaniel_189.jpg,13,12,english_cocker_spaniel,2,7,trainval
english_cocker_spaniel_190,datasets/oxford_pets/images/english_cocker_spaniel_190.jpg,13,12,english_cocker_spaniel,2,7,trainval
english_setter_10,datasets/oxford_pets/images/english_setter_10.jpg,14,13,english_setter,2,8,trainval
english_setter_100,datasets/oxford_pets/images/english_setter_100.jpg,14,13,english_setter,2,8,trainval
english_setter_101,datasets/oxford_pets/images/english_setter_101.jpg,14,13,english_setter,2,8,trainval
english_setter_102,datasets/oxford_pets/images/english_setter_102.jpg,14,13,english_setter,2,8,trainval
english_setter_103,datasets/oxford_pets/images/english_setter_103.jpg,14,13,english_setter,2,8,trainval
english_setter_104,datasets/oxford_pets/images/english_setter_104.jpg,14,13,english_setter,2,8,trainval
english_setter_106,datasets/oxford_pets/images/english_setter_106.jpg,14,13,english_setter,2,8,trainval
english_setter_107,datasets/oxford_pets/images/english_setter_107.jpg,14,13,english_setter,2,8,trainval
english_setter_108,datasets/oxford_pets/images/english_setter_108.jpg,14,13,english_setter,2,8,trainval
english_setter_109,datasets/oxford_pets/images/english_setter_109.jpg,14,13,english_setter,2,8,trainval
english_setter_11,datasets/oxford_pets/images/english_setter_11.jpg,14,13,english_setter,2,8,trainval
english_setter_110,datasets/oxford_pets/images/english_setter_110.jpg,14,13,english_setter,2,8,trainval
english_setter_111,datasets/oxford_pets/images/english_setter_111.jpg,14,13,english_setter,2,8,trainval
english_setter_112,datasets/oxford_pets/images/english_setter_112.jpg,14,13,english_setter,2,8,trainval
english_setter_113,datasets/oxford_pets/images/english_setter_113.jpg,14,13,english_setter,2,8,trainval
english_setter_114,datasets/oxford_pets/images/english_setter_114.jpg,14,13,english_setter,2,8,trainval
english_setter_117,datasets/oxford_pets/images/english_setter_117.jpg,14,13,english_setter,2,8,trainval
english_setter_118,datasets/oxford_pets/images/english_setter_118.jpg,14,13,english_setter,2,8,trainval
english_setter_119,datasets/oxford_pets/images/english_setter_119.jpg,14,13,english_setter,2,8,trainval
english_setter_12,datasets/oxford_pets/images/english_setter_12.jpg,14,13,english_setter,2,8,trainval
english_setter_120,datasets/oxford_pets/images/english_setter_120.jpg,14,13,english_setter,2,8,trainval
english_setter_121,datasets/oxford_pets/images/english_setter_121.jpg,14,13,english_setter,2,8,trainval
english_setter_123,datasets/oxford_pets/images/english_setter_123.jpg,14,13,english_setter,2,8,trainval
english_setter_125,datasets/oxford_pets/images/english_setter_125.jpg,14,13,english_setter,2,8,trainval
english_setter_126,datasets/oxford_pets/images/english_setter_126.jpg,14,13,english_setter,2,8,trainval
english_setter_127,datasets/oxford_pets/images/english_setter_127.jpg,14,13,english_setter,2,8,trainval
english_setter_129,datasets/oxford_pets/images/english_setter_129.jpg,14,13,english_setter,2,8,trainval
english_setter_13,datasets/oxford_pets/images/english_setter_13.jpg,14,13,english_setter,2,8,trainval
english_setter_131,datasets/oxford_pets/images/english_setter_131.jpg,14,13,english_setter,2,8,trainval
english_setter_132,datasets/oxford_pets/images/english_setter_132.jpg,14,13,english_setter,2,8,trainval
english_setter_135,datasets/oxford_pets/images/english_setter_135.jpg,14,13,english_setter,2,8,trainval
english_setter_136,datasets/oxford_pets/images/english_setter_136.jpg,14,13,english_setter,2,8,trainval
english_setter_139,datasets/oxford_pets/images/english_setter_139.jpg,14,13,english_setter,2,8,trainval
english_setter_14,datasets/oxford_pets/images/english_setter_14.jpg,14,13,english_setter,2,8,trainval
english_setter_140,datasets/oxford_pets/images/english_setter_140.jpg,14,13,english_setter,2,8,trainval
english_setter_141,datasets/oxford_pets/images/english_setter_141.jpg,14,13,english_setter,2,8,trainval
english_setter_142,datasets/oxford_pets/images/english_setter_142.jpg,14,13,english_setter,2,8,trainval
english_setter_143,datasets/oxford_pets/images/english_setter_143.jpg,14,13,english_setter,2,8,trainval
english_setter_144,datasets/oxford_pets/images/english_setter_144.jpg,14,13,english_setter,2,8,trainval
english_setter_145,datasets/oxford_pets/images/english_setter_145.jpg,14,13,english_setter,2,8,trainval
english_setter_146,datasets/oxford_pets/images/english_setter_146.jpg,14,13,english_setter,2,8,trainval
english_setter_147,datasets/oxford_pets/images/english_setter_147.jpg,14,13,english_setter,2,8,trainval
english_setter_148,datasets/oxford_pets/images/english_setter_148.jpg,14,13,english_setter,2,8,trainval
english_setter_149,datasets/oxford_pets/images/english_setter_149.jpg,14,13,english_setter,2,8,trainval
english_setter_15,datasets/oxford_pets/images/english_setter_15.jpg,14,13,english_setter,2,8,trainval
english_setter_150,datasets/oxford_pets/images/english_setter_150.jpg,14,13,english_setter,2,8,trainval
english_setter_152,datasets/oxford_pets/images/english_setter_152.jpg,14,13,english_setter,2,8,trainval
english_setter_153,datasets/oxford_pets/images/english_setter_153.jpg,14,13,english_setter,2,8,trainval
english_setter_154,datasets/oxford_pets/images/english_setter_154.jpg,14,13,english_setter,2,8,trainval
english_setter_155,datasets/oxford_pets/images/english_setter_155.jpg,14,13,english_setter,2,8,trainval
english_setter_156,datasets/oxford_pets/images/english_setter_156.jpg,14,13,english_setter,2,8,trainval
english_setter_157,datasets/oxford_pets/images/english_setter_157.jpg,14,13,english_setter,2,8,trainval
english_setter_158,datasets/oxford_pets/images/english_setter_158.jpg,14,13,english_setter,2,8,trainval
english_setter_159,datasets/oxford_pets/images/english_setter_159.jpg,14,13,english_setter,2,8,trainval
english_setter_16,datasets/oxford_pets/images/english_setter_16.jpg,14,13,english_setter,2,8,trainval
english_setter_160,datasets/oxford_pets/images/english_setter_160.jpg,14,13,english_setter,2,8,trainval
english_setter_161,datasets/oxford_pets/images/english_setter_161.jpg,14,13,english_setter,2,8,trainval
english_setter_162,datasets/oxford_pets/images/english_setter_162.jpg,14,13,english_setter,2,8,trainval
english_setter_164,datasets/oxford_pets/images/english_setter_164.jpg,14,13,english_setter,2,8,trainval
english_setter_165,datasets/oxford_pets/images/english_setter_165.jpg,14,13,english_setter,2,8,trainval
english_setter_166,datasets/oxford_pets/images/english_setter_166.jpg,14,13,english_setter,2,8,trainval
english_setter_167,datasets/oxford_pets/images/english_setter_167.jpg,14,13,english_setter,2,8,trainval
english_setter_17,datasets/oxford_pets/images/english_setter_17.jpg,14,13,english_setter,2,8,trainval
english_setter_170,datasets/oxford_pets/images/english_setter_170.jpg,14,13,english_setter,2,8,trainval
english_setter_171,datasets/oxford_pets/images/english_setter_171.jpg,14,13,english_setter,2,8,trainval
english_setter_172,datasets/oxford_pets/images/english_setter_172.jpg,14,13,english_setter,2,8,trainval
english_setter_173,datasets/oxford_pets/images/english_setter_173.jpg,14,13,english_setter,2,8,trainval
english_setter_174,datasets/oxford_pets/images/english_setter_174.jpg,14,13,english_setter,2,8,trainval
english_setter_175,datasets/oxford_pets/images/english_setter_175.jpg,14,13,english_setter,2,8,trainval
english_setter_176,datasets/oxford_pets/images/english_setter_176.jpg,14,13,english_setter,2,8,trainval
english_setter_178,datasets/oxford_pets/images/english_setter_178.jpg,14,13,english_setter,2,8,trainval
english_setter_18,datasets/oxford_pets/images/english_setter_18.jpg,14,13,english_setter,2,8,trainval
english_setter_180,datasets/oxford_pets/images/english_setter_180.jpg,14,13,english_setter,2,8,trainval
english_setter_181,datasets/oxford_pets/images/english_setter_181.jpg,14,13,english_setter,2,8,trainval
english_setter_182,datasets/oxford_pets/images/english_setter_182.jpg,14,13,english_setter,2,8,trainval
english_setter_183,datasets/oxford_pets/images/english_setter_183.jpg,14,13,english_setter,2,8,trainval
english_setter_184,datasets/oxford_pets/images/english_setter_184.jpg,14,13,english_setter,2,8,trainval
english_setter_186,datasets/oxford_pets/images/english_setter_186.jpg,14,13,english_setter,2,8,trainval
english_setter_187,datasets/oxford_pets/images/english_setter_187.jpg,14,13,english_setter,2,8,trainval
english_setter_188,datasets/oxford_pets/images/english_setter_188.jpg,14,13,english_setter,2,8,trainval
german_shorthaired_10,datasets/oxford_pets/images/german_shorthaired_10.jpg,15,14,german_shorthaired,2,9,trainval
german_shorthaired_100,datasets/oxford_pets/images/german_shorthaired_100.jpg,15,14,german_shorthaired,2,9,trainval
german_shorthaired_101,datasets/oxford_pets/images/german_shorthaired_101.jpg,15,14,german_shorthaired,2,9,trainval
german_shorthaired_102,datasets/oxford_pets/images/german_shorthaired_102.jpg,15,14,german_shorthaired,2,9,trainval
german_shorthaired_103,datasets/oxford_pets/images/german_shorthaired_103.jpg,15,14,german_shorthaired,2,9,trainval
german_shorthaired_104,datasets/oxford_pets/images/german_shorthaired_104.jpg,15,14,german_shorthaired,2,9,trainval
german_shorthaired_105,datasets/oxford_pets/images/german_shorthaired_105.jpg,15,14,german_shorthaired,2,9,trainval
german_shorthaired_106,datasets/oxford_pets/images/german_shorthaired_106.jpg,15,14,german_shorthaired,2,9,trainval
german_shorthaired_107,datasets/oxford_pets/images/german_shorthaired_107.jpg,15,14,german_shorthaired,2,9,trainval
german_shorthaired_108,datasets/oxford_pets/images/german_shorthaired_108.jpg,15,14,german_shorthaired,2,9,trainval
german_shorthaired_11,datasets/oxford_pets/images/german_shorthaired_11.jpg,15,14,german_shorthaired,2,9,trainval
german_shorthaired_111,datasets/oxford_pets/images/german_shorthaired_111.jpg,15,14,german_shorthaired,2,9,trainval
german_shorthaired_112,datasets/oxford_pets/images/german_shorthaired_112.jpg,15,14,german_shorthaired,2,9,trainval
german_shorthaired_115,datasets/oxford_pets/images/german_shorthaired_115.jpg,15,14,german_shorthaired,2,9,trainval
german_shorthaired_116,datasets/oxford_pets/images/german_shorthaired_116.jpg,15,14,german_shorthaired,2,9,trainval
german_shorthaired_117,datasets/oxford_pets/images/german_shorthaired_117.jpg,15,14,german_shorthaired,2,9,trainval
german_shorthaired_118,datasets/oxford_pets/images/german_shorthaired_118.jpg,15,14,german_shorthaired,2,9,trainval
german_shorthaired_12,datasets/oxford_pets/images/german_shorthaired_12.jpg,15,14,german_shorthaired,2,9,trainval
german_shorthaired_120,datasets/oxford_pets/images/german_shorthaired_120.jpg,15,14,german_shorthaired,2,9,trainval
german_shorthaired_121,datasets/oxford_pets/images/german_shorthaired_121.jpg,15,14,german_shorthaired,2,9,trainval
german_shorthaired_124,datasets/oxford_pets/images/german_shorthaired_124.jpg,15,14,german_shorthaired,2,9,trainval
german_shorthaired_125,datasets/oxford_pets/images/german_shorthaired_125.jpg,15,14,german_shorthaired,2,9,trainval
german_shorthaired_126,datasets/oxford_pets/images/german_shorthaired_126.jpg,15,14,german_shorthaired,2,9,trainval
german_shorthaired_127,datasets/oxford_pets/images/german_shorthaired_127.jpg,15,14,german_shorthaired,2,9,trainval
german_shorthaired_128,datasets/oxford_pets/images/german_shorthaired_128.jpg,15,14,german_shorthaired,2,9,trainval
german_shorthaired_13,datasets/oxford_pets/images/german_shorthaired_13.jpg,15,14,german_shorthaired,2,9,trainval
german_shorthaired_130,datasets/oxford_pets/images/german_shorthaired_130.jpg,15,14,german_shorthaired,2,9,trainval
german_shorthaired_131,datasets/oxford_pets/images/german_shorthaired_131.jpg,15,14,german_shorthaired,2,9,trainval
german_shorthaired_132,datasets/oxford_pets/images/german_shorthaired_132.jpg,15,14,german_shorthaired,2,9,trainval
german_shorthaired_133,datasets/oxford_pets/images/german_shorthaired_133.jpg,15,14,german_shorthaired,2,9,trainval
german_shorthaired_134,datasets/oxford_pets/images/german_shorthaired_134.jpg,15,14,german_shorthaired,2,9,trainval
german_shorthaired_135,datasets/oxford_pets/images/german_shorthaired_135.jpg,15,14,german_shorthaired,2,9,trainval
german_shorthaired_136,datasets/oxford_pets/images/german_shorthaired_136.jpg,15,14,german_shorthaired,2,9,trainval
german_shorthaired_137,datasets/oxford_pets/images/german_shorthaired_137.jpg,15,14,german_shorthaired,2,9,trainval
german_shorthaired_138,datasets/oxford_pets/images/german_shorthaired_138.jpg,15,14,german_shorthaired,2,9,trainval
german_shorthaired_139,datasets/oxford_pets/images/german_shorthaired_139.jpg,15,14,german_shorthaired,2,9,trainval
german_shorthaired_14,datasets/oxford_pets/images/german_shorthaired_14.jpg,15,14,german_shorthaired,2,9,trainval
german_shorthaired_140,datasets/oxford_pets/images/german_shorthaired_140.jpg,15,14,german_shorthaired,2,9,trainval
german_shorthaired_141,datasets/oxford_pets/images/german_shorthaired_141.jpg,15,14,german_shorthaired,2,9,trainval
german_shorthaired_143,datasets/oxford_pets/images/german_shorthaired_143.jpg,15,14,german_shorthaired,2,9,trainval
german_shorthaired_144,datasets/oxford_pets/images/german_shorthaired_144.jpg,15,14,german_shorthaired,2,9,trainval
german_shorthaired_145,datasets/oxford_pets/images/german_shorthaired_145.jpg,15,14,german_shorthaired,2,9,trainval
german_shorthaired_146,datasets/oxford_pets/images/german_shorthaired_146.jpg,15,14,german_shorthaired,2,9,trainval
german_shorthaired_147,datasets/oxford_pets/images/german_shorthaired_147.jpg,15,14,german_shorthaired,2,9,trainval
german_shorthaired_148,datasets/oxford_pets/images/german_shorthaired_148.jpg,15,14,german_shorthaired,2,9,trainval
german_shorthaired_149,datasets/oxford_pets/images/german_shorthaired_149.jpg,15,14,german_shorthaired,2,9,trainval
german_shorthaired_15,datasets/oxford_pets/images/german_shorthaired_15.jpg,15,14,german_shorthaired,2,9,trainval
german_shorthaired_150,datasets/oxford_pets/images/german_shorthaired_150.jpg,15,14,german_shorthaired,2,9,trainval
german_shorthaired_151,datasets/oxford_pets/images/german_shorthaired_151.jpg,15,14,german_shorthaired,2,9,trainval
german_shorthaired_152,datasets/oxford_pets/images/german_shorthaired_152.jpg,15,14,german_shorthaired,2,9,trainval
german_shorthaired_154,datasets/oxford_pets/images/german_shorthaired_154.jpg,15,14,german_shorthaired,2,9,trainval
german_shorthaired_155,datasets/oxford_pets/images/german_shorthaired_155.jpg,15,14,german_shorthaired,2,9,trainval
german_shorthaired_156,datasets/oxford_pets/images/german_shorthaired_156.jpg,15,14,german_shorthaired,2,9,trainval
german_shorthaired_157,datasets/oxford_pets/images/german_shorthaired_157.jpg,15,14,german_shorthaired,2,9,trainval
german_shorthaired_158,datasets/oxford_pets/images/german_shorthaired_158.jpg,15,14,german_shorthaired,2,9,trainval
german_shorthaired_159,datasets/oxford_pets/images/german_shorthaired_159.jpg,15,14,german_shorthaired,2,9,trainval
german_shorthaired_16,datasets/oxford_pets/images/german_shorthaired_16.jpg,15,14,german_shorthaired,2,9,trainval
german_shorthaired_160,datasets/oxford_pets/images/german_shorthaired_160.jpg,15,14,german_shorthaired,2,9,trainval
german_shorthaired_161,datasets/oxford_pets/images/german_shorthaired_161.jpg,15,14,german_shorthaired,2,9,trainval
german_shorthaired_162,datasets/oxford_pets/images/german_shorthaired_162.jpg,15,14,german_shorthaired,2,9,trainval
german_shorthaired_166,datasets/oxford_pets/images/german_shorthaired_166.jpg,15,14,german_shorthaired,2,9,trainval
german_shorthaired_167,datasets/oxford_pets/images/german_shorthaired_167.jpg,15,14,german_shorthaired,2,9,trainval
german_shorthaired_168,datasets/oxford_pets/images/german_shorthaired_168.jpg,15,14,german_shorthaired,2,9,trainval
german_shorthaired_169,datasets/oxford_pets/images/german_shorthaired_169.jpg,15,14,german_shorthaired,2,9,trainval
german_shorthaired_17,datasets/oxford_pets/images/german_shorthaired_17.jpg,15,14,german_shorthaired,2,9,trainval
german_shorthaired_170,datasets/oxford_pets/images/german_shorthaired_170.jpg,15,14,german_shorthaired,2,9,trainval
german_shorthaired_171,datasets/oxford_pets/images/german_shorthaired_171.jpg,15,14,german_shorthaired,2,9,trainval
german_shorthaired_175,datasets/oxford_pets/images/german_shorthaired_175.jpg,15,14,german_shorthaired,2,9,trainval
german_shorthaired_176,datasets/oxford_pets/images/german_shorthaired_176.jpg,15,14,german_shorthaired,2,9,trainval
german_shorthaired_177,datasets/oxford_pets/images/german_shorthaired_177.jpg,15,14,german_shorthaired,2,9,trainval
german_shorthaired_178,datasets/oxford_pets/images/german_shorthaired_178.jpg,15,14,german_shorthaired,2,9,trainval
german_shorthaired_18,datasets/oxford_pets/images/german_shorthaired_18.jpg,15,14,german_shorthaired,2,9,trainval
german_shorthaired_181,datasets/oxford_pets/images/german_shorthaired_181.jpg,15,14,german_shorthaired,2,9,trainval
german_shorthaired_182,datasets/oxford_pets/images/german_shorthaired_182.jpg,15,14,german_shorthaired,2,9,trainval
german_shorthaired_183,datasets/oxford_pets/images/german_shorthaired_183.jpg,15,14,german_shorthaired,2,9,trainval
german_shorthaired_184,datasets/oxford_pets/images/german_shorthaired_184.jpg,15,14,german_shorthaired,2,9,trainval
german_shorthaired_185,datasets/oxford_pets/images/german_shorthaired_185.jpg,15,14,german_shorthaired,2,9,trainval
german_shorthaired_187,datasets/oxford_pets/images/german_shorthaired_187.jpg,15,14,german_shorthaired,2,9,trainval
german_shorthaired_189,datasets/oxford_pets/images/german_shorthaired_189.jpg,15,14,german_shorthaired,2,9,trainval
german_shorthaired_190,datasets/oxford_pets/images/german_shorthaired_190.jpg,15,14,german_shorthaired,2,9,trainval
great_pyrenees_100,datasets/oxford_pets/images/great_pyrenees_100.jpg,16,15,great_pyrenees,2,10,trainval
great_pyrenees_101,datasets/oxford_pets/images/great_pyrenees_101.jpg,16,15,great_pyrenees,2,10,trainval
great_pyrenees_102,datasets/oxford_pets/images/great_pyrenees_102.jpg,16,15,great_pyrenees,2,10,trainval
great_pyrenees_103,datasets/oxford_pets/images/great_pyrenees_103.jpg,16,15,great_pyrenees,2,10,trainval
great_pyrenees_104,datasets/oxford_pets/images/great_pyrenees_104.jpg,16,15,great_pyrenees,2,10,trainval
great_pyrenees_105,datasets/oxford_pets/images/great_pyrenees_105.jpg,16,15,great_pyrenees,2,10,trainval
great_pyrenees_106,datasets/oxford_pets/images/great_pyrenees_106.jpg,16,15,great_pyrenees,2,10,trainval
great_pyrenees_107,datasets/oxford_pets/images/great_pyrenees_107.jpg,16,15,great_pyrenees,2,10,trainval
great_pyrenees_108,datasets/oxford_pets/images/great_pyrenees_108.jpg,16,15,great_pyrenees,2,10,trainval
great_pyrenees_109,datasets/oxford_pets/images/great_pyrenees_109.jpg,16,15,great_pyrenees,2,10,trainval
great_pyrenees_11,datasets/oxford_pets/images/great_pyrenees_11.jpg,16,15,great_pyrenees,2,10,trainval
great_pyrenees_111,datasets/oxford_pets/images/great_pyrenees_111.jpg,16,15,great_pyrenees,2,10,trainval
great_pyrenees_112,datasets/oxford_pets/images/great_pyrenees_112.jpg,16,15,great_pyrenees,2,10,trainval
great_pyrenees_114,datasets/oxford_pets/images/great_pyrenees_114.jpg,16,15,great_pyrenees,2,10,trainval
great_pyrenees_115,datasets/oxford_pets/images/great_pyrenees_115.jpg,16,15,great_pyrenees,2,10,trainval
great_pyrenees_116,datasets/oxford_pets/images/great_pyrenees_116.jpg,16,15,great_pyrenees,2,10,trainval
great_pyrenees_117,datasets/oxford_pets/images/great_pyrenees_117.jpg,16,15,great_pyrenees,2,10,trainval
great_pyrenees_118,datasets/oxford_pets/images/great_pyrenees_118.jpg,16,15,great_pyrenees,2,10,trainval
great_pyrenees_119,datasets/oxford_pets/images/great_pyrenees_119.jpg,16,15,great_pyrenees,2,10,trainval
great_pyrenees_12,datasets/oxford_pets/images/great_pyrenees_12.jpg,16,15,great_pyrenees,2,10,trainval
great_pyrenees_120,datasets/oxford_pets/images/great_pyrenees_120.jpg,16,15,great_pyrenees,2,10,trainval
great_pyrenees_121,datasets/oxford_pets/images/great_pyrenees_121.jpg,16,15,great_pyrenees,2,10,trainval
great_pyrenees_123,datasets/oxford_pets/images/great_pyrenees_123.jpg,16,15,great_pyrenees,2,10,trainval
great_pyrenees_124,datasets/oxford_pets/images/great_pyrenees_124.jpg,16,15,great_pyrenees,2,10,trainval
great_pyrenees_125,datasets/oxford_pets/images/great_pyrenees_125.jpg,16,15,great_pyrenees,2,10,trainval
great_pyrenees_126,datasets/oxford_pets/images/great_pyrenees_126.jpg,16,15,great_pyrenees,2,10,trainval
great_pyrenees_127,datasets/oxford_pets/images/great_pyrenees_127.jpg,16,15,great_pyrenees,2,10,trainval
great_pyrenees_128,datasets/oxford_pets/images/great_pyrenees_128.jpg,16,15,great_pyrenees,2,10,trainval
great_pyrenees_129,datasets/oxford_pets/images/great_pyrenees_129.jpg,16,15,great_pyrenees,2,10,trainval
great_pyrenees_13,datasets/oxford_pets/images/great_pyrenees_13.jpg,16,15,great_pyrenees,2,10,trainval
great_pyrenees_130,datasets/oxford_pets/images/great_pyrenees_130.jpg,16,15,great_pyrenees,2,10,trainval
great_pyrenees_131,datasets/oxford_pets/images/great_pyrenees_131.jpg,16,15,great_pyrenees,2,10,trainval
great_pyrenees_132,datasets/oxford_pets/images/great_pyrenees_132.jpg,16,15,great_pyrenees,2,10,trainval
great_pyrenees_134,datasets/oxford_pets/images/great_pyrenees_134.jpg,16,15,great_pyrenees,2,10,trainval
great_pyrenees_136,datasets/oxford_pets/images/great_pyrenees_136.jpg,16,15,great_pyrenees,2,10,trainval
great_pyrenees_137,datasets/oxford_pets/images/great_pyrenees_137.jpg,16,15,great_pyrenees,2,10,trainval
great_pyrenees_138,datasets/oxford_pets/images/great_pyrenees_138.jpg,16,15,great_pyrenees,2,10,trainval
great_pyrenees_14,datasets/oxford_pets/images/great_pyrenees_14.jpg,16,15,great_pyrenees,2,10,trainval
great_pyrenees_140,datasets/oxford_pets/images/great_pyrenees_140.jpg,16,15,great_pyrenees,2,10,trainval
great_pyrenees_142,datasets/oxford_pets/images/great_pyrenees_142.jpg,16,15,great_pyrenees,2,10,trainval
great_pyrenees_143,datasets/oxford_pets/images/great_pyrenees_143.jpg,16,15,great_pyrenees,2,10,trainval
great_pyrenees_145,datasets/oxford_pets/images/great_pyrenees_145.jpg,16,15,great_pyrenees,2,10,trainval
great_pyrenees_146,datasets/oxford_pets/images/great_pyrenees_146.jpg,16,15,great_pyrenees,2,10,trainval
great_pyrenees_147,datasets/oxford_pets/images/great_pyrenees_147.jpg,16,15,great_pyrenees,2,10,trainval
great_pyrenees_148,datasets/oxford_pets/images/great_pyrenees_148.jpg,16,15,great_pyrenees,2,10,trainval
great_pyrenees_149,datasets/oxford_pets/images/great_pyrenees_149.jpg,16,15,great_pyrenees,2,10,trainval
great_pyrenees_15,datasets/oxford_pets/images/great_pyrenees_15.jpg,16,15,great_pyrenees,2,10,trainval
great_pyrenees_151,datasets/oxford_pets/images/great_pyrenees_151.jpg,16,15,great_pyrenees,2,10,trainval
great_pyrenees_152,datasets/oxford_pets/images/great_pyrenees_152.jpg,16,15,great_pyrenees,2,10,trainval
great_pyrenees_154,datasets/oxford_pets/images/great_pyrenees_154.jpg,16,15,great_pyrenees,2,10,trainval
great_pyrenees_158,datasets/oxford_pets/images/great_pyrenees_158.jpg,16,15,great_pyrenees,2,10,trainval
great_pyrenees_159,datasets/oxford_pets/images/great_pyrenees_159.jpg,16,15,great_pyrenees,2,10,trainval
great_pyrenees_160,datasets/oxford_pets/images/great_pyrenees_160.jpg,16,15,great_pyrenees,2,10,trainval
great_pyrenees_162,datasets/oxford_pets/images/great_pyrenees_162.jpg,16,15,great_pyrenees,2,10,trainval
great_pyrenees_165,datasets/oxford_pets/images/great_pyrenees_165.jpg,16,15,great_pyrenees,2,10,trainval
great_pyrenees_167,datasets/oxford_pets/images/great_pyrenees_167.jpg,16,15,great_pyrenees,2,10,trainval
great_pyrenees_168,datasets/oxford_pets/images/great_pyrenees_168.jpg,16,15,great_pyrenees,2,10,trainval
great_pyrenees_169,datasets/oxford_pets/images/great_pyrenees_169.jpg,16,15,great_pyrenees,2,10,trainval
great_pyrenees_170,datasets/oxford_pets/images/great_pyrenees_170.jpg,16,15,great_pyrenees,2,10,trainval
great_pyrenees_171,datasets/oxford_pets/images/great_pyrenees_171.jpg,16,15,great_pyrenees,2,10,trainval
great_pyrenees_172,datasets/oxford_pets/images/great_pyrenees_172.jpg,16,15,great_pyrenees,2,10,trainval
great_pyrenees_173,datasets/oxford_pets/images/great_pyrenees_173.jpg,16,15,great_pyrenees,2,10,trainval
great_pyrenees_174,datasets/oxford_pets/images/great_pyrenees_174.jpg,16,15,great_pyrenees,2,10,trainval
great_pyrenees_175,datasets/oxford_pets/images/great_pyrenees_175.jpg,16,15,great_pyrenees,2,10,trainval
great_pyrenees_176,datasets/oxford_pets/images/great_pyrenees_176.jpg,16,15,great_pyrenees,2,10,trainval
great_pyrenees_177,datasets/oxford_pets/images/great_pyrenees_177.jpg,16,15,great_pyrenees,2,10,trainval
great_pyrenees_178,datasets/oxford_pets/images/great_pyrenees_178.jpg,16,15,great_pyrenees,2,10,trainval
great_pyrenees_179,datasets/oxford_pets/images/great_pyrenees_179.jpg,16,15,great_pyrenees,2,10,trainval
great_pyrenees_18,datasets/oxford_pets/images/great_pyrenees_18.jpg,16,15,great_pyrenees,2,10,trainval
great_pyrenees_180,datasets/oxford_pets/images/great_pyrenees_180.jpg,16,15,great_pyrenees,2,10,trainval
great_pyrenees_181,datasets/oxford_pets/images/great_pyrenees_181.jpg,16,15,great_pyrenees,2,10,trainval
great_pyrenees_182,datasets/oxford_pets/images/great_pyrenees_182.jpg,16,15,great_pyrenees,2,10,trainval
great_pyrenees_183,datasets/oxford_pets/images/great_pyrenees_183.jpg,16,15,great_pyrenees,2,10,trainval
great_pyrenees_184,datasets/oxford_pets/images/great_pyrenees_184.jpg,16,15,great_pyrenees,2,10,trainval
great_pyrenees_185,datasets/oxford_pets/images/great_pyrenees_185.jpg,16,15,great_pyrenees,2,10,trainval
great_pyrenees_186,datasets/oxford_pets/images/great_pyrenees_186.jpg,16,15,great_pyrenees,2,10,trainval
great_pyrenees_187,datasets/oxford_pets/images/great_pyrenees_187.jpg,16,15,great_pyrenees,2,10,trainval
great_pyrenees_188,datasets/oxford_pets/images/great_pyrenees_188.jpg,16,15,great_pyrenees,2,10,trainval
great_pyrenees_189,datasets/oxford_pets/images/great_pyrenees_189.jpg,16,15,great_pyrenees,2,10,trainval
great_pyrenees_190,datasets/oxford_pets/images/great_pyrenees_190.jpg,16,15,great_pyrenees,2,10,trainval
havanese_10,datasets/oxford_pets/images/havanese_10.jpg,17,16,havanese,2,11,trainval
havanese_100,datasets/oxford_pets/images/havanese_100.jpg,17,16,havanese,2,11,trainval
havanese_101,datasets/oxford_pets/images/havanese_101.jpg,17,16,havanese,2,11,trainval
havanese_102,datasets/oxford_pets/images/havanese_102.jpg,17,16,havanese,2,11,trainval
havanese_103,datasets/oxford_pets/images/havanese_103.jpg,17,16,havanese,2,11,trainval
havanese_104,datasets/oxford_pets/images/havanese_104.jpg,17,16,havanese,2,11,trainval
havanese_106,datasets/oxford_pets/images/havanese_106.jpg,17,16,havanese,2,11,trainval
havanese_107,datasets/oxford_pets/images/havanese_107.jpg,17,16,havanese,2,11,trainval
havanese_108,datasets/oxford_pets/images/havanese_108.jpg,17,16,havanese,2,11,trainval
havanese_109,datasets/oxford_pets/images/havanese_109.jpg,17,16,havanese,2,11,trainval
havanese_11,datasets/oxford_pets/images/havanese_11.jpg,17,16,havanese,2,11,trainval
havanese_110,datasets/oxford_pets/images/havanese_110.jpg,17,16,havanese,2,11,trainval
havanese_112,datasets/oxford_pets/images/havanese_112.jpg,17,16,havanese,2,11,trainval
havanese_113,datasets/oxford_pets/images/havanese_113.jpg,17,16,havanese,2,11,trainval
havanese_114,datasets/oxford_pets/images/havanese_114.jpg,17,16,havanese,2,11,trainval
havanese_115,datasets/oxford_pets/images/havanese_115.jpg,17,16,havanese,2,11,trainval
havanese_116,datasets/oxford_pets/images/havanese_116.jpg,17,16,havanese,2,11,trainval
havanese_118,datasets/oxford_pets/images/havanese_118.jpg,17,16,havanese,2,11,trainval
havanese_119,datasets/oxford_pets/images/havanese_119.jpg,17,16,havanese,2,11,trainval
havanese_120,datasets/oxford_pets/images/havanese_120.jpg,17,16,havanese,2,11,trainval
havanese_121,datasets/oxford_pets/images/havanese_121.jpg,17,16,havanese,2,11,trainval
havanese_122,datasets/oxford_pets/images/havanese_122.jpg,17,16,havanese,2,11,trainval
havanese_123,datasets/oxford_pets/images/havanese_123.jpg,17,16,havanese,2,11,trainval
havanese_124,datasets/oxford_pets/images/havanese_124.jpg,17,16,havanese,2,11,trainval
havanese_125,datasets/oxford_pets/images/havanese_125.jpg,17,16,havanese,2,11,trainval
havanese_126,datasets/oxford_pets/images/havanese_126.jpg,17,16,havanese,2,11,trainval
havanese_127,datasets/oxford_pets/images/havanese_127.jpg,17,16,havanese,2,11,trainval
havanese_128,datasets/oxford_pets/images/havanese_128.jpg,17,16,havanese,2,11,trainval
havanese_129,datasets/oxford_pets/images/havanese_129.jpg,17,16,havanese,2,11,trainval
havanese_13,datasets/oxford_pets/images/havanese_13.jpg,17,16,havanese,2,11,trainval
havanese_130,datasets/oxford_pets/images/havanese_130.jpg,17,16,havanese,2,11,trainval
havanese_131,datasets/oxford_pets/images/havanese_131.jpg,17,16,havanese,2,11,trainval
havanese_132,datasets/oxford_pets/images/havanese_132.jpg,17,16,havanese,2,11,trainval
havanese_133,datasets/oxford_pets/images/havanese_133.jpg,17,16,havanese,2,11,trainval
havanese_134,datasets/oxford_pets/images/havanese_134.jpg,17,16,havanese,2,11,trainval
havanese_135,datasets/oxford_pets/images/havanese_135.jpg,17,16,havanese,2,11,trainval
havanese_139,datasets/oxford_pets/images/havanese_139.jpg,17,16,havanese,2,11,trainval
havanese_14,datasets/oxford_pets/images/havanese_14.jpg,17,16,havanese,2,11,trainval
havanese_141,datasets/oxford_pets/images/havanese_141.jpg,17,16,havanese,2,11,trainval
havanese_142,datasets/oxford_pets/images/havanese_142.jpg,17,16,havanese,2,11,trainval
havanese_144,datasets/oxford_pets/images/havanese_144.jpg,17,16,havanese,2,11,trainval
havanese_145,datasets/oxford_pets/images/havanese_145.jpg,17,16,havanese,2,11,trainval
havanese_146,datasets/oxford_pets/images/havanese_146.jpg,17,16,havanese,2,11,trainval
havanese_147,datasets/oxford_pets/images/havanese_147.jpg,17,16,havanese,2,11,trainval
havanese_149,datasets/oxford_pets/images/havanese_149.jpg,17,16,havanese,2,11,trainval
havanese_15,datasets/oxford_pets/images/havanese_15.jpg,17,16,havanese,2,11,trainval
havanese_150,datasets/oxford_pets/images/havanese_150.jpg,17,16,havanese,2,11,trainval
havanese_151,datasets/oxford_pets/images/havanese_151.jpg,17,16,havanese,2,11,trainval
havanese_152,datasets/oxford_pets/images/havanese_152.jpg,17,16,havanese,2,11,trainval
havanese_154,datasets/oxford_pets/images/havanese_154.jpg,17,16,havanese,2,11,trainval
havanese_155,datasets/oxford_pets/images/havanese_155.jpg,17,16,havanese,2,11,trainval
havanese_156,datasets/oxford_pets/images/havanese_156.jpg,17,16,havanese,2,11,trainval
havanese_158,datasets/oxford_pets/images/havanese_158.jpg,17,16,havanese,2,11,trainval
havanese_159,datasets/oxford_pets/images/havanese_159.jpg,17,16,havanese,2,11,trainval
havanese_160,datasets/oxford_pets/images/havanese_160.jpg,17,16,havanese,2,11,trainval
havanese_161,datasets/oxford_pets/images/havanese_161.jpg,17,16,havanese,2,11,trainval
havanese_162,datasets/oxford_pets/images/havanese_162.jpg,17,16,havanese,2,11,trainval
havanese_163,datasets/oxford_pets/images/havanese_163.jpg,17,16,havanese,2,11,trainval
havanese_164,datasets/oxford_pets/images/havanese_164.jpg,17,16,havanese,2,11,trainval
havanese_165,datasets/oxford_pets/images/havanese_165.jpg,17,16,havanese,2,11,trainval
havanese_166,datasets/oxford_pets/images/havanese_166.jpg,17,16,havanese,2,11,trainval
havanese_167,datasets/oxford_pets/images/havanese_167.jpg,17,16,havanese,2,11,trainval
havanese_168,datasets/oxford_pets/images/havanese_168.jpg,17,16,havanese,2,11,trainval
havanese_169,datasets/oxford_pets/images/havanese_169.jpg,17,16,havanese,2,11,trainval
havanese_170,datasets/oxford_pets/images/havanese_170.jpg,17,16,havanese,2,11,trainval
havanese_171,datasets/oxford_pets/images/havanese_171.jpg,17,16,havanese,2,11,trainval
havanese_173,datasets/oxford_pets/images/havanese_173.jpg,17,16,havanese,2,11,trainval
havanese_174,datasets/oxford_pets/images/havanese_174.jpg,17,16,havanese,2,11,trainval
havanese_175,datasets/oxford_pets/images/havanese_175.jpg,17,16,havanese,2,11,trainval
havanese_176,datasets/oxford_pets/images/havanese_176.jpg,17,16,havanese,2,11,trainval
havanese_177,datasets/oxford_pets/images/havanese_177.jpg,17,16,havanese,2,11,trainval
havanese_178,datasets/oxford_pets/images/havanese_178.jpg,17,16,havanese,2,11,trainval
havanese_179,datasets/oxford_pets/images/havanese_179.jpg,17,16,havanese,2,11,trainval
havanese_181,datasets/oxford_pets/images/havanese_181.jpg,17,16,havanese,2,11,trainval
havanese_183,datasets/oxford_pets/images/havanese_183.jpg,17,16,havanese,2,11,trainval
havanese_184,datasets/oxford_pets/images/havanese_184.jpg,17,16,havanese,2,11,trainval
havanese_185,datasets/oxford_pets/images/havanese_185.jpg,17,16,havanese,2,11,trainval
havanese_186,datasets/oxford_pets/images/havanese_186.jpg,17,16,havanese,2,11,trainval
havanese_187,datasets/oxford_pets/images/havanese_187.jpg,17,16,havanese,2,11,trainval
havanese_188,datasets/oxford_pets/images/havanese_188.jpg,17,16,havanese,2,11,trainval
japanese_chin_10,datasets/oxford_pets/images/japanese_chin_10.jpg,18,17,japanese_chin,2,12,trainval
japanese_chin_100,datasets/oxford_pets/images/japanese_chin_100.jpg,18,17,japanese_chin,2,12,trainval
japanese_chin_102,datasets/oxford_pets/images/japanese_chin_102.jpg,18,17,japanese_chin,2,12,trainval
japanese_chin_104,datasets/oxford_pets/images/japanese_chin_104.jpg,18,17,japanese_chin,2,12,trainval
japanese_chin_105,datasets/oxford_pets/images/japanese_chin_105.jpg,18,17,japanese_chin,2,12,trainval
japanese_chin_106,datasets/oxford_pets/images/japanese_chin_106.jpg,18,17,japanese_chin,2,12,trainval
japanese_chin_107,datasets/oxford_pets/images/japanese_chin_107.jpg,18,17,japanese_chin,2,12,trainval
japanese_chin_108,datasets/oxford_pets/images/japanese_chin_108.jpg,18,17,japanese_chin,2,12,trainval
japanese_chin_109,datasets/oxford_pets/images/japanese_chin_109.jpg,18,17,japanese_chin,2,12,trainval
japanese_chin_110,datasets/oxford_pets/images/japanese_chin_110.jpg,18,17,japanese_chin,2,12,trainval
japanese_chin_112,datasets/oxford_pets/images/japanese_chin_112.jpg,18,17,japanese_chin,2,12,trainval
japanese_chin_114,datasets/oxford_pets/images/japanese_chin_114.jpg,18,17,japanese_chin,2,12,trainval
japanese_chin_115,datasets/oxford_pets/images/japanese_chin_115.jpg,18,17,japanese_chin,2,12,trainval
japanese_chin_116,datasets/oxford_pets/images/japanese_chin_116.jpg,18,17,japanese_chin,2,12,trainval
japanese_chin_117,datasets/oxford_pets/images/japanese_chin_117.jpg,18,17,japanese_chin,2,12,trainval
japanese_chin_118,datasets/oxford_pets/images/japanese_chin_118.jpg,18,17,japanese_chin,2,12,trainval
japanese_chin_119,datasets/oxford_pets/images/japanese_chin_119.jpg,18,17,japanese_chin,2,12,trainval
japanese_chin_12,datasets/oxford_pets/images/japanese_chin_12.jpg,18,17,japanese_chin,2,12,trainval
japanese_chin_120,datasets/oxford_pets/images/japanese_chin_120.jpg,18,17,japanese_chin,2,12,trainval
japanese_chin_121,datasets/oxford_pets/images/japanese_chin_121.jpg,18,17,japanese_chin,2,12,trainval
japanese_chin_122,datasets/oxford_pets/images/japanese_chin_122.jpg,18,17,japanese_chin,2,12,trainval
japanese_chin_123,datasets/oxford_pets/images/japanese_chin_123.jpg,18,17,japanese_chin,2,12,trainval
japanese_chin_125,datasets/oxford_pets/images/japanese_chin_125.jpg,18,17,japanese_chin,2,12,trainval
japanese_chin_127,datasets/oxford_pets/images/japanese_chin_127.jpg,18,17,japanese_chin,2,12,trainval
japanese_chin_128,datasets/oxford_pets/images/japanese_chin_128.jpg,18,17,japanese_chin,2,12,trainval
japanese_chin_13,datasets/oxford_pets/images/japanese_chin_13.jpg,18,17,japanese_chin,2,12,trainval
japanese_chin_130,datasets/oxford_pets/images/japanese_chin_130.jpg,18,17,japanese_chin,2,12,trainval
japanese_chin_131,datasets/oxford_pets/images/japanese_chin_131.jpg,18,17,japanese_chin,2,12,trainval
japanese_chin_132,datasets/oxford_pets/images/japanese_chin_132.jpg,18,17,japanese_chin,2,12,trainval
japanese_chin_133,datasets/oxford_pets/images/japanese_chin_133.jpg,18,17,japanese_chin,2,12,trainval
japanese_chin_134,datasets/oxford_pets/images/japanese_chin_134.jpg,18,17,japanese_chin,2,12,trainval
japanese_chin_136,datasets/oxford_pets/images/japanese_chin_136.jpg,18,17,japanese_chin,2,12,trainval
japanese_chin_137,datasets/oxford_pets/images/japanese_chin_137.jpg,18,17,japanese_chin,2,12,trainval
japanese_chin_138,datasets/oxford_pets/images/japanese_chin_138.jpg,18,17,japanese_chin,2,12,trainval
japanese_chin_139,datasets/oxford_pets/images/japanese_chin_139.jpg,18,17,japanese_chin,2,12,trainval
japanese_chin_14,datasets/oxford_pets/images/japanese_chin_14.jpg,18,17,japanese_chin,2,12,trainval
japanese_chin_140,datasets/oxford_pets/images/japanese_chin_140.jpg,18,17,japanese_chin,2,12,trainval
japanese_chin_143,datasets/oxford_pets/images/japanese_chin_143.jpg,18,17,japanese_chin,2,12,trainval
japanese_chin_144,datasets/oxford_pets/images/japanese_chin_144.jpg,18,17,japanese_chin,2,12,trainval
japanese_chin_145,datasets/oxford_pets/images/japanese_chin_145.jpg,18,17,japanese_chin,2,12,trainval
japanese_chin_146,datasets/oxford_pets/images/japanese_chin_146.jpg,18,17,japanese_chin,2,12,trainval
japanese_chin_147,datasets/oxford_pets/images/japanese_chin_147.jpg,18,17,japanese_chin,2,12,trainval
japanese_chin_148,datasets/oxford_pets/images/japanese_chin_148.jpg,18,17,japanese_chin,2,12,trainval
japanese_chin_149,datasets/oxford_pets/images/japanese_chin_149.jpg,18,17,japanese_chin,2,12,trainval
japanese_chin_15,datasets/oxford_pets/images/japanese_chin_15.jpg,18,17,japanese_chin,2,12,trainval
japanese_chin_150,datasets/oxford_pets/images/japanese_chin_150.jpg,18,17,japanese_chin,2,12,trainval
japanese_chin_151,datasets/oxford_pets/images/japanese_chin_151.jpg,18,17,japanese_chin,2,12,trainval
japanese_chin_152,datasets/oxford_pets/images/japanese_chin_152.jpg,18,17,japanese_chin,2,12,trainval
japanese_chin_153,datasets/oxford_pets/images/japanese_chin_153.jpg,18,17,japanese_chin,2,12,trainval
japanese_chin_154,datasets/oxford_pets/images/japanese_chin_154.jpg,18,17,japanese_chin,2,12,trainval
japanese_chin_155,datasets/oxford_pets/images/japanese_chin_155.jpg,18,17,japanese_chin,2,12,trainval
japanese_chin_156,datasets/oxford_pets/images/japanese_chin_156.jpg,18,17,japanese_chin,2,12,trainval
japanese_chin_157,datasets/oxford_pets/images/japanese_chin_157.jpg,18,17,japanese_chin,2,12,trainval
japanese_chin_158,datasets/oxford_pets/images/japanese_chin_158.jpg,18,17,japanese_chin,2,12,trainval
japanese_chin_159,datasets/oxford_pets/images/japanese_chin_159.jpg,18,17,japanese_chin,2,12,trainval
japanese_chin_16,datasets/oxford_pets/images/japanese_chin_16.jpg,18,17,japanese_chin,2,12,trainval
japanese_chin_160,datasets/oxford_pets/images/japanese_chin_160.jpg,18,17,japanese_chin,2,12,trainval
japanese_chin_161,datasets/oxford_pets/images/japanese_chin_161.jpg,18,17,japanese_chin,2,12,trainval
japanese_chin_162,datasets/oxford_pets/images/japanese_chin_162.jpg,18,17,japanese_chin,2,12,trainval
japanese_chin_163,datasets/oxford_pets/images/japanese_chin_163.jpg,18,17,japanese_chin,2,12,trainval
japanese_chin_164,datasets/oxford_pets/images/japanese_chin_164.jpg,18,17,japanese_chin,2,12,trainval
japanese_chin_165,datasets/oxford_pets/images/japanese_chin_165.jpg,18,17,japanese_chin,2,12,trainval
japanese_chin_166,datasets/oxford_pets/images/japanese_chin_166.jpg,18,17,japanese_chin,2,12,trainval
japanese_chin_167,datasets/oxford_pets/images/japanese_chin_167.jpg,18,17,japanese_chin,2,12,trainval
japanese_chin_169,datasets/oxford_pets/images/japanese_chin_169.jpg,18,17,japanese_chin,2,12,trainval
japanese_chin_17,datasets/oxford_pets/images/japanese_chin_17.jpg,18,17,japanese_chin,2,12,trainval
japanese_chin_171,datasets/oxford_pets/images/japanese_chin_171.jpg,18,17,japanese_chin,2,12,trainval
japanese_chin_172,datasets/oxford_pets/images/japanese_chin_172.jpg,18,17,japanese_chin,2,12,trainval
japanese_chin_174,datasets/oxford_pets/images/japanese_chin_174.jpg,18,17,japanese_chin,2,12,trainval
japanese_chin_175,datasets/oxford_pets/images/japanese_chin_175.jpg,18,17,japanese_chin,2,12,trainval
japanese_chin_177,datasets/oxford_pets/images/japanese_chin_177.jpg,18,17,japanese_chin,2,12,trainval
japanese_chin_178,datasets/oxford_pets/images/japanese_chin_178.jpg,18,17,japanese_chin,2,12,trainval
japanese_chin_179,datasets/oxford_pets/images/japanese_chin_179.jpg,18,17,japanese_chin,2,12,trainval
japanese_chin_18,datasets/oxford_pets/images/japanese_chin_18.jpg,18,17,japanese_chin,2,12,trainval
japanese_chin_181,datasets/oxford_pets/images/japanese_chin_181.jpg,18,17,japanese_chin,2,12,trainval
japanese_chin_183,datasets/oxford_pets/images/japanese_chin_183.jpg,18,17,japanese_chin,2,12,trainval
japanese_chin_184,datasets/oxford_pets/images/japanese_chin_184.jpg,18,17,japanese_chin,2,12,trainval
japanese_chin_185,datasets/oxford_pets/images/japanese_chin_185.jpg,18,17,japanese_chin,2,12,trainval
japanese_chin_186,datasets/oxford_pets/images/japanese_chin_186.jpg,18,17,japanese_chin,2,12,trainval
japanese_chin_187,datasets/oxford_pets/images/japanese_chin_187.jpg,18,17,japanese_chin,2,12,trainval
keeshond_10,datasets/oxford_pets/images/keeshond_10.jpg,19,18,keeshond,2,13,trainval
keeshond_100,datasets/oxford_pets/images/keeshond_100.jpg,19,18,keeshond,2,13,trainval
keeshond_102,datasets/oxford_pets/images/keeshond_102.jpg,19,18,keeshond,2,13,trainval
keeshond_103,datasets/oxford_pets/images/keeshond_103.jpg,19,18,keeshond,2,13,trainval
keeshond_104,datasets/oxford_pets/images/keeshond_104.jpg,19,18,keeshond,2,13,trainval
keeshond_105,datasets/oxford_pets/images/keeshond_105.jpg,19,18,keeshond,2,13,trainval
keeshond_106,datasets/oxford_pets/images/keeshond_106.jpg,19,18,keeshond,2,13,trainval
keeshond_107,datasets/oxford_pets/images/keeshond_107.jpg,19,18,keeshond,2,13,trainval
keeshond_108,datasets/oxford_pets/images/keeshond_108.jpg,19,18,keeshond,2,13,trainval
keeshond_109,datasets/oxford_pets/images/keeshond_109.jpg,19,18,keeshond,2,13,trainval
keeshond_11,datasets/oxford_pets/images/keeshond_11.jpg,19,18,keeshond,2,13,trainval
keeshond_110,datasets/oxford_pets/images/keeshond_110.jpg,19,18,keeshond,2,13,trainval
keeshond_111,datasets/oxford_pets/images/keeshond_111.jpg,19,18,keeshond,2,13,trainval
keeshond_112,datasets/oxford_pets/images/keeshond_112.jpg,19,18,keeshond,2,13,trainval
keeshond_113,datasets/oxford_pets/images/keeshond_113.jpg,19,18,keeshond,2,13,trainval
keeshond_114,datasets/oxford_pets/images/keeshond_114.jpg,19,18,keeshond,2,13,trainval
keeshond_115,datasets/oxford_pets/images/keeshond_115.jpg,19,18,keeshond,2,13,trainval
keeshond_116,datasets/oxford_pets/images/keeshond_116.jpg,19,18,keeshond,2,13,trainval
keeshond_117,datasets/oxford_pets/images/keeshond_117.jpg,19,18,keeshond,2,13,trainval
keeshond_119,datasets/oxford_pets/images/keeshond_119.jpg,19,18,keeshond,2,13,trainval
keeshond_120,datasets/oxford_pets/images/keeshond_120.jpg,19,18,keeshond,2,13,trainval
keeshond_121,datasets/oxford_pets/images/keeshond_121.jpg,19,18,keeshond,2,13,trainval
keeshond_122,datasets/oxford_pets/images/keeshond_122.jpg,19,18,keeshond,2,13,trainval
keeshond_124,datasets/oxford_pets/images/keeshond_124.jpg,19,18,keeshond,2,13,trainval
keeshond_125,datasets/oxford_pets/images/keeshond_125.jpg,19,18,keeshond,2,13,trainval
keeshond_126,datasets/oxford_pets/images/keeshond_126.jpg,19,18,keeshond,2,13,trainval
keeshond_128,datasets/oxford_pets/images/keeshond_128.jpg,19,18,keeshond,2,13,trainval
keeshond_13,datasets/oxford_pets/images/keeshond_13.jpg,19,18,keeshond,2,13,trainval
keeshond_130,datasets/oxford_pets/images/keeshond_130.jpg,19,18,keeshond,2,13,trainval
keeshond_131,datasets/oxford_pets/images/keeshond_131.jpg,19,18,keeshond,2,13,trainval
keeshond_132,datasets/oxford_pets/images/keeshond_132.jpg,19,18,keeshond,2,13,trainval
keeshond_133,datasets/oxford_pets/images/keeshond_133.jpg,19,18,keeshond,2,13,trainval
keeshond_134,datasets/oxford_pets/images/keeshond_134.jpg,19,18,keeshond,2,13,trainval
keeshond_135,datasets/oxford_pets/images/keeshond_135.jpg,19,18,keeshond,2,13,trainval
keeshond_137,datasets/oxford_pets/images/keeshond_137.jpg,19,18,keeshond,2,13,trainval
keeshond_138,datasets/oxford_pets/images/keeshond_138.jpg,19,18,keeshond,2,13,trainval
keeshond_139,datasets/oxford_pets/images/keeshond_139.jpg,19,18,keeshond,2,13,trainval
keeshond_14,datasets/oxford_pets/images/keeshond_14.jpg,19,18,keeshond,2,13,trainval
keeshond_140,datasets/oxford_pets/images/keeshond_140.jpg,19,18,keeshond,2,13,trainval
keeshond_142,datasets/oxford_pets/images/keeshond_142.jpg,19,18,keeshond,2,13,trainval
keeshond_143,datasets/oxford_pets/images/keeshond_143.jpg,19,18,keeshond,2,13,trainval
keeshond_144,datasets/oxford_pets/images/keeshond_144.jpg,19,18,keeshond,2,13,trainval
keeshond_145,datasets/oxford_pets/images/keeshond_145.jpg,19,18,keeshond,2,13,trainval
keeshond_146,datasets/oxford_pets/images/keeshond_146.jpg,19,18,keeshond,2,13,trainval
keeshond_147,datasets/oxford_pets/images/keeshond_147.jpg,19,18,keeshond,2,13,trainval
keeshond_148,datasets/oxford_pets/images/keeshond_148.jpg,19,18,keeshond,2,13,trainval
keeshond_15,datasets/oxford_pets/images/keeshond_15.jpg,19,18,keeshond,2,13,trainval
keeshond_150,datasets/oxford_pets/images/keeshond_150.jpg,19,18,keeshond,2,13,trainval
keeshond_151,datasets/oxford_pets/images/keeshond_151.jpg,19,18,keeshond,2,13,trainval
keeshond_152,datasets/oxford_pets/images/keeshond_152.jpg,19,18,keeshond,2,13,trainval
keeshond_153,datasets/oxford_pets/images/keeshond_153.jpg,19,18,keeshond,2,13,trainval
keeshond_154,datasets/oxford_pets/images/keeshond_154.jpg,19,18,keeshond,2,13,trainval
keeshond_155,datasets/oxford_pets/images/keeshond_155.jpg,19,18,keeshond,2,13,trainval
keeshond_156,datasets/oxford_pets/images/keeshond_156.jpg,19,18,keeshond,2,13,trainval
keeshond_157,datasets/oxford_pets/images/keeshond_157.jpg,19,18,keeshond,2,13,trainval
keeshond_158,datasets/oxford_pets/images/keeshond_158.jpg,19,18,keeshond,2,13,trainval
keeshond_159,datasets/oxford_pets/images/keeshond_159.jpg,19,18,keeshond,2,13,trainval
keeshond_160,datasets/oxford_pets/images/keeshond_160.jpg,19,18,keeshond,2,13,trainval
keeshond_161,datasets/oxford_pets/images/keeshond_161.jpg,19,18,keeshond,2,13,trainval
keeshond_162,datasets/oxford_pets/images/keeshond_162.jpg,19,18,keeshond,2,13,trainval
keeshond_163,datasets/oxford_pets/images/keeshond_163.jpg,19,18,keeshond,2,13,trainval
keeshond_164,datasets/oxford_pets/images/keeshond_164.jpg,19,18,keeshond,2,13,trainval
keeshond_165,datasets/oxford_pets/images/keeshond_165.jpg,19,18,keeshond,2,13,trainval
keeshond_166,datasets/oxford_pets/images/keeshond_166.jpg,19,18,keeshond,2,13,trainval
keeshond_168,datasets/oxford_pets/images/keeshond_168.jpg,19,18,keeshond,2,13,trainval
keeshond_17,datasets/oxford_pets/images/keeshond_17.jpg,19,18,keeshond,2,13,trainval
keeshond_170,datasets/oxford_pets/images/keeshond_170.jpg,19,18,keeshond,2,13,trainval
keeshond_173,datasets/oxford_pets/images/keeshond_173.jpg,19,18,keeshond,2,13,trainval
keeshond_174,datasets/oxford_pets/images/keeshond_174.jpg,19,18,keeshond,2,13,trainval
keeshond_175,datasets/oxford_pets/images/keeshond_175.jpg,19,18,keeshond,2,13,trainval
keeshond_176,datasets/oxford_pets/images/keeshond_176.jpg,19,18,keeshond,2,13,trainval
keeshond_179,datasets/oxford_pets/images/keeshond_179.jpg,19,18,keeshond,2,13,trainval
keeshond_18,datasets/oxford_pets/images/keeshond_18.jpg,19,18,keeshond,2,13,trainval
keeshond_180,datasets/oxford_pets/images/keeshond_180.jpg,19,18,keeshond,2,13,trainval
keeshond_181,datasets/oxford_pets/images/keeshond_181.jpg,19,18,keeshond,2,13,trainval
keeshond_184,datasets/oxford_pets/images/keeshond_184.jpg,19,18,keeshond,2,13,trainval
keeshond_186,datasets/oxford_pets/images/keeshond_186.jpg,19,18,keeshond,2,13,trainval
keeshond_187,datasets/oxford_pets/images/keeshond_187.jpg,19,18,keeshond,2,13,trainval
keeshond_188,datasets/oxford_pets/images/keeshond_188.jpg,19,18,keeshond,2,13,trainval
keeshond_190,datasets/oxford_pets/images/keeshond_190.jpg,19,18,keeshond,2,13,trainval
leonberger_10,datasets/oxford_pets/images/leonberger_10.jpg,20,19,leonberger,2,14,trainval
leonberger_100,datasets/oxford_pets/images/leonberger_100.jpg,20,19,leonberger,2,14,trainval
leonberger_101,datasets/oxford_pets/images/leonberger_101.jpg,20,19,leonberger,2,14,trainval
leonberger_103,datasets/oxford_pets/images/leonberger_103.jpg,20,19,leonberger,2,14,trainval
leonberger_104,datasets/oxford_pets/images/leonberger_104.jpg,20,19,leonberger,2,14,trainval
leonberger_106,datasets/oxford_pets/images/leonberger_106.jpg,20,19,leonberger,2,14,trainval
leonberger_108,datasets/oxford_pets/images/leonberger_108.jpg,20,19,leonberger,2,14,trainval
leonberger_109,datasets/oxford_pets/images/leonberger_109.jpg,20,19,leonberger,2,14,trainval
leonberger_11,datasets/oxford_pets/images/leonberger_11.jpg,20,19,leonberger,2,14,trainval
leonberger_111,datasets/oxford_pets/images/leonberger_111.jpg,20,19,leonberger,2,14,trainval
leonberger_112,datasets/oxford_pets/images/leonberger_112.jpg,20,19,leonberger,2,14,trainval
leonberger_114,datasets/oxford_pets/images/leonberger_114.jpg,20,19,leonberger,2,14,trainval
leonberger_115,datasets/oxford_pets/images/leonberger_115.jpg,20,19,leonberger,2,14,trainval
leonberger_117,datasets/oxford_pets/images/leonberger_117.jpg,20,19,leonberger,2,14,trainval
leonberger_118,datasets/oxford_pets/images/leonberger_118.jpg,20,19,leonberger,2,14,trainval
leonberger_12,datasets/oxford_pets/images/leonberger_12.jpg,20,19,leonberger,2,14,trainval
leonberger_120,datasets/oxford_pets/images/leonberger_120.jpg,20,19,leonberger,2,14,trainval
leonberger_121,datasets/oxford_pets/images/leonberger_121.jpg,20,19,leonberger,2,14,trainval
leonberger_122,datasets/oxford_pets/images/leonberger_122.jpg,20,19,leonberger,2,14,trainval
leonberger_124,datasets/oxford_pets/images/leonberger_124.jpg,20,19,leonberger,2,14,trainval
leonberger_125,datasets/oxford_pets/images/leonberger_125.jpg,20,19,leonberger,2,14,trainval
leonberger_126,datasets/oxford_pets/images/leonberger_126.jpg,20,19,leonberger,2,14,trainval
leonberger_127,datasets/oxford_pets/images/leonberger_127.jpg,20,19,leonberger,2,14,trainval
leonberger_128,datasets/oxford_pets/images/leonberger_128.jpg,20,19,leonberger,2,14,trainval
leonberger_129,datasets/oxford_pets/images/leonberger_129.jpg,20,19,leonberger,2,14,trainval
leonberger_13,datasets/oxford_pets/images/leonberger_13.jpg,20,19,leonberger,2,14,trainval
leonberger_131,datasets/oxford_pets/images/leonberger_131.jpg,20,19,leonberger,2,14,trainval
leonberger_133,datasets/oxford_pets/images/leonberger_133.jpg,20,19,leonberger,2,14,trainval
leonberger_134,datasets/oxford_pets/images/leonberger_134.jpg,20,19,leonberger,2,14,trainval
leonberger_137,datasets/oxford_pets/images/leonberger_137.jpg,20,19,leonberger,2,14,trainval
leonberger_139,datasets/oxford_pets/images/leonberger_139.jpg,20,19,leonberger,2,14,trainval
leonberger_14,datasets/oxford_pets/images/leonberger_14.jpg,20,19,leonberger,2,14,trainval
leonberger_140,datasets/oxford_pets/images/leonberger_140.jpg,20,19,leonberger,2,14,trainval
leonberger_141,datasets/oxford_pets/images/leonberger_141.jpg,20,19,leonberger,2,14,trainval
leonberger_142,datasets/oxford_pets/images/leonberger_142.jpg,20,19,leonberger,2,14,trainval
leonberger_143,datasets/oxford_pets/images/leonberger_143.jpg,20,19,leonberger,2,14,trainval
leonberger_144,datasets/oxford_pets/images/leonberger_144.jpg,20,19,leonberger,2,14,trainval
leonberger_145,datasets/oxford_pets/images/leonberger_145.jpg,20,19,leonberger,2,14,trainval
leonberger_147,datasets/oxford_pets/images/leonberger_147.jpg,20,19,leonberger,2,14,trainval
leonberger_148,datasets/oxford_pets/images/leonberger_148.jpg,20,19,leonberger,2,14,trainval
leonberger_149,datasets/oxford_pets/images/leonberger_149.jpg,20,19,leonberger,2,14,trainval
leonberger_150,datasets/oxford_pets/images/leonberger_150.jpg,20,19,leonberger,2,14,trainval
leonberger_151,datasets/oxford_pets/images/leonberger_151.jpg,20,19,leonberger,2,14,trainval
leonberger_153,datasets/oxford_pets/images/leonberger_153.jpg,20,19,leonberger,2,14,trainval
leonberger_154,datasets/oxford_pets/images/leonberger_154.jpg,20,19,leonberger,2,14,trainval
leonberger_155,datasets/oxford_pets/images/leonberger_155.jpg,20,19,leonberger,2,14,trainval
leonberger_156,datasets/oxford_pets/images/leonberger_156.jpg,20,19,leonberger,2,14,trainval
leonberger_157,datasets/oxford_pets/images/leonberger_157.jpg,20,19,leonberger,2,14,trainval
leonberger_158,datasets/oxford_pets/images/leonberger_158.jpg,20,19,leonberger,2,14,trainval
leonberger_159,datasets/oxford_pets/images/leonberger_159.jpg,20,19,leonberger,2,14,trainval
leonberger_16,datasets/oxford_pets/images/leonberger_16.jpg,20,19,leonberger,2,14,trainval
leonberger_160,datasets/oxford_pets/images/leonberger_160.jpg,20,19,leonberger,2,14,trainval
leonberger_161,datasets/oxford_pets/images/leonberger_161.jpg,20,19,leonberger,2,14,trainval
leonberger_162,datasets/oxford_pets/images/leonberger_162.jpg,20,19,leonberger,2,14,trainval
leonberger_163,datasets/oxford_pets/images/leonberger_163.jpg,20,19,leonberger,2,14,trainval
leonberger_164,datasets/oxford_pets/images/leonberger_164.jpg,20,19,leonberger,2,14,trainval
leonberger_165,datasets/oxford_pets/images/leonberger_165.jpg,20,19,leonberger,2,14,trainval
leonberger_166,datasets/oxford_pets/images/leonberger_166.jpg,20,19,leonberger,2,14,trainval
leonberger_167,datasets/oxford_pets/images/leonberger_167.jpg,20,19,leonberger,2,14,trainval
leonberger_168,datasets/oxford_pets/images/leonberger_168.jpg,20,19,leonberger,2,14,trainval
leonberger_169,datasets/oxford_pets/images/leonberger_169.jpg,20,19,leonberger,2,14,trainval
leonberger_17,datasets/oxford_pets/images/leonberger_17.jpg,20,19,leonberger,2,14,trainval
leonberger_170,datasets/oxford_pets/images/leonberger_170.jpg,20,19,leonberger,2,14,trainval
leonberger_172,datasets/oxford_pets/images/leonberger_172.jpg,20,19,leonberger,2,14,trainval
leonberger_173,datasets/oxford_pets/images/leonberger_173.jpg,20,19,leonberger,2,14,trainval
leonberger_174,datasets/oxford_pets/images/leonberger_174.jpg,20,19,leonberger,2,14,trainval
leonberger_175,datasets/oxford_pets/images/leonberger_175.jpg,20,19,leonberger,2,14,trainval
leonberger_176,datasets/oxford_pets/images/leonberger_176.jpg,20,19,leonberger,2,14,trainval
leonberger_177,datasets/oxford_pets/images/leonberger_177.jpg,20,19,leonberger,2,14,trainval
leonberger_178,datasets/oxford_pets/images/leonberger_178.jpg,20,19,leonberger,2,14,trainval
leonberger_179,datasets/oxford_pets/images/leonberger_179.jpg,20,19,leonberger,2,14,trainval
leonberger_18,datasets/oxford_pets/images/leonberger_18.jpg,20,19,leonberger,2,14,trainval
leonberger_180,datasets/oxford_pets/images/leonberger_180.jpg,20,19,leonberger,2,14,trainval
leonberger_181,datasets/oxford_pets/images/leonberger_181.jpg,20,19,leonberger,2,14,trainval
leonberger_183,datasets/oxford_pets/images/leonberger_183.jpg,20,19,leonberger,2,14,trainval
leonberger_184,datasets/oxford_pets/images/leonberger_184.jpg,20,19,leonberger,2,14,trainval
leonberger_185,datasets/oxford_pets/images/leonberger_185.jpg,20,19,leonberger,2,14,trainval
leonberger_186,datasets/oxford_pets/images/leonberger_186.jpg,20,19,leonberger,2,14,trainval
leonberger_188,datasets/oxford_pets/images/leonberger_188.jpg,20,19,leonberger,2,14,trainval
leonberger_190,datasets/oxford_pets/images/leonberger_190.jpg,20,19,leonberger,2,14,trainval
miniature_pinscher_10,datasets/oxford_pets/images/miniature_pinscher_10.jpg,22,21,miniature_pinscher,2,15,trainval
miniature_pinscher_100,datasets/oxford_pets/images/miniature_pinscher_100.jpg,22,21,miniature_pinscher,2,15,trainval
miniature_pinscher_101,datasets/oxford_pets/images/miniature_pinscher_101.jpg,22,21,miniature_pinscher,2,15,trainval
miniature_pinscher_102,datasets/oxford_pets/images/miniature_pinscher_102.jpg,22,21,miniature_pinscher,2,15,trainval
miniature_pinscher_103,datasets/oxford_pets/images/miniature_pinscher_103.jpg,22,21,miniature_pinscher,2,15,trainval
miniature_pinscher_105,datasets/oxford_pets/images/miniature_pinscher_105.jpg,22,21,miniature_pinscher,2,15,trainval
miniature_pinscher_106,datasets/oxford_pets/images/miniature_pinscher_106.jpg,22,21,miniature_pinscher,2,15,trainval
miniature_pinscher_107,datasets/oxford_pets/images/miniature_pinscher_107.jpg,22,21,miniature_pinscher,2,15,trainval
miniature_pinscher_108,datasets/oxford_pets/images/miniature_pinscher_108.jpg,22,21,miniature_pinscher,2,15,trainval
miniature_pinscher_109,datasets/oxford_pets/images/miniature_pinscher_109.jpg,22,21,miniature_pinscher,2,15,trainval
miniature_pinscher_11,datasets/oxford_pets/images/miniature_pinscher_11.jpg,22,21,miniature_pinscher,2,15,trainval
miniature_pinscher_111,datasets/oxford_pets/images/miniature_pinscher_111.jpg,22,21,miniature_pinscher,2,15,trainval
miniature_pinscher_112,datasets/oxford_pets/images/miniature_pinscher_112.jpg,22,21,miniature_pinscher,2,15,trainval
miniature_pinscher_114,datasets/oxford_pets/images/miniature_pinscher_114.jpg,22,21,miniature_pinscher,2,15,trainval
miniature_pinscher_115,datasets/oxford_pets/images/miniature_pinscher_115.jpg,22,21,miniature_pinscher,2,15,trainval
miniature_pinscher_116,datasets/oxford_pets/images/miniature_pinscher_116.jpg,22,21,miniature_pinscher,2,15,trainval
miniature_pinscher_117,datasets/oxford_pets/images/miniature_pinscher_117.jpg,22,21,miniature_pinscher,2,15,trainval
miniature_pinscher_118,datasets/oxford_pets/images/miniature_pinscher_118.jpg,22,21,miniature_pinscher,2,15,trainval
miniature_pinscher_119,datasets/oxford_pets/images/miniature_pinscher_119.jpg,22,21,miniature_pinscher,2,15,trainval
miniature_pinscher_12,datasets/oxford_pets/images/miniature_pinscher_12.jpg,22,21,miniature_pinscher,2,15,trainval
miniature_pinscher_120,datasets/oxford_pets/images/miniature_pinscher_120.jpg,22,21,miniature_pinscher,2,15,trainval
miniature_pinscher_121,datasets/oxford_pets/images/miniature_pinscher_121.jpg,22,21,miniature_pinscher,2,15,trainval
miniature_pinscher_124,datasets/oxford_pets/images/miniature_pinscher_124.jpg,22,21,miniature_pinscher,2,15,trainval
miniature_pinscher_126,datasets/oxford_pets/images/miniature_pinscher_126.jpg,22,21,miniature_pinscher,2,15,trainval
miniature_pinscher_127,datasets/oxford_pets/images/miniature_pinscher_127.jpg,22,21,miniature_pinscher,2,15,trainval
miniature_pinscher_128,datasets/oxford_pets/images/miniature_pinscher_128.jpg,22,21,miniature_pinscher,2,15,trainval
miniature_pinscher_129,datasets/oxford_pets/images/miniature_pinscher_129.jpg,22,21,miniature_pinscher,2,15,trainval
miniature_pinscher_130,datasets/oxford_pets/images/miniature_pinscher_130.jpg,22,21,miniature_pinscher,2,15,trainval
miniature_pinscher_131,datasets/oxford_pets/images/miniature_pinscher_131.jpg,22,21,miniature_pinscher,2,15,trainval
miniature_pinscher_132,datasets/oxford_pets/images/miniature_pinscher_132.jpg,22,21,miniature_pinscher,2,15,trainval
miniature_pinscher_134,datasets/oxford_pets/images/miniature_pinscher_134.jpg,22,21,miniature_pinscher,2,15,trainval
miniature_pinscher_135,datasets/oxford_pets/images/miniature_pinscher_135.jpg,22,21,miniature_pinscher,2,15,trainval
miniature_pinscher_136,datasets/oxford_pets/images/miniature_pinscher_136.jpg,22,21,miniature_pinscher,2,15,trainval
miniature_pinscher_137,datasets/oxford_pets/images/miniature_pinscher_137.jpg,22,21,miniature_pinscher,2,15,trainval
miniature_pinscher_138,datasets/oxford_pets/images/miniature_pinscher_138.jpg,22,21,miniature_pinscher,2,15,trainval
miniature_pinscher_14,datasets/oxford_pets/images/miniature_pinscher_14.jpg,22,21,miniature_pinscher,2,15,trainval
miniature_pinscher_140,datasets/oxford_pets/images/miniature_pinscher_140.jpg,22,21,miniature_pinscher,2,15,trainval
miniature_pinscher_141,datasets/oxford_pets/images/miniature_pinscher_141.jpg,22,21,miniature_pinscher,2,15,trainval
miniature_pinscher_142,datasets/oxford_pets/images/miniature_pinscher_142.jpg,22,21,miniature_pinscher,2,15,trainval
miniature_pinscher_144,datasets/oxford_pets/images/miniature_pinscher_144.jpg,22,21,miniature_pinscher,2,15,trainval
miniature_pinscher_145,datasets/oxford_pets/images/miniature_pinscher_145.jpg,22,21,miniature_pinscher,2,15,trainval
miniature_pinscher_146,datasets/oxford_pets/images/miniature_pinscher_146.jpg,22,21,miniature_pinscher,2,15,trainval
miniature_pinscher_147,datasets/oxford_pets/images/miniature_pinscher_147.jpg,22,21,miniature_pinscher,2,15,trainval
miniature_pinscher_148,datasets/oxford_pets/images/miniature_pinscher_148.jpg,22,21,miniature_pinscher,2,15,trainval
miniature_pinscher_149,datasets/oxford_pets/images/miniature_pinscher_149.jpg,22,21,miniature_pinscher,2,15,trainval
miniature_pinscher_150,datasets/oxford_pets/images/miniature_pinscher_150.jpg,22,21,miniature_pinscher,2,15,trainval
miniature_pinscher_151,datasets/oxford_pets/images/miniature_pinscher_151.jpg,22,21,miniature_pinscher,2,15,trainval
miniature_pinscher_152,datasets/oxford_pets/images/miniature_pinscher_152.jpg,22,21,miniature_pinscher,2,15,trainval
miniature_pinscher_153,datasets/oxford_pets/images/miniature_pinscher_153.jpg,22,21,miniature_pinscher,2,15,trainval
miniature_pinscher_154,datasets/oxford_pets/images/miniature_pinscher_154.jpg,22,21,miniature_pinscher,2,15,trainval
miniature_pinscher_155,datasets/oxford_pets/images/miniature_pinscher_155.jpg,22,21,miniature_pinscher,2,15,trainval
miniature_pinscher_156,datasets/oxford_pets/images/miniature_pinscher_156.jpg,22,21,miniature_pinscher,2,15,trainval
miniature_pinscher_157,datasets/oxford_pets/images/miniature_pinscher_157.jpg,22,21,miniature_pinscher,2,15,trainval
miniature_pinscher_158,datasets/oxford_pets/images/miniature_pinscher_158.jpg,22,21,miniature_pinscher,2,15,trainval
miniature_pinscher_159,datasets/oxford_pets/images/miniature_pinscher_159.jpg,22,21,miniature_pinscher,2,15,trainval
miniature_pinscher_16,datasets/oxford_pets/images/miniature_pinscher_16.jpg,22,21,miniature_pinscher,2,15,trainval
miniature_pinscher_160,datasets/oxford_pets/images/miniature_pinscher_160.jpg,22,21,miniature_pinscher,2,15,trainval
miniature_pinscher_161,datasets/oxford_pets/images/miniature_pinscher_161.jpg,22,21,miniature_pinscher,2,15,trainval
miniature_pinscher_162,datasets/oxford_pets/images/miniature_pinscher_162.jpg,22,21,miniature_pinscher,2,15,trainval
miniature_pinscher_164,datasets/oxford_pets/images/miniature_pinscher_164.jpg,22,21,miniature_pinscher,2,15,trainval
miniature_pinscher_166,datasets/oxford_pets/images/miniature_pinscher_166.jpg,22,21,miniature_pinscher,2,15,trainval
miniature_pinscher_167,datasets/oxford_pets/images/miniature_pinscher_167.jpg,22,21,miniature_pinscher,2,15,trainval
miniature_pinscher_168,datasets/oxford_pets/images/miniature_pinscher_168.jpg,22,21,miniature_pinscher,2,15,trainval
miniature_pinscher_169,datasets/oxford_pets/images/miniature_pinscher_169.jpg,22,21,miniature_pinscher,2,15,trainval
miniature_pinscher_170,datasets/oxford_pets/images/miniature_pinscher_170.jpg,22,21,miniature_pinscher,2,15,trainval
miniature_pinscher_172,datasets/oxford_pets/images/miniature_pinscher_172.jpg,22,21,miniature_pinscher,2,15,trainval
miniature_pinscher_173,datasets/oxford_pets/images/miniature_pinscher_173.jpg,22,21,miniature_pinscher,2,15,trainval
miniature_pinscher_174,datasets/oxford_pets/images/miniature_pinscher_174.jpg,22,21,miniature_pinscher,2,15,trainval
miniature_pinscher_175,datasets/oxford_pets/images/miniature_pinscher_175.jpg,22,21,miniature_pinscher,2,15,trainval
miniature_pinscher_176,datasets/oxford_pets/images/miniature_pinscher_176.jpg,22,21,miniature_pinscher,2,15,trainval
miniature_pinscher_178,datasets/oxford_pets/images/miniature_pinscher_178.jpg,22,21,miniature_pinscher,2,15,trainval
miniature_pinscher_179,datasets/oxford_pets/images/miniature_pinscher_179.jpg,22,21,miniature_pinscher,2,15,trainval
miniature_pinscher_180,datasets/oxford_pets/images/miniature_pinscher_180.jpg,22,21,miniature_pinscher,2,15,trainval
miniature_pinscher_181,datasets/oxford_pets/images/miniature_pinscher_181.jpg,22,21,miniature_pinscher,2,15,trainval
miniature_pinscher_182,datasets/oxford_pets/images/miniature_pinscher_182.jpg,22,21,miniature_pinscher,2,15,trainval
miniature_pinscher_183,datasets/oxford_pets/images/miniature_pinscher_183.jpg,22,21,miniature_pinscher,2,15,trainval
miniature_pinscher_185,datasets/oxford_pets/images/miniature_pinscher_185.jpg,22,21,miniature_pinscher,2,15,trainval
miniature_pinscher_187,datasets/oxford_pets/images/miniature_pinscher_187.jpg,22,21,miniature_pinscher,2,15,trainval
miniature_pinscher_189,datasets/oxford_pets/images/miniature_pinscher_189.jpg,22,21,miniature_pinscher,2,15,trainval
miniature_pinscher_190,datasets/oxford_pets/images/miniature_pinscher_190.jpg,22,21,miniature_pinscher,2,15,trainval
newfoundland_100,datasets/oxford_pets/images/newfoundland_100.jpg,23,22,newfoundland,2,16,trainval
newfoundland_101,datasets/oxford_pets/images/newfoundland_101.jpg,23,22,newfoundland,2,16,trainval
newfoundland_102,datasets/oxford_pets/images/newfoundland_102.jpg,23,22,newfoundland,2,16,trainval
newfoundland_103,datasets/oxford_pets/images/newfoundland_103.jpg,23,22,newfoundland,2,16,trainval
newfoundland_104,datasets/oxford_pets/images/newfoundland_104.jpg,23,22,newfoundland,2,16,trainval
newfoundland_105,datasets/oxford_pets/images/newfoundland_105.jpg,23,22,newfoundland,2,16,trainval
newfoundland_106,datasets/oxford_pets/images/newfoundland_106.jpg,23,22,newfoundland,2,16,trainval
newfoundland_107,datasets/oxford_pets/images/newfoundland_107.jpg,23,22,newfoundland,2,16,trainval
newfoundland_108,datasets/oxford_pets/images/newfoundland_108.jpg,23,22,newfoundland,2,16,trainval
newfoundland_109,datasets/oxford_pets/images/newfoundland_109.jpg,23,22,newfoundland,2,16,trainval
newfoundland_110,datasets/oxford_pets/images/newfoundland_110.jpg,23,22,newfoundland,2,16,trainval
newfoundland_111,datasets/oxford_pets/images/newfoundland_111.jpg,23,22,newfoundland,2,16,trainval
newfoundland_112,datasets/oxford_pets/images/newfoundland_112.jpg,23,22,newfoundland,2,16,trainval
newfoundland_114,datasets/oxford_pets/images/newfoundland_114.jpg,23,22,newfoundland,2,16,trainval
newfoundland_115,datasets/oxford_pets/images/newfoundland_115.jpg,23,22,newfoundland,2,16,trainval
newfoundland_118,datasets/oxford_pets/images/newfoundland_118.jpg,23,22,newfoundland,2,16,trainval
newfoundland_120,datasets/oxford_pets/images/newfoundland_120.jpg,23,22,newfoundland,2,16,trainval
newfoundland_121,datasets/oxford_pets/images/newfoundland_121.jpg,23,22,newfoundland,2,16,trainval
newfoundland_122,datasets/oxford_pets/images/newfoundland_122.jpg,23,22,newfoundland,2,16,trainval
newfoundland_123,datasets/oxford_pets/images/newfoundland_123.jpg,23,22,newfoundland,2,16,trainval
newfoundland_124,datasets/oxford_pets/images/newfoundland_124.jpg,23,22,newfoundland,2,16,trainval
newfoundland_125,datasets/oxford_pets/images/newfoundland_125.jpg,23,22,newfoundland,2,16,trainval
newfoundland_126,datasets/oxford_pets/images/newfoundland_126.jpg,23,22,newfoundland,2,16,trainval
newfoundland_127,datasets/oxford_pets/images/newfoundland_127.jpg,23,22,newfoundland,2,16,trainval
newfoundland_128,datasets/oxford_pets/images/newfoundland_128.jpg,23,22,newfoundland,2,16,trainval
newfoundland_13,datasets/oxford_pets/images/newfoundland_13.jpg,23,22,newfoundland,2,16,trainval
newfoundland_130,datasets/oxford_pets/images/newfoundland_130.jpg,23,22,newfoundland,2,16,trainval
newfoundland_134,datasets/oxford_pets/images/newfoundland_134.jpg,23,22,newfoundland,2,16,trainval
newfoundland_135,datasets/oxford_pets/images/newfoundland_135.jpg,23,22,newfoundland,2,16,trainval
newfoundland_136,datasets/oxford_pets/images/newfoundland_136.jpg,23,22,newfoundland,2,16,trainval
newfoundland_137,datasets/oxford_pets/images/newfoundland_137.jpg,23,22,newfoundland,2,16,trainval
newfoundland_138,datasets/oxford_pets/images/newfoundland_138.jpg,23,22,newfoundland,2,16,trainval
newfoundland_139,datasets/oxford_pets/images/newfoundland_139.jpg,23,22,newfoundland,2,16,trainval
newfoundland_140,datasets/oxford_pets/images/newfoundland_140.jpg,23,22,newfoundland,2,16,trainval
newfoundland_141,datasets/oxford_pets/images/newfoundland_141.jpg,23,22,newfoundland,2,16,trainval
newfoundland_145,datasets/oxford_pets/images/newfoundland_145.jpg,23,22,newfoundland,2,16,trainval
newfoundland_146,datasets/oxford_pets/images/newfoundland_146.jpg,23,22,newfoundland,2,16,trainval
newfoundland_147,datasets/oxford_pets/images/newfoundland_147.jpg,23,22,newfoundland,2,16,trainval
newfoundland_148,datasets/oxford_pets/images/newfoundland_148.jpg,23,22,newfoundland,2,16,trainval
newfoundland_149,datasets/oxford_pets/images/newfoundland_149.jpg,23,22,newfoundland,2,16,trainval
newfoundland_15,datasets/oxford_pets/images/newfoundland_15.jpg,23,22,newfoundland,2,16,trainval
newfoundland_150,datasets/oxford_pets/images/newfoundland_150.jpg,23,22,newfoundland,2,16,trainval
newfoundland_151,datasets/oxford_pets/images/newfoundland_151.jpg,23,22,newfoundland,2,16,trainval
newfoundland_156,datasets/oxford_pets/images/newfoundland_156.jpg,23,22,newfoundland,2,16,trainval
newfoundland_157,datasets/oxford_pets/images/newfoundland_157.jpg,23,22,newfoundland,2,16,trainval
newfoundland_158,datasets/oxford_pets/images/newfoundland_158.jpg,23,22,newfoundland,2,16,trainval
newfoundland_159,datasets/oxford_pets/images/newfoundland_159.jpg,23,22,newfoundland,2,16,trainval
newfoundland_16,datasets/oxford_pets/images/newfoundland_16.jpg,23,22,newfoundland,2,16,trainval
newfoundland_160,datasets/oxford_pets/images/newfoundland_160.jpg,23,22,newfoundland,2,16,trainval
newfoundland_161,datasets/oxford_pets/images/newfoundland_161.jpg,23,22,newfoundland,2,16,trainval
newfoundland_162,datasets/oxford_pets/images/newfoundland_162.jpg,23,22,newfoundland,2,16,trainval
newfoundland_163,datasets/oxford_pets/images/newfoundland_163.jpg,23,22,newfoundland,2,16,trainval
newfoundland_164,datasets/oxford_pets/images/newfoundland_164.jpg,23,22,newfoundland,2,16,trainval
newfoundland_165,datasets/oxford_pets/images/newfoundland_165.jpg,23,22,newfoundland,2,16,trainval
newfoundland_167,datasets/oxford_pets/images/newfoundland_167.jpg,23,22,newfoundland,2,16,trainval
newfoundland_169,datasets/oxford_pets/images/newfoundland_169.jpg,23,22,newfoundland,2,16,trainval
newfoundland_17,datasets/oxford_pets/images/newfoundland_17.jpg,23,22,newfoundland,2,16,trainval
newfoundland_171,datasets/oxford_pets/images/newfoundland_171.jpg,23,22,newfoundland,2,16,trainval
newfoundland_172,datasets/oxford_pets/images/newfoundland_172.jpg,23,22,newfoundland,2,16,trainval
newfoundland_173,datasets/oxford_pets/images/newfoundland_173.jpg,23,22,newfoundland,2,16,trainval
newfoundland_174,datasets/oxford_pets/images/newfoundland_174.jpg,23,22,newfoundland,2,16,trainval
newfoundland_175,datasets/oxford_pets/images/newfoundland_175.jpg,23,22,newfoundland,2,16,trainval
newfoundland_176,datasets/oxford_pets/images/newfoundland_176.jpg,23,22,newfoundland,2,16,trainval
newfoundland_178,datasets/oxford_pets/images/newfoundland_178.jpg,23,22,newfoundland,2,16,trainval
newfoundland_179,datasets/oxford_pets/images/newfoundland_179.jpg,23,22,newfoundland,2,16,trainval
newfoundland_18,datasets/oxford_pets/images/newfoundland_18.jpg,23,22,newfoundland,2,16,trainval
newfoundland_180,datasets/oxford_pets/images/newfoundland_180.jpg,23,22,newfoundland,2,16,trainval
newfoundland_181,datasets/oxford_pets/images/newfoundland_181.jpg,23,22,newfoundland,2,16,trainval
newfoundland_182,datasets/oxford_pets/images/newfoundland_182.jpg,23,22,newfoundland,2,16,trainval
newfoundland_183,datasets/oxford_pets/images/newfoundland_183.jpg,23,22,newfoundland,2,16,trainval
newfoundland_184,datasets/oxford_pets/images/newfoundland_184.jpg,23,22,newfoundland,2,16,trainval
newfoundland_185,datasets/oxford_pets/images/newfoundland_185.jpg,23,22,newfoundland,2,16,trainval
newfoundland_186,datasets/oxford_pets/images/newfoundland_186.jpg,23,22,newfoundland,2,16,trainval
newfoundland_187,datasets/oxford_pets/images/newfoundland_187.jpg,23,22,newfoundland,2,16,trainval
newfoundland_188,datasets/oxford_pets/images/newfoundland_188.jpg,23,22,newfoundland,2,16,trainval
newfoundland_189,datasets/oxford_pets/images/newfoundland_189.jpg,23,22,newfoundland,2,16,trainval
newfoundland_190,datasets/oxford_pets/images/newfoundland_190.jpg,23,22,newfoundland,2,16,trainval
pomeranian_10,datasets/oxford_pets/images/pomeranian_10.jpg,25,24,pomeranian,2,17,trainval
pomeranian_100,datasets/oxford_pets/images/pomeranian_100.jpg,25,24,pomeranian,2,17,trainval
pomeranian_102,datasets/oxford_pets/images/pomeranian_102.jpg,25,24,pomeranian,2,17,trainval
pomeranian_103,datasets/oxford_pets/images/pomeranian_103.jpg,25,24,pomeranian,2,17,trainval
pomeranian_104,datasets/oxford_pets/images/pomeranian_104.jpg,25,24,pomeranian,2,17,trainval
pomeranian_106,datasets/oxford_pets/images/pomeranian_106.jpg,25,24,pomeranian,2,17,trainval
pomeranian_107,datasets/oxford_pets/images/pomeranian_107.jpg,25,24,pomeranian,2,17,trainval
pomeranian_108,datasets/oxford_pets/images/pomeranian_108.jpg,25,24,pomeranian,2,17,trainval
pomeranian_109,datasets/oxford_pets/images/pomeranian_109.jpg,25,24,pomeranian,2,17,trainval
pomeranian_11,datasets/oxford_pets/images/pomeranian_11.jpg,25,24,pomeranian,2,17,trainval
pomeranian_112,datasets/oxford_pets/images/pomeranian_112.jpg,25,24,pomeranian,2,17,trainval
pomeranian_113,datasets/oxford_pets/images/pomeranian_113.jpg,25,24,pomeranian,2,17,trainval
pomeranian_114,datasets/oxford_pets/images/pomeranian_114.jpg,25,24,pomeranian,2,17,trainval
pomeranian_115,datasets/oxford_pets/images/pomeranian_115.jpg,25,24,pomeranian,2,17,trainval
pomeranian_117,datasets/oxford_pets/images/pomeranian_117.jpg,25,24,pomeranian,2,17,trainval
pomeranian_119,datasets/oxford_pets/images/pomeranian_119.jpg,25,24,pomeranian,2,17,trainval
pomeranian_12,datasets/oxford_pets/images/pomeranian_12.jpg,25,24,pomeranian,2,17,trainval
pomeranian_120,datasets/oxford_pets/images/pomeranian_120.jpg,25,24,pomeranian,2,17,trainval
pomeranian_121,datasets/oxford_pets/images/pomeranian_121.jpg,25,24,pomeranian,2,17,trainval
pomeranian_123,datasets/oxford_pets/images/pomeranian_123.jpg,25,24,pomeranian,2,17,trainval
pomeranian_124,datasets/oxford_pets/images/pomeranian_124.jpg,25,24,pomeranian,2,17,trainval
pomeranian_125,datasets/oxford_pets/images/pomeranian_125.jpg,25,24,pomeranian,2,17,trainval
pomeranian_126,datasets/oxford_pets/images/pomeranian_126.jpg,25,24,pomeranian,2,17,trainval
pomeranian_127,datasets/oxford_pets/images/pomeranian_127.jpg,25,24,pomeranian,2,17,trainval
pomeranian_13,datasets/oxford_pets/images/pomeranian_13.jpg,25,24,pomeranian,2,17,trainval
pomeranian_130,datasets/oxford_pets/images/pomeranian_130.jpg,25,24,pomeranian,2,17,trainval
pomeranian_131,datasets/oxford_pets/images/pomeranian_131.jpg,25,24,pomeranian,2,17,trainval
pomeranian_132,datasets/oxford_pets/images/pomeranian_132.jpg,25,24,pomeranian,2,17,trainval
pomeranian_133,datasets/oxford_pets/images/pomeranian_133.jpg,25,24,pomeranian,2,17,trainval
pomeranian_134,datasets/oxford_pets/images/pomeranian_134.jpg,25,24,pomeranian,2,17,trainval
pomeranian_135,datasets/oxford_pets/images/pomeranian_135.jpg,25,24,pomeranian,2,17,trainval
pomeranian_136,datasets/oxford_pets/images/pomeranian_136.jpg,25,24,pomeranian,2,17,trainval
pomeranian_137,datasets/oxford_pets/images/pomeranian_137.jpg,25,24,pomeranian,2,17,trainval
pomeranian_138,datasets/oxford_pets/images/pomeranian_138.jpg,25,24,pomeranian,2,17,trainval
pomeranian_14,datasets/oxford_pets/images/pomeranian_14.jpg,25,24,pomeranian,2,17,trainval
pomeranian_141,datasets/oxford_pets/images/pomeranian_141.jpg,25,24,pomeranian,2,17,trainval
pomeranian_142,datasets/oxford_pets/images/pomeranian_142.jpg,25,24,pomeranian,2,17,trainval
pomeranian_143,datasets/oxford_pets/images/pomeranian_143.jpg,25,24,pomeranian,2,17,trainval
pomeranian_144,datasets/oxford_pets/images/pomeranian_144.jpg,25,24,pomeranian,2,17,trainval
pomeranian_145,datasets/oxford_pets/images/pomeranian_145.jpg,25,24,pomeranian,2,17,trainval
pomeranian_146,datasets/oxford_pets/images/pomeranian_146.jpg,25,24,pomeranian,2,17,trainval
pomeranian_147,datasets/oxford_pets/images/pomeranian_147.jpg,25,24,pomeranian,2,17,trainval
pomeranian_148,datasets/oxford_pets/images/pomeranian_148.jpg,25,24,pomeranian,2,17,trainval
pomeranian_149,datasets/oxford_pets/images/pomeranian_149.jpg,25,24,pomeranian,2,17,trainval
pomeranian_15,datasets/oxford_pets/images/pomeranian_15.jpg,25,24,pomeranian,2,17,trainval
pomeranian_150,datasets/oxford_pets/images/pomeranian_150.jpg,25,24,pomeranian,2,17,trainval
pomeranian_151,datasets/oxford_pets/images/pomeranian_151.jpg,25,24,pomeranian,2,17,trainval
pomeranian_152,datasets/oxford_pets/images/pomeranian_152.jpg,25,24,pomeranian,2,17,trainval
pomeranian_153,datasets/oxford_pets/images/pomeranian_153.jpg,25,24,pomeranian,2,17,trainval
pomeranian_155,datasets/oxford_pets/images/pomeranian_155.jpg,25,24,pomeranian,2,17,trainval
pomeranian_156,datasets/oxford_pets/images/pomeranian_156.jpg,25,24,pomeranian,2,17,trainval
pomeranian_158,datasets/oxford_pets/images/pomeranian_158.jpg,25,24,pomeranian,2,17,trainval
pomeranian_159,datasets/oxford_pets/images/pomeranian_159.jpg,25,24,pomeranian,2,17,trainval
pomeranian_16,datasets/oxford_pets/images/pomeranian_16.jpg,25,24,pomeranian,2,17,trainval
pomeranian_160,datasets/oxford_pets/images/pomeranian_160.jpg,25,24,pomeranian,2,17,trainval
pomeranian_162,datasets/oxford_pets/images/pomeranian_162.jpg,25,24,pomeranian,2,17,trainval
pomeranian_163,datasets/oxford_pets/images/pomeranian_163.jpg,25,24,pomeranian,2,17,trainval
pomeranian_164,datasets/oxford_pets/images/pomeranian_164.jpg,25,24,pomeranian,2,17,trainval
pomeranian_165,datasets/oxford_pets/images/pomeranian_165.jpg,25,24,pomeranian,2,17,trainval
pomeranian_166,datasets/oxford_pets/images/pomeranian_166.jpg,25,24,pomeranian,2,17,trainval
pomeranian_167,datasets/oxford_pets/images/pomeranian_167.jpg,25,24,pomeranian,2,17,trainval
pomeranian_168,datasets/oxford_pets/images/pomeranian_168.jpg,25,24,pomeranian,2,17,trainval
pomeranian_169,datasets/oxford_pets/images/pomeranian_169.jpg,25,24,pomeranian,2,17,trainval
pomeranian_17,datasets/oxford_pets/images/pomeranian_17.jpg,25,24,pomeranian,2,17,trainval
pomeranian_172,datasets/oxford_pets/images/pomeranian_172.jpg,25,24,pomeranian,2,17,trainval
pomeranian_173,datasets/oxford_pets/images/pomeranian_173.jpg,25,24,pomeranian,2,17,trainval
pomeranian_174,datasets/oxford_pets/images/pomeranian_174.jpg,25,24,pomeranian,2,17,trainval
pomeranian_175,datasets/oxford_pets/images/pomeranian_175.jpg,25,24,pomeranian,2,17,trainval
pomeranian_176,datasets/oxford_pets/images/pomeranian_176.jpg,25,24,pomeranian,2,17,trainval
pomeranian_177,datasets/oxford_pets/images/pomeranian_177.jpg,25,24,pomeranian,2,17,trainval
pomeranian_178,datasets/oxford_pets/images/pomeranian_178.jpg,25,24,pomeranian,2,17,trainval
pomeranian_179,datasets/oxford_pets/images/pomeranian_179.jpg,25,24,pomeranian,2,17,trainval
pomeranian_18,datasets/oxford_pets/images/pomeranian_18.jpg,25,24,pomeranian,2,17,trainval
pomeranian_180,datasets/oxford_pets/images/pomeranian_180.jpg,25,24,pomeranian,2,17,trainval
pomeranian_181,datasets/oxford_pets/images/pomeranian_181.jpg,25,24,pomeranian,2,17,trainval
pomeranian_182,datasets/oxford_pets/images/pomeranian_182.jpg,25,24,pomeranian,2,17,trainval
pomeranian_185,datasets/oxford_pets/images/pomeranian_185.jpg,25,24,pomeranian,2,17,trainval
pomeranian_187,datasets/oxford_pets/images/pomeranian_187.jpg,25,24,pomeranian,2,17,trainval
pomeranian_188,datasets/oxford_pets/images/pomeranian_188.jpg,25,24,pomeranian,2,17,trainval
pomeranian_189,datasets/oxford_pets/images/pomeranian_189.jpg,25,24,pomeranian,2,17,trainval
pug_10,datasets/oxford_pets/images/pug_10.jpg,26,25,pug,2,18,trainval
pug_102,datasets/oxford_pets/images/pug_102.jpg,26,25,pug,2,18,trainval
pug_103,datasets/oxford_pets/images/pug_103.jpg,26,25,pug,2,18,trainval
pug_104,datasets/oxford_pets/images/pug_104.jpg,26,25,pug,2,18,trainval
pug_105,datasets/oxford_pets/images/pug_105.jpg,26,25,pug,2,18,trainval
pug_106,datasets/oxford_pets/images/pug_106.jpg,26,25,pug,2,18,trainval
pug_107,datasets/oxford_pets/images/pug_107.jpg,26,25,pug,2,18,trainval
pug_110,datasets/oxford_pets/images/pug_110.jpg,26,25,pug,2,18,trainval
pug_112,datasets/oxford_pets/images/pug_112.jpg,26,25,pug,2,18,trainval
pug_114,datasets/oxford_pets/images/pug_114.jpg,26,25,pug,2,18,trainval
pug_115,datasets/oxford_pets/images/pug_115.jpg,26,25,pug,2,18,trainval
pug_117,datasets/oxford_pets/images/pug_117.jpg,26,25,pug,2,18,trainval
pug_118,datasets/oxford_pets/images/pug_118.jpg,26,25,pug,2,18,trainval
pug_119,datasets/oxford_pets/images/pug_119.jpg,26,25,pug,2,18,trainval
pug_12,datasets/oxford_pets/images/pug_12.jpg,26,25,pug,2,18,trainval
pug_120,datasets/oxford_pets/images/pug_120.jpg,26,25,pug,2,18,trainval
pug_121,datasets/oxford_pets/images/pug_121.jpg,26,25,pug,2,18,trainval
pug_122,datasets/oxford_pets/images/pug_122.jpg,26,25,pug,2,18,trainval
pug_123,datasets/oxford_pets/images/pug_123.jpg,26,25,pug,2,18,trainval
pug_124,datasets/oxford_pets/images/pug_124.jpg,26,25,pug,2,18,trainval
pug_125,datasets/oxford_pets/images/pug_125.jpg,26,25,pug,2,18,trainval
pug_126,datasets/oxford_pets/images/pug_126.jpg,26,25,pug,2,18,trainval
pug_128,datasets/oxford_pets/images/pug_128.jpg,26,25,pug,2,18,trainval
pug_129,datasets/oxford_pets/images/pug_129.jpg,26,25,pug,2,18,trainval
pug_13,datasets/oxford_pets/images/pug_13.jpg,26,25,pug,2,18,trainval
pug_130,datasets/oxford_pets/images/pug_130.jpg,26,25,pug,2,18,trainval
pug_131,datasets/oxford_pets/images/pug_131.jpg,26,25,pug,2,18,trainval
pug_132,datasets/oxford_pets/images/pug_132.jpg,26,25,pug,2,18,trainval
pug_133,datasets/oxford_pets/images/pug_133.jpg,26,25,pug,2,18,trainval
pug_134,datasets/oxford_pets/images/pug_134.jpg,26,25,pug,2,18,trainval
pug_136,datasets/oxford_pets/images/pug_136.jpg,26,25,pug,2,18,trainval
pug_137,datasets/oxford_pets/images/pug_137.jpg,26,25,pug,2,18,trainval
pug_14,datasets/oxford_pets/images/pug_14.jpg,26,25,pug,2,18,trainval
pug_140,datasets/oxford_pets/images/pug_140.jpg,26,25,pug,2,18,trainval
pug_141,datasets/oxford_pets/images/pug_141.jpg,26,25,pug,2,18,trainval
pug_142,datasets/oxford_pets/images/pug_142.jpg,26,25,pug,2,18,trainval
pug_143,datasets/oxford_pets/images/pug_143.jpg,26,25,pug,2,18,trainval
pug_145,datasets/oxford_pets/images/pug_145.jpg,26,25,pug,2,18,trainval
pug_146,datasets/oxford_pets/images/pug_146.jpg,26,25,pug,2,18,trainval
pug_147,datasets/oxford_pets/images/pug_147.jpg,26,25,pug,2,18,trainval
pug_149,datasets/oxford_pets/images/pug_149.jpg,26,25,pug,2,18,trainval
pug_150,datasets/oxford_pets/images/pug_150.jpg,26,25,pug,2,18,trainval
pug_151,datasets/oxford_pets/images/pug_151.jpg,26,25,pug,2,18,trainval
pug_153,datasets/oxford_pets/images/pug_153.jpg,26,25,pug,2,18,trainval
pug_155,datasets/oxford_pets/images/pug_155.jpg,26,25,pug,2,18,trainval
pug_157,datasets/oxford_pets/images/pug_157.jpg,26,25,pug,2,18,trainval
pug_158,datasets/oxford_pets/images/pug_158.jpg,26,25,pug,2,18,trainval
pug_159,datasets/oxford_pets/images/pug_159.jpg,26,25,pug,2,18,trainval
pug_16,datasets/oxford_pets/images/pug_16.jpg,26,25,pug,2,18,trainval
pug_160,datasets/oxford_pets/images/pug_160.jpg,26,25,pug,2,18,trainval
pug_161,datasets/oxford_pets/images/pug_161.jpg,26,25,pug,2,18,trainval
pug_162,datasets/oxford_pets/images/pug_162.jpg,26,25,pug,2,18,trainval
pug_163,datasets/oxford_pets/images/pug_163.jpg,26,25,pug,2,18,trainval
pug_164,datasets/oxford_pets/images/pug_164.jpg,26,25,pug,2,18,trainval
pug_165,datasets/oxford_pets/images/pug_165.jpg,26,25,pug,2,18,trainval
pug_166,datasets/oxford_pets/images/pug_166.jpg,26,25,pug,2,18,trainval
pug_167,datasets/oxford_pets/images/pug_167.jpg,26,25,pug,2,18,trainval
pug_168,datasets/oxford_pets/images/pug_168.jpg,26,25,pug,2,18,trainval
pug_169,datasets/oxford_pets/images/pug_169.jpg,26,25,pug,2,18,trainval
pug_17,datasets/oxford_pets/images/pug_17.jpg,26,25,pug,2,18,trainval
pug_170,datasets/oxford_pets/images/pug_170.jpg,26,25,pug,2,18,trainval
pug_171,datasets/oxford_pets/images/pug_171.jpg,26,25,pug,2,18,trainval
pug_172,datasets/oxford_pets/images/pug_172.jpg,26,25,pug,2,18,trainval
pug_173,datasets/oxford_pets/images/pug_173.jpg,26,25,pug,2,18,trainval
pug_174,datasets/oxford_pets/images/pug_174.jpg,26,25,pug,2,18,trainval
pug_175,datasets/oxford_pets/images/pug_175.jpg,26,25,pug,2,18,trainval
pug_176,datasets/oxford_pets/images/pug_176.jpg,26,25,pug,2,18,trainval
pug_177,datasets/oxford_pets/images/pug_177.jpg,26,25,pug,2,18,trainval
pug_178,datasets/oxford_pets/images/pug_178.jpg,26,25,pug,2,18,trainval
pug_179,datasets/oxford_pets/images/pug_179.jpg,26,25,pug,2,18,trainval
pug_180,datasets/oxford_pets/images/pug_180.jpg,26,25,pug,2,18,trainval
pug_181,datasets/oxford_pets/images/pug_181.jpg,26,25,pug,2,18,trainval
pug_182,datasets/oxford_pets/images/pug_182.jpg,26,25,pug,2,18,trainval
pug_183,datasets/oxford_pets/images/pug_183.jpg,26,25,pug,2,18,trainval
pug_184,datasets/oxford_pets/images/pug_184.jpg,26,25,pug,2,18,trainval
pug_185,datasets/oxford_pets/images/pug_185.jpg,26,25,pug,2,18,trainval
pug_187,datasets/oxford_pets/images/pug_187.jpg,26,25,pug,2,18,trainval
pug_189,datasets/oxford_pets/images/pug_189.jpg,26,25,pug,2,18,trainval
pug_190,datasets/oxford_pets/images/pug_190.jpg,26,25,pug,2,18,trainval
pug_192,datasets/oxford_pets/images/pug_192.jpg,26,25,pug,2,18,trainval
saint_bernard_10,datasets/oxford_pets/images/saint_bernard_10.jpg,29,28,saint_bernard,2,19,trainval
saint_bernard_101,datasets/oxford_pets/images/saint_bernard_101.jpg,29,28,saint_bernard,2,19,trainval
saint_bernard_102,datasets/oxford_pets/images/saint_bernard_102.jpg,29,28,saint_bernard,2,19,trainval
saint_bernard_105,datasets/oxford_pets/images/saint_bernard_105.jpg,29,28,saint_bernard,2,19,trainval
saint_bernard_106,datasets/oxford_pets/images/saint_bernard_106.jpg,29,28,saint_bernard,2,19,trainval
saint_bernard_107,datasets/oxford_pets/images/saint_bernard_107.jpg,29,28,saint_bernard,2,19,trainval
saint_bernard_108,datasets/oxford_pets/images/saint_bernard_108.jpg,29,28,saint_bernard,2,19,trainval
saint_bernard_109,datasets/oxford_pets/images/saint_bernard_109.jpg,29,28,saint_bernard,2,19,trainval
saint_bernard_11,datasets/oxford_pets/images/saint_bernard_11.jpg,29,28,saint_bernard,2,19,trainval
saint_bernard_110,datasets/oxford_pets/images/saint_bernard_110.jpg,29,28,saint_bernard,2,19,trainval
saint_bernard_111,datasets/oxford_pets/images/saint_bernard_111.jpg,29,28,saint_bernard,2,19,trainval
saint_bernard_112,datasets/oxford_pets/images/saint_bernard_112.jpg,29,28,saint_bernard,2,19,trainval
saint_bernard_113,datasets/oxford_pets/images/saint_bernard_113.jpg,29,28,saint_bernard,2,19,trainval
saint_bernard_114,datasets/oxford_pets/images/saint_bernard_114.jpg,29,28,saint_bernard,2,19,trainval
saint_bernard_115,datasets/oxford_pets/images/saint_bernard_115.jpg,29,28,saint_bernard,2,19,trainval
saint_bernard_116,datasets/oxford_pets/images/saint_bernard_116.jpg,29,28,saint_bernard,2,19,trainval
saint_bernard_117,datasets/oxford_pets/images/saint_bernard_117.jpg,29,28,saint_bernard,2,19,trainval
saint_bernard_118,datasets/oxford_pets/images/saint_bernard_118.jpg,29,28,saint_bernard,2,19,trainval
saint_bernard_12,datasets/oxford_pets/images/saint_bernard_12.jpg,29,28,saint_bernard,2,19,trainval
saint_bernard_120,datasets/oxford_pets/images/saint_bernard_120.jpg,29,28,saint_bernard,2,19,trainval
saint_bernard_122,datasets/oxford_pets/images/saint_bernard_122.jpg,29,28,saint_bernard,2,19,trainval
saint_bernard_123,datasets/oxford_pets/images/saint_bernard_123.jpg,29,28,saint_bernard,2,19,trainval
saint_bernard_124,datasets/oxford_pets/images/saint_bernard_124.jpg,29,28,saint_bernard,2,19,trainval
saint_bernard_125,datasets/oxford_pets/images/saint_bernard_125.jpg,29,28,saint_bernard,2,19,trainval
saint_bernard_126,datasets/oxford_pets/images/saint_bernard_126.jpg,29,28,saint_bernard,2,19,trainval
saint_bernard_127,datasets/oxford_pets/images/saint_bernard_127.jpg,29,28,saint_bernard,2,19,trainval
saint_bernard_128,datasets/oxford_pets/images/saint_bernard_128.jpg,29,28,saint_bernard,2,19,trainval
saint_bernard_129,datasets/oxford_pets/images/saint_bernard_129.jpg,29,28,saint_bernard,2,19,trainval
saint_bernard_13,datasets/oxford_pets/images/saint_bernard_13.jpg,29,28,saint_bernard,2,19,trainval
saint_bernard_130,datasets/oxford_pets/images/saint_bernard_130.jpg,29,28,saint_bernard,2,19,trainval
saint_bernard_132,datasets/oxford_pets/images/saint_bernard_132.jpg,29,28,saint_bernard,2,19,trainval
saint_bernard_134,datasets/oxford_pets/images/saint_bernard_134.jpg,29,28,saint_bernard,2,19,trainval
saint_bernard_136,datasets/oxford_pets/images/saint_bernard_136.jpg,29,28,saint_bernard,2,19,trainval
saint_bernard_138,datasets/oxford_pets/images/saint_bernard_138.jpg,29,28,saint_bernard,2,19,trainval
saint_bernard_139,datasets/oxford_pets/images/saint_bernard_139.jpg,29,28,saint_bernard,2,19,trainval
saint_bernard_14,datasets/oxford_pets/images/saint_bernard_14.jpg,29,28,saint_bernard,2,19,trainval
saint_bernard_140,datasets/oxford_pets/images/saint_bernard_140.jpg,29,28,saint_bernard,2,19,trainval
saint_bernard_142,datasets/oxford_pets/images/saint_bernard_142.jpg,29,28,saint_bernard,2,19,trainval
saint_bernard_143,datasets/oxford_pets/images/saint_bernard_143.jpg,29,28,saint_bernard,2,19,trainval
saint_bernard_145,datasets/oxford_pets/images/saint_bernard_145.jpg,29,28,saint_bernard,2,19,trainval
saint_bernard_146,datasets/oxford_pets/images/saint_bernard_146.jpg,29,28,saint_bernard,2,19,trainval
saint_bernard_147,datasets/oxford_pets/images/saint_bernard_147.jpg,29,28,saint_bernard,2,19,trainval
saint_bernard_148,datasets/oxford_pets/images/saint_bernard_148.jpg,29,28,saint_bernard,2,19,trainval
saint_bernard_15,datasets/oxford_pets/images/saint_bernard_15.jpg,29,28,saint_bernard,2,19,trainval
saint_bernard_150,datasets/oxford_pets/images/saint_bernard_150.jpg,29,28,saint_bernard,2,19,trainval
saint_bernard_152,datasets/oxford_pets/images/saint_bernard_152.jpg,29,28,saint_bernard,2,19,trainval
saint_bernard_153,datasets/oxford_pets/images/saint_bernard_153.jpg,29,28,saint_bernard,2,19,trainval
saint_bernard_154,datasets/oxford_pets/images/saint_bernard_154.jpg,29,28,saint_bernard,2,19,trainval
saint_bernard_155,datasets/oxford_pets/images/saint_bernard_155.jpg,29,28,saint_bernard,2,19,trainval
saint_bernard_156,datasets/oxford_pets/images/saint_bernard_156.jpg,29,28,saint_bernard,2,19,trainval
saint_bernard_157,datasets/oxford_pets/images/saint_bernard_157.jpg,29,28,saint_bernard,2,19,trainval
saint_bernard_159,datasets/oxford_pets/images/saint_bernard_159.jpg,29,28,saint_bernard,2,19,trainval
saint_bernard_16,datasets/oxford_pets/images/saint_bernard_16.jpg,29,28,saint_bernard,2,19,trainval
saint_bernard_160,datasets/oxford_pets/images/saint_bernard_160.jpg,29,28,saint_bernard,2,19,trainval
saint_bernard_161,datasets/oxford_pets/images/saint_bernard_161.jpg,29,28,saint_bernard,2,19,trainval
saint_bernard_162,datasets/oxford_pets/images/saint_bernard_162.jpg,29,28,saint_bernard,2,19,trainval
saint_bernard_164,datasets/oxford_pets/images/saint_bernard_164.jpg,29,28,saint_bernard,2,19,trainval
saint_bernard_165,datasets/oxford_pets/images/saint_bernard_165.jpg,29,28,saint_bernard,2,19,trainval
saint_bernard_166,datasets/oxford_pets/images/saint_bernard_166.jpg,29,28,saint_bernard,2,19,trainval
saint_bernard_168,datasets/oxford_pets/images/saint_bernard_168.jpg,29,28,saint_bernard,2,19,trainval
saint_bernard_169,datasets/oxford_pets/images/saint_bernard_169.jpg,29,28,saint_bernard,2,19,trainval
saint_bernard_17,datasets/oxford_pets/images/saint_bernard_17.jpg,29,28,saint_bernard,2,19,trainval
saint_bernard_170,datasets/oxford_pets/images/saint_bernard_170.jpg,29,28,saint_bernard,2,19,trainval
saint_bernard_171,datasets/oxford_pets/images/saint_bernard_171.jpg,29,28,saint_bernard,2,19,trainval
saint_bernard_172,datasets/oxford_pets/images/saint_bernard_172.jpg,29,28,saint_bernard,2,19,trainval
saint_bernard_173,datasets/oxford_pets/images/saint_bernard_173.jpg,29,28,saint_bernard,2,19,trainval
saint_bernard_174,datasets/oxford_pets/images/saint_bernard_174.jpg,29,28,saint_bernard,2,19,trainval
saint_bernard_175,datasets/oxford_pets/images/saint_bernard_175.jpg,29,28,saint_bernard,2,19,trainval
saint_bernard_177,datasets/oxford_pets/images/saint_bernard_177.jpg,29,28,saint_bernard,2,19,trainval
saint_bernard_178,datasets/oxford_pets/images/saint_bernard_178.jpg,29,28,saint_bernard,2,19,trainval
saint_bernard_179,datasets/oxford_pets/images/saint_bernard_179.jpg,29,28,saint_bernard,2,19,trainval
saint_bernard_18,datasets/oxford_pets/images/saint_bernard_18.jpg,29,28,saint_bernard,2,19,trainval
saint_bernard_180,datasets/oxford_pets/images/saint_bernard_180.jpg,29,28,saint_bernard,2,19,trainval
saint_bernard_182,datasets/oxford_pets/images/saint_bernard_182.jpg,29,28,saint_bernard,2,19,trainval
saint_bernard_184,datasets/oxford_pets/images/saint_bernard_184.jpg,29,28,saint_bernard,2,19,trainval
saint_bernard_185,datasets/oxford_pets/images/saint_bernard_185.jpg,29,28,saint_bernard,2,19,trainval
saint_bernard_186,datasets/oxford_pets/images/saint_bernard_186.jpg,29,28,saint_bernard,2,19,trainval
saint_bernard_187,datasets/oxford_pets/images/saint_bernard_187.jpg,29,28,saint_bernard,2,19,trainval
saint_bernard_188,datasets/oxford_pets/images/saint_bernard_188.jpg,29,28,saint_bernard,2,19,trainval
saint_bernard_189,datasets/oxford_pets/images/saint_bernard_189.jpg,29,28,saint_bernard,2,19,trainval
samoyed_10,datasets/oxford_pets/images/samoyed_10.jpg,30,29,samoyed,2,20,trainval
samoyed_100,datasets/oxford_pets/images/samoyed_100.jpg,30,29,samoyed,2,20,trainval
samoyed_102,datasets/oxford_pets/images/samoyed_102.jpg,30,29,samoyed,2,20,trainval
samoyed_103,datasets/oxford_pets/images/samoyed_103.jpg,30,29,samoyed,2,20,trainval
samoyed_105,datasets/oxford_pets/images/samoyed_105.jpg,30,29,samoyed,2,20,trainval
samoyed_106,datasets/oxford_pets/images/samoyed_106.jpg,30,29,samoyed,2,20,trainval
samoyed_107,datasets/oxford_pets/images/samoyed_107.jpg,30,29,samoyed,2,20,trainval
samoyed_108,datasets/oxford_pets/images/samoyed_108.jpg,30,29,samoyed,2,20,trainval
samoyed_109,datasets/oxford_pets/images/samoyed_109.jpg,30,29,samoyed,2,20,trainval
samoyed_110,datasets/oxford_pets/images/samoyed_110.jpg,30,29,samoyed,2,20,trainval
samoyed_111,datasets/oxford_pets/images/samoyed_111.jpg,30,29,samoyed,2,20,trainval
samoyed_112,datasets/oxford_pets/images/samoyed_112.jpg,30,29,samoyed,2,20,trainval
samoyed_113,datasets/oxford_pets/images/samoyed_113.jpg,30,29,samoyed,2,20,trainval
samoyed_116,datasets/oxford_pets/images/samoyed_116.jpg,30,29,samoyed,2,20,trainval
samoyed_117,datasets/oxford_pets/images/samoyed_117.jpg,30,29,samoyed,2,20,trainval
samoyed_118,datasets/oxford_pets/images/samoyed_118.jpg,30,29,samoyed,2,20,trainval
samoyed_119,datasets/oxford_pets/images/samoyed_119.jpg,30,29,samoyed,2,20,trainval
samoyed_12,datasets/oxford_pets/images/samoyed_12.jpg,30,29,samoyed,2,20,trainval
samoyed_120,datasets/oxford_pets/images/samoyed_120.jpg,30,29,samoyed,2,20,trainval
samoyed_121,datasets/oxford_pets/images/samoyed_121.jpg,30,29,samoyed,2,20,trainval
samoyed_122,datasets/oxford_pets/images/samoyed_122.jpg,30,29,samoyed,2,20,trainval
samoyed_123,datasets/oxford_pets/images/samoyed_123.jpg,30,29,samoyed,2,20,trainval
samoyed_124,datasets/oxford_pets/images/samoyed_124.jpg,30,29,samoyed,2,20,trainval
samoyed_125,datasets/oxford_pets/images/samoyed_125.jpg,30,29,samoyed,2,20,trainval
samoyed_126,datasets/oxford_pets/images/samoyed_126.jpg,30,29,samoyed,2,20,trainval
samoyed_127,datasets/oxford_pets/images/samoyed_127.jpg,30,29,samoyed,2,20,trainval
samoyed_128,datasets/oxford_pets/images/samoyed_128.jpg,30,29,samoyed,2,20,trainval
samoyed_129,datasets/oxford_pets/images/samoyed_129.jpg,30,29,samoyed,2,20,trainval
samoyed_13,datasets/oxford_pets/images/samoyed_13.jpg,30,29,samoyed,2,20,trainval
samoyed_130,datasets/oxford_pets/images/samoyed_130.jpg,30,29,samoyed,2,20,trainval
samoyed_131,datasets/oxford_pets/images/samoyed_131.jpg,30,29,samoyed,2,20,trainval
samoyed_132,datasets/oxford_pets/images/samoyed_132.jpg,30,29,samoyed,2,20,trainval
samoyed_133,datasets/oxford_pets/images/samoyed_133.jpg,30,29,samoyed,2,20,trainval
samoyed_137,datasets/oxford_pets/images/samoyed_137.jpg,30,29,samoyed,2,20,trainval
samoyed_138,datasets/oxford_pets/images/samoyed_138.jpg,30,29,samoyed,2,20,trainval
samoyed_139,datasets/oxford_pets/images/samoyed_139.jpg,30,29,samoyed,2,20,trainval
samoyed_14,datasets/oxford_pets/images/samoyed_14.jpg,30,29,samoyed,2,20,trainval
samoyed_140,datasets/oxford_pets/images/samoyed_140.jpg,30,29,samoyed,2,20,trainval
samoyed_141,datasets/oxford_pets/images/samoyed_141.jpg,30,29,samoyed,2,20,trainval
samoyed_142,datasets/oxford_pets/images/samoyed_142.jpg,30,29,samoyed,2,20,trainval
samoyed_143,datasets/oxford_pets/images/samoyed_143.jpg,30,29,samoyed,2,20,trainval
samoyed_144,datasets/oxford_pets/images/samoyed_144.jpg,30,29,samoyed,2,20,trainval
samoyed_145,datasets/oxford_pets/images/samoyed_145.jpg,30,29,samoyed,2,20,trainval
samoyed_147,datasets/oxford_pets/images/samoyed_147.jpg,30,29,samoyed,2,20,trainval
samoyed_148,datasets/oxford_pets/images/samoyed_148.jpg,30,29,samoyed,2,20,trainval
samoyed_149,datasets/oxford_pets/images/samoyed_149.jpg,30,29,samoyed,2,20,trainval
samoyed_150,datasets/oxford_pets/images/samoyed_150.jpg,30,29,samoyed,2,20,trainval
samoyed_152,datasets/oxford_pets/images/samoyed_152.jpg,30,29,samoyed,2,20,trainval
samoyed_153,datasets/oxford_pets/images/samoyed_153.jpg,30,29,samoyed,2,20,trainval
samoyed_155,datasets/oxford_pets/images/samoyed_155.jpg,30,29,samoyed,2,20,trainval
samoyed_156,datasets/oxford_pets/images/samoyed_156.jpg,30,29,samoyed,2,20,trainval
samoyed_157,datasets/oxford_pets/images/samoyed_157.jpg,30,29,samoyed,2,20,trainval
samoyed_158,datasets/oxford_pets/images/samoyed_158.jpg,30,29,samoyed,2,20,trainval
samoyed_16,datasets/oxford_pets/images/samoyed_16.jpg,30,29,samoyed,2,20,trainval
samoyed_160,datasets/oxford_pets/images/samoyed_160.jpg,30,29,samoyed,2,20,trainval
samoyed_161,datasets/oxford_pets/images/samoyed_161.jpg,30,29,samoyed,2,20,trainval
samoyed_162,datasets/oxford_pets/images/samoyed_162.jpg,30,29,samoyed,2,20,trainval
samoyed_164,datasets/oxford_pets/images/samoyed_164.jpg,30,29,samoyed,2,20,trainval
samoyed_165,datasets/oxford_pets/images/samoyed_165.jpg,30,29,samoyed,2,20,trainval
samoyed_166,datasets/oxford_pets/images/samoyed_166.jpg,30,29,samoyed,2,20,trainval
samoyed_168,datasets/oxford_pets/images/samoyed_168.jpg,30,29,samoyed,2,20,trainval
samoyed_17,datasets/oxford_pets/images/samoyed_17.jpg,30,29,samoyed,2,20,trainval
samoyed_170,datasets/oxford_pets/images/samoyed_170.jpg,30,29,samoyed,2,20,trainval
samoyed_171,datasets/oxford_pets/images/samoyed_171.jpg,30,29,samoyed,2,20,trainval
samoyed_172,datasets/oxford_pets/images/samoyed_172.jpg,30,29,samoyed,2,20,trainval
samoyed_173,datasets/oxford_pets/images/samoyed_173.jpg,30,29,samoyed,2,20,trainval
samoyed_174,datasets/oxford_pets/images/samoyed_174.jpg,30,29,samoyed,2,20,trainval
samoyed_175,datasets/oxford_pets/images/samoyed_175.jpg,30,29,samoyed,2,20,trainval
samoyed_176,datasets/oxford_pets/images/samoyed_176.jpg,30,29,samoyed,2,20,trainval
samoyed_178,datasets/oxford_pets/images/samoyed_178.jpg,30,29,samoyed,2,20,trainval
samoyed_179,datasets/oxford_pets/images/samoyed_179.jpg,30,29,samoyed,2,20,trainval
samoyed_180,datasets/oxford_pets/images/samoyed_180.jpg,30,29,samoyed,2,20,trainval
samoyed_181,datasets/oxford_pets/images/samoyed_181.jpg,30,29,samoyed,2,20,trainval
samoyed_182,datasets/oxford_pets/images/samoyed_182.jpg,30,29,samoyed,2,20,trainval
samoyed_183,datasets/oxford_pets/images/samoyed_183.jpg,30,29,samoyed,2,20,trainval
samoyed_184,datasets/oxford_pets/images/samoyed_184.jpg,30,29,samoyed,2,20,trainval
samoyed_185,datasets/oxford_pets/images/samoyed_185.jpg,30,29,samoyed,2,20,trainval
samoyed_187,datasets/oxford_pets/images/samoyed_187.jpg,30,29,samoyed,2,20,trainval
samoyed_188,datasets/oxford_pets/images/samoyed_188.jpg,30,29,samoyed,2,20,trainval
samoyed_190,datasets/oxford_pets/images/samoyed_190.jpg,30,29,samoyed,2,20,trainval
scottish_terrier_101,datasets/oxford_pets/images/scottish_terrier_101.jpg,31,30,scottish_terrier,2,21,trainval
scottish_terrier_104,datasets/oxford_pets/images/scottish_terrier_104.jpg,31,30,scottish_terrier,2,21,trainval
scottish_terrier_105,datasets/oxford_pets/images/scottish_terrier_105.jpg,31,30,scottish_terrier,2,21,trainval
scottish_terrier_106,datasets/oxford_pets/images/scottish_terrier_106.jpg,31,30,scottish_terrier,2,21,trainval
scottish_terrier_107,datasets/oxford_pets/images/scottish_terrier_107.jpg,31,30,scottish_terrier,2,21,trainval
scottish_terrier_109,datasets/oxford_pets/images/scottish_terrier_109.jpg,31,30,scottish_terrier,2,21,trainval
scottish_terrier_11,datasets/oxford_pets/images/scottish_terrier_11.jpg,31,30,scottish_terrier,2,21,trainval
scottish_terrier_112,datasets/oxford_pets/images/scottish_terrier_112.jpg,31,30,scottish_terrier,2,21,trainval
scottish_terrier_113,datasets/oxford_pets/images/scottish_terrier_113.jpg,31,30,scottish_terrier,2,21,trainval
scottish_terrier_115,datasets/oxford_pets/images/scottish_terrier_115.jpg,31,30,scottish_terrier,2,21,trainval
scottish_terrier_116,datasets/oxford_pets/images/scottish_terrier_116.jpg,31,30,scottish_terrier,2,21,trainval
scottish_terrier_118,datasets/oxford_pets/images/scottish_terrier_118.jpg,31,30,scottish_terrier,2,21,trainval
scottish_terrier_12,datasets/oxford_pets/images/scottish_terrier_12.jpg,31,30,scottish_terrier,2,21,trainval
scottish_terrier_120,datasets/oxford_pets/images/scottish_terrier_120.jpg,31,30,scottish_terrier,2,21,trainval
scottish_terrier_121,datasets/oxford_pets/images/scottish_terrier_121.jpg,31,30,scottish_terrier,2,21,trainval
scottish_terrier_123,datasets/oxford_pets/images/scottish_terrier_123.jpg,31,30,scottish_terrier,2,21,trainval
scottish_terrier_126,datasets/oxford_pets/images/scottish_terrier_126.jpg,31,30,scottish_terrier,2,21,trainval
scottish_terrier_128,datasets/oxford_pets/images/scottish_terrier_128.jpg,31,30,scottish_terrier,2,21,trainval
scottish_terrier_13,datasets/oxford_pets/images/scottish_terrier_13.jpg,31,30,scottish_terrier,2,21,trainval
scottish_terrier_131,datasets/oxford_pets/images/scottish_terrier_131.jpg,31,30,scottish_terrier,2,21,trainval
scottish_terrier_132,datasets/oxford_pets/images/scottish_terrier_132.jpg,31,30,scottish_terrier,2,21,trainval
scottish_terrier_133,datasets/oxford_pets/images/scottish_terrier_133.jpg,31,30,scottish_terrier,2,21,trainval
scottish_terrier_134,datasets/oxford_pets/images/scottish_terrier_134.jpg,31,30,scottish_terrier,2,21,trainval
scottish_terrier_135,datasets/oxford_pets/images/scottish_terrier_135.jpg,31,30,scottish_terrier,2,21,trainval
scottish_terrier_136,datasets/oxford_pets/images/scottish_terrier_136.jpg,31,30,scottish_terrier,2,21,trainval
scottish_terrier_137,datasets/oxford_pets/images/scottish_terrier_137.jpg,31,30,scottish_terrier,2,21,trainval
scottish_terrier_138,datasets/oxford_pets/images/scottish_terrier_138.jpg,31,30,scottish_terrier,2,21,trainval
scottish_terrier_139,datasets/oxford_pets/images/scottish_terrier_139.jpg,31,30,scottish_terrier,2,21,trainval
scottish_terrier_14,datasets/oxford_pets/images/scottish_terrier_14.jpg,31,30,scottish_terrier,2,21,trainval
scottish_terrier_140,datasets/oxford_pets/images/scottish_terrier_140.jpg,31,30,scottish_terrier,2,21,trainval
scottish_terrier_142,datasets/oxford_pets/images/scottish_terrier_142.jpg,31,30,scottish_terrier,2,21,trainval
scottish_terrier_143,datasets/oxford_pets/images/scottish_terrier_143.jpg,31,30,scottish_terrier,2,21,trainval
scottish_terrier_144,datasets/oxford_pets/images/scottish_terrier_144.jpg,31,30,scottish_terrier,2,21,trainval
scottish_terrier_145,datasets/oxford_pets/images/scottish_terrier_145.jpg,31,30,scottish_terrier,2,21,trainval
scottish_terrier_146,datasets/oxford_pets/images/scottish_terrier_146.jpg,31,30,scottish_terrier,2,21,trainval
scottish_terrier_147,datasets/oxford_pets/images/scottish_terrier_147.jpg,31,30,scottish_terrier,2,21,trainval
scottish_terrier_148,datasets/oxford_pets/images/scottish_terrier_148.jpg,31,30,scottish_terrier,2,21,trainval
scottish_terrier_149,datasets/oxford_pets/images/scottish_terrier_149.jpg,31,30,scottish_terrier,2,21,trainval
scottish_terrier_15,datasets/oxford_pets/images/scottish_terrier_15.jpg,31,30,scottish_terrier,2,21,trainval
scottish_terrier_150,datasets/oxford_pets/images/scottish_terrier_150.jpg,31,30,scottish_terrier,2,21,trainval
scottish_terrier_151,datasets/oxford_pets/images/scottish_terrier_151.jpg,31,30,scottish_terrier,2,21,trainval
scottish_terrier_152,datasets/oxford_pets/images/scottish_terrier_152.jpg,31,30,scottish_terrier,2,21,trainval
scottish_terrier_154,datasets/oxford_pets/images/scottish_terrier_154.jpg,31,30,scottish_terrier,2,21,trainval
scottish_terrier_155,datasets/oxford_pets/images/scottish_terrier_155.jpg,31,30,scottish_terrier,2,21,trainval
scottish_terrier_156,datasets/oxford_pets/images/scottish_terrier_156.jpg,31,30,scottish_terrier,2,21,trainval
scottish_terrier_158,datasets/oxford_pets/images/scottish_terrier_158.jpg,31,30,scottish_terrier,2,21,trainval
scottish_terrier_159,datasets/oxford_pets/images/scottish_terrier_159.jpg,31,30,scottish_terrier,2,21,trainval
scottish_terrier_16,datasets/oxford_pets/images/scottish_terrier_16.jpg,31,30,scottish_terrier,2,21,trainval
scottish_terrier_160,datasets/oxford_pets/images/scottish_terrier_160.jpg,31,30,scottish_terrier,2,21,trainval
scottish_terrier_161,datasets/oxford_pets/images/scottish_terrier_161.jpg,31,30,scottish_terrier,2,21,trainval
scottish_terrier_163,datasets/oxford_pets/images/scottish_terrier_163.jpg,31,30,scottish_terrier,2,21,trainval
scottish_terrier_164,datasets/oxford_pets/images/scottish_terrier_164.jpg,31,30,scottish_terrier,2,21,trainval
scottish_terrier_165,datasets/oxford_pets/images/scottish_terrier_165.jpg,31,30,scottish_terrier,2,21,trainval
scottish_terrier_166,datasets/oxford_pets/images/scottish_terrier_166.jpg,31,30,scottish_terrier,2,21,trainval
scottish_terrier_167,datasets/oxford_pets/images/scottish_terrier_167.jpg,31,30,scottish_terrier,2,21,trainval
scottish_terrier_168,datasets/oxford_pets/images/scottish_terrier_168.jpg,31,30,scottish_terrier,2,21,trainval
scottish_terrier_169,datasets/oxford_pets/images/scottish_terrier_169.jpg,31,30,scottish_terrier,2,21,trainval
scottish_terrier_17,datasets/oxford_pets/images/scottish_terrier_17.jpg,31,30,scottish_terrier,2,21,trainval
scottish_terrier_170,datasets/oxford_pets/images/scottish_terrier_170.jpg,31,30,scottish_terrier,2,21,trainval
scottish_terrier_171,datasets/oxford_pets/images/scottish_terrier_171.jpg,31,30,scottish_terrier,2,21,trainval
scottish_terrier_172,datasets/oxford_pets/images/scottish_terrier_172.jpg,31,30,scottish_terrier,2,21,trainval
scottish_terrier_173,datasets/oxford_pets/images/scottish_terrier_173.jpg,31,30,scottish_terrier,2,21,trainval
scottish_terrier_174,datasets/oxford_pets/images/scottish_terrier_174.jpg,31,30,scottish_terrier,2,21,trainval
scottish_terrier_175,datasets/oxford_pets/images/scottish_terrier_175.jpg,31,30,scottish_terrier,2,21,trainval
scottish_terrier_176,datasets/oxford_pets/images/scottish_terrier_176.jpg,31,30,scottish_terrier,2,21,trainval
scottish_terrier_177,datasets/oxford_pets/images/scottish_terrier_177.jpg,31,30,scottish_terrier,2,21,trainval
scottish_terrier_178,datasets/oxford_pets/images/scottish_terrier_178.jpg,31,30,scottish_terrier,2,21,trainval
scottish_terrier_179,datasets/oxford_pets/images/scottish_terrier_179.jpg,31,30,scottish_terrier,2,21,trainval
scottish_terrier_18,datasets/oxford_pets/images/scottish_terrier_18.jpg,31,30,scottish_terrier,2,21,trainval
scottish_terrier_180,datasets/oxford_pets/images/scottish_terrier_180.jpg,31,30,scottish_terrier,2,21,trainval
scottish_terrier_181,datasets/oxford_pets/images/scottish_terrier_181.jpg,31,30,scottish_terrier,2,21,trainval
scottish_terrier_182,datasets/oxford_pets/images/scottish_terrier_182.jpg,31,30,scottish_terrier,2,21,trainval
scottish_terrier_183,datasets/oxford_pets/images/scottish_terrier_183.jpg,31,30,scottish_terrier,2,21,trainval
scottish_terrier_184,datasets/oxford_pets/images/scottish_terrier_184.jpg,31,30,scottish_terrier,2,21,trainval
scottish_terrier_185,datasets/oxford_pets/images/scottish_terrier_185.jpg,31,30,scottish_terrier,2,21,trainval
scottish_terrier_186,datasets/oxford_pets/images/scottish_terrier_186.jpg,31,30,scottish_terrier,2,21,trainval
scottish_terrier_187,datasets/oxford_pets/images/scottish_terrier_187.jpg,31,30,scottish_terrier,2,21,trainval
scottish_terrier_188,datasets/oxford_pets/images/scottish_terrier_188.jpg,31,30,scottish_terrier,2,21,trainval
scottish_terrier_189,datasets/oxford_pets/images/scottish_terrier_189.jpg,31,30,scottish_terrier,2,21,trainval
scottish_terrier_190,datasets/oxford_pets/images/scottish_terrier_190.jpg,31,30,scottish_terrier,2,21,trainval
shiba_inu_10,datasets/oxford_pets/images/shiba_inu_10.jpg,32,31,shiba_inu,2,22,trainval
shiba_inu_100,datasets/oxford_pets/images/shiba_inu_100.jpg,32,31,shiba_inu,2,22,trainval
shiba_inu_101,datasets/oxford_pets/images/shiba_inu_101.jpg,32,31,shiba_inu,2,22,trainval
shiba_inu_102,datasets/oxford_pets/images/shiba_inu_102.jpg,32,31,shiba_inu,2,22,trainval
shiba_inu_103,datasets/oxford_pets/images/shiba_inu_103.jpg,32,31,shiba_inu,2,22,trainval
shiba_inu_104,datasets/oxford_pets/images/shiba_inu_104.jpg,32,31,shiba_inu,2,22,trainval
shiba_inu_106,datasets/oxford_pets/images/shiba_inu_106.jpg,32,31,shiba_inu,2,22,trainval
shiba_inu_107,datasets/oxford_pets/images/shiba_inu_107.jpg,32,31,shiba_inu,2,22,trainval
shiba_inu_108,datasets/oxford_pets/images/shiba_inu_108.jpg,32,31,shiba_inu,2,22,trainval
shiba_inu_109,datasets/oxford_pets/images/shiba_inu_109.jpg,32,31,shiba_inu,2,22,trainval
shiba_inu_11,datasets/oxford_pets/images/shiba_inu_11.jpg,32,31,shiba_inu,2,22,trainval
shiba_inu_110,datasets/oxford_pets/images/shiba_inu_110.jpg,32,31,shiba_inu,2,22,trainval
shiba_inu_111,datasets/oxford_pets/images/shiba_inu_111.jpg,32,31,shiba_inu,2,22,trainval
shiba_inu_113,datasets/oxford_pets/images/shiba_inu_113.jpg,32,31,shiba_inu,2,22,trainval
shiba_inu_114,datasets/oxford_pets/images/shiba_inu_114.jpg,32,31,shiba_inu,2,22,trainval
shiba_inu_115,datasets/oxford_pets/images/shiba_inu_115.jpg,32,31,shiba_inu,2,22,trainval
shiba_inu_116,datasets/oxford_pets/images/shiba_inu_116.jpg,32,31,shiba_inu,2,22,trainval
shiba_inu_118,datasets/oxford_pets/images/shiba_inu_118.jpg,32,31,shiba_inu,2,22,trainval
shiba_inu_119,datasets/oxford_pets/images/shiba_inu_119.jpg,32,31,shiba_inu,2,22,trainval
shiba_inu_12,datasets/oxford_pets/images/shiba_inu_12.jpg,32,31,shiba_inu,2,22,trainval
shiba_inu_121,datasets/oxford_pets/images/shiba_inu_121.jpg,32,31,shiba_inu,2,22,trainval
shiba_inu_123,datasets/oxford_pets/images/shiba_inu_123.jpg,32,31,shiba_inu,2,22,trainval
shiba_inu_124,datasets/oxford_pets/images/shiba_inu_124.jpg,32,31,shiba_inu,2,22,trainval
shiba_inu_125,datasets/oxford_pets/images/shiba_inu_125.jpg,32,31,shiba_inu,2,22,trainval
shiba_inu_126,datasets/oxford_pets/images/shiba_inu_126.jpg,32,31,shiba_inu,2,22,trainval
shiba_inu_128,datasets/oxford_pets/images/shiba_inu_128.jpg,32,31,shiba_inu,2,22,trainval
shiba_inu_129,datasets/oxford_pets/images/shiba_inu_129.jpg,32,31,shiba_inu,2,22,trainval
shiba_inu_13,datasets/oxford_pets/images/shiba_inu_13.jpg,32,31,shiba_inu,2,22,trainval
shiba_inu_130,datasets/oxford_pets/images/shiba_inu_130.jpg,32,31,shiba_inu,2,22,trainval
shiba_inu_132,datasets/oxford_pets/images/shiba_inu_132.jpg,32,31,shiba_inu,2,22,trainval
shiba_inu_133,datasets/oxford_pets/images/shiba_inu_133.jpg,32,31,shiba_inu,2,22,trainval
shiba_inu_135,datasets/oxford_pets/images/shiba_inu_135.jpg,32,31,shiba_inu,2,22,trainval
shiba_inu_137,datasets/oxford_pets/images/shiba_inu_137.jpg,32,31,shiba_inu,2,22,trainval
shiba_inu_139,datasets/oxford_pets/images/shiba_inu_139.jpg,32,31,shiba_inu,2,22,trainval
shiba_inu_14,datasets/oxford_pets/images/shiba_inu_14.jpg,32,31,shiba_inu,2,22,trainval
shiba_inu_140,datasets/oxford_pets/images/shiba_inu_140.jpg,32,31,shiba_inu,2,22,trainval
shiba_inu_141,datasets/oxford_pets/images/shiba_inu_141.jpg,32,31,shiba_inu,2,22,trainval
shiba_inu_143,datasets/oxford_pets/images/shiba_inu_143.jpg,32,31,shiba_inu,2,22,trainval
shiba_inu_144,datasets/oxford_pets/images/shiba_inu_144.jpg,32,31,shiba_inu,2,22,trainval
shiba_inu_145,datasets/oxford_pets/images/shiba_inu_145.jpg,32,31,shiba_inu,2,22,trainval
shiba_inu_146,datasets/oxford_pets/images/shiba_inu_146.jpg,32,31,shiba_inu,2,22,trainval
shiba_inu_147,datasets/oxford_pets/images/shiba_inu_147.jpg,32,31,shiba_inu,2,22,trainval
shiba_inu_150,datasets/oxford_pets/images/shiba_inu_150.jpg,32,31,shiba_inu,2,22,trainval
shiba_inu_152,datasets/oxford_pets/images/shiba_inu_152.jpg,32,31,shiba_inu,2,22,trainval
shiba_inu_153,datasets/oxford_pets/images/shiba_inu_153.jpg,32,31,shiba_inu,2,22,trainval
shiba_inu_154,datasets/oxford_pets/images/shiba_inu_154.jpg,32,31,shiba_inu,2,22,trainval
shiba_inu_155,datasets/oxford_pets/images/shiba_inu_155.jpg,32,31,shiba_inu,2,22,trainval
shiba_inu_156,datasets/oxford_pets/images/shiba_inu_156.jpg,32,31,shiba_inu,2,22,trainval
shiba_inu_158,datasets/oxford_pets/images/shiba_inu_158.jpg,32,31,shiba_inu,2,22,trainval
shiba_inu_159,datasets/oxford_pets/images/shiba_inu_159.jpg,32,31,shiba_inu,2,22,trainval
shiba_inu_16,datasets/oxford_pets/images/shiba_inu_16.jpg,32,31,shiba_inu,2,22,trainval
shiba_inu_160,datasets/oxford_pets/images/shiba_inu_160.jpg,32,31,shiba_inu,2,22,trainval
shiba_inu_161,datasets/oxford_pets/images/shiba_inu_161.jpg,32,31,shiba_inu,2,22,trainval
shiba_inu_162,datasets/oxford_pets/images/shiba_inu_162.jpg,32,31,shiba_inu,2,22,trainval
shiba_inu_163,datasets/oxford_pets/images/shiba_inu_163.jpg,32,31,shiba_inu,2,22,trainval
shiba_inu_164,datasets/oxford_pets/images/shiba_inu_164.jpg,32,31,shiba_inu,2,22,trainval
shiba_inu_165,datasets/oxford_pets/images/shiba_inu_165.jpg,32,31,shiba_inu,2,22,trainval
shiba_inu_166,datasets/oxford_pets/images/shiba_inu_166.jpg,32,31,shiba_inu,2,22,trainval
shiba_inu_168,datasets/oxford_pets/images/shiba_inu_168.jpg,32,31,shiba_inu,2,22,trainval
shiba_inu_171,datasets/oxford_pets/images/shiba_inu_171.jpg,32,31,shiba_inu,2,22,trainval
shiba_inu_172,datasets/oxford_pets/images/shiba_inu_172.jpg,32,31,shiba_inu,2,22,trainval
shiba_inu_173,datasets/oxford_pets/images/shiba_inu_173.jpg,32,31,shiba_inu,2,22,trainval
shiba_inu_174,datasets/oxford_pets/images/shiba_inu_174.jpg,32,31,shiba_inu,2,22,trainval
shiba_inu_175,datasets/oxford_pets/images/shiba_inu_175.jpg,32,31,shiba_inu,2,22,trainval
shiba_inu_177,datasets/oxford_pets/images/shiba_inu_177.jpg,32,31,shiba_inu,2,22,trainval
shiba_inu_178,datasets/oxford_pets/images/shiba_inu_178.jpg,32,31,shiba_inu,2,22,trainval
shiba_inu_179,datasets/oxford_pets/images/shiba_inu_179.jpg,32,31,shiba_inu,2,22,trainval
shiba_inu_18,datasets/oxford_pets/images/shiba_inu_18.jpg,32,31,shiba_inu,2,22,trainval
shiba_inu_181,datasets/oxford_pets/images/shiba_inu_181.jpg,32,31,shiba_inu,2,22,trainval
shiba_inu_183,datasets/oxford_pets/images/shiba_inu_183.jpg,32,31,shiba_inu,2,22,trainval
shiba_inu_185,datasets/oxford_pets/images/shiba_inu_185.jpg,32,31,shiba_inu,2,22,trainval
shiba_inu_186,datasets/oxford_pets/images/shiba_inu_186.jpg,32,31,shiba_inu,2,22,trainval
shiba_inu_187,datasets/oxford_pets/images/shiba_inu_187.jpg,32,31,shiba_inu,2,22,trainval
shiba_inu_189,datasets/oxford_pets/images/shiba_inu_189.jpg,32,31,shiba_inu,2,22,trainval
shiba_inu_19,datasets/oxford_pets/images/shiba_inu_19.jpg,32,31,shiba_inu,2,22,trainval
shiba_inu_191,datasets/oxford_pets/images/shiba_inu_191.jpg,32,31,shiba_inu,2,22,trainval
shiba_inu_192,datasets/oxford_pets/images/shiba_inu_192.jpg,32,31,shiba_inu,2,22,trainval
shiba_inu_194,datasets/oxford_pets/images/shiba_inu_194.jpg,32,31,shiba_inu,2,22,trainval
shiba_inu_195,datasets/oxford_pets/images/shiba_inu_195.jpg,32,31,shiba_inu,2,22,trainval
shiba_inu_198,datasets/oxford_pets/images/shiba_inu_198.jpg,32,31,shiba_inu,2,22,trainval
staffordshire_bull_terrier_10,datasets/oxford_pets/images/staffordshire_bull_terrier_10.jpg,35,34,staffordshire_bull_terrier,2,23,trainval
staffordshire_bull_terrier_100,datasets/oxford_pets/images/staffordshire_bull_terrier_100.jpg,35,34,staffordshire_bull_terrier,2,23,trainval
staffordshire_bull_terrier_101,datasets/oxford_pets/images/staffordshire_bull_terrier_101.jpg,35,34,staffordshire_bull_terrier,2,23,trainval
staffordshire_bull_terrier_102,datasets/oxford_pets/images/staffordshire_bull_terrier_102.jpg,35,34,staffordshire_bull_terrier,2,23,trainval
staffordshire_bull_terrier_104,datasets/oxford_pets/images/staffordshire_bull_terrier_104.jpg,35,34,staffordshire_bull_terrier,2,23,trainval
staffordshire_bull_terrier_106,datasets/oxford_pets/images/staffordshire_bull_terrier_106.jpg,35,34,staffordshire_bull_terrier,2,23,trainval
staffordshire_bull_terrier_107,datasets/oxford_pets/images/staffordshire_bull_terrier_107.jpg,35,34,staffordshire_bull_terrier,2,23,trainval
staffordshire_bull_terrier_108,datasets/oxford_pets/images/staffordshire_bull_terrier_108.jpg,35,34,staffordshire_bull_terrier,2,23,trainval
staffordshire_bull_terrier_109,datasets/oxford_pets/images/staffordshire_bull_terrier_109.jpg,35,34,staffordshire_bull_terrier,2,23,trainval
staffordshire_bull_terrier_11,datasets/oxford_pets/images/staffordshire_bull_terrier_11.jpg,35,34,staffordshire_bull_terrier,2,23,trainval
staffordshire_bull_terrier_110,datasets/oxford_pets/images/staffordshire_bull_terrier_110.jpg,35,34,staffordshire_bull_terrier,2,23,trainval
staffordshire_bull_terrier_111,datasets/oxford_pets/images/staffordshire_bull_terrier_111.jpg,35,34,staffordshire_bull_terrier,2,23,trainval
staffordshire_bull_terrier_112,datasets/oxford_pets/images/staffordshire_bull_terrier_112.jpg,35,34,staffordshire_bull_terrier,2,23,trainval
staffordshire_bull_terrier_114,datasets/oxford_pets/images/staffordshire_bull_terrier_114.jpg,35,34,staffordshire_bull_terrier,2,23,trainval
staffordshire_bull_terrier_115,datasets/oxford_pets/images/staffordshire_bull_terrier_115.jpg,35,34,staffordshire_bull_terrier,2,23,trainval
staffordshire_bull_terrier_116,datasets/oxford_pets/images/staffordshire_bull_terrier_116.jpg,35,34,staffordshire_bull_terrier,2,23,trainval
staffordshire_bull_terrier_117,datasets/oxford_pets/images/staffordshire_bull_terrier_117.jpg,35,34,staffordshire_bull_terrier,2,23,trainval
staffordshire_bull_terrier_118,datasets/oxford_pets/images/staffordshire_bull_terrier_118.jpg,35,34,staffordshire_bull_terrier,2,23,trainval
staffordshire_bull_terrier_119,datasets/oxford_pets/images/staffordshire_bull_terrier_119.jpg,35,34,staffordshire_bull_terrier,2,23,trainval
staffordshire_bull_terrier_12,datasets/oxford_pets/images/staffordshire_bull_terrier_12.jpg,35,34,staffordshire_bull_terrier,2,23,trainval
staffordshire_bull_terrier_120,datasets/oxford_pets/images/staffordshire_bull_terrier_120.jpg,35,34,staffordshire_bull_terrier,2,23,trainval
staffordshire_bull_terrier_121,datasets/oxford_pets/images/staffordshire_bull_terrier_121.jpg,35,34,staffordshire_bull_terrier,2,23,trainval
staffordshire_bull_terrier_122,datasets/oxford_pets/images/staffordshire_bull_terrier_122.jpg,35,34,staffordshire_bull_terrier,2,23,trainval
staffordshire_bull_terrier_125,datasets/oxford_pets/images/staffordshire_bull_terrier_125.jpg,35,34,staffordshire_bull_terrier,2,23,trainval
staffordshire_bull_terrier_126,datasets/oxford_pets/images/staffordshire_bull_terrier_126.jpg,35,34,staffordshire_bull_terrier,2,23,trainval
staffordshire_bull_terrier_128,datasets/oxford_pets/images/staffordshire_bull_terrier_128.jpg,35,34,staffordshire_bull_terrier,2,23,trainval
staffordshire_bull_terrier_129,datasets/oxford_pets/images/staffordshire_bull_terrier_129.jpg,35,34,staffordshire_bull_terrier,2,23,trainval
staffordshire_bull_terrier_13,datasets/oxford_pets/images/staffordshire_bull_terrier_13.jpg,35,34,staffordshire_bull_terrier,2,23,trainval
staffordshire_bull_terrier_130,datasets/oxford_pets/images/staffordshire_bull_terrier_130.jpg,35,34,staffordshire_bull_terrier,2,23,trainval
staffordshire_bull_terrier_131,datasets/oxford_pets/images/staffordshire_bull_terrier_131.jpg,35,34,staffordshire_bull_terrier,2,23,trainval
staffordshire_bull_terrier_132,datasets/oxford_pets/images/staffordshire_bull_terrier_132.jpg,35,34,staffordshire_bull_terrier,2,23,trainval
staffordshire_bull_terrier_133,datasets/oxford_pets/images/staffordshire_bull_terrier_133.jpg,35,34,staffordshire_bull_terrier,2,23,trainval
staffordshire_bull_terrier_134,datasets/oxford_pets/images/staffordshire_bull_terrier_134.jpg,35,34,staffordshire_bull_terrier,2,23,trainval
staffordshire_bull_terrier_135,datasets/oxford_pets/images/staffordshire_bull_terrier_135.jpg,35,34,staffordshire_bull_terrier,2,23,trainval
staffordshire_bull_terrier_136,datasets/oxford_pets/images/staffordshire_bull_terrier_136.jpg,35,34,staffordshire_bull_terrier,2,23,trainval
staffordshire_bull_terrier_137,datasets/oxford_pets/images/staffordshire_bull_terrier_137.jpg,35,34,staffordshire_bull_terrier,2,23,trainval
staffordshire_bull_terrier_138,datasets/oxford_pets/images/staffordshire_bull_terrier_138.jpg,35,34,staffordshire_bull_terrier,2,23,trainval
staffordshire_bull_terrier_139,datasets/oxford_pets/images/staffordshire_bull_terrier_139.jpg,35,34,staffordshire_bull_terrier,2,23,trainval
staffordshire_bull_terrier_14,datasets/oxford_pets/images/staffordshire_bull_terrier_14.jpg,35,34,staffordshire_bull_terrier,2,23,trainval
staffordshire_bull_terrier_143,datasets/oxford_pets/images/staffordshire_bull_terrier_143.jpg,35,34,staffordshire_bull_terrier,2,23,trainval
staffordshire_bull_terrier_144,datasets/oxford_pets/images/staffordshire_bull_terrier_144.jpg,35,34,staffordshire_bull_terrier,2,23,trainval
staffordshire_bull_terrier_145,datasets/oxford_pets/images/staffordshire_bull_terrier_145.jpg,35,34,staffordshire_bull_terrier,2,23,trainval
staffordshire_bull_terrier_15,datasets/oxford_pets/images/staffordshire_bull_terrier_15.jpg,35,34,staffordshire_bull_terrier,2,23,trainval
staffordshire_bull_terrier_150,datasets/oxford_pets/images/staffordshire_bull_terrier_150.jpg,35,34,staffordshire_bull_terrier,2,23,trainval
staffordshire_bull_terrier_151,datasets/oxford_pets/images/staffordshire_bull_terrier_151.jpg,35,34,staffordshire_bull_terrier,2,23,trainval
staffordshire_bull_terrier_152,datasets/oxford_pets/images/staffordshire_bull_terrier_152.jpg,35,34,staffordshire_bull_terrier,2,23,trainval
staffordshire_bull_terrier_154,datasets/oxford_pets/images/staffordshire_bull_terrier_154.jpg,35,34,staffordshire_bull_terrier,2,23,trainval
staffordshire_bull_terrier_155,datasets/oxford_pets/images/staffordshire_bull_terrier_155.jpg,35,34,staffordshire_bull_terrier,2,23,trainval
staffordshire_bull_terrier_156,datasets/oxford_pets/images/staffordshire_bull_terrier_156.jpg,35,34,staffordshire_bull_terrier,2,23,trainval
staffordshire_bull_terrier_159,datasets/oxford_pets/images/staffordshire_bull_terrier_159.jpg,35,34,staffordshire_bull_terrier,2,23,trainval
staffordshire_bull_terrier_16,datasets/oxford_pets/images/staffordshire_bull_terrier_16.jpg,35,34,staffordshire_bull_terrier,2,23,trainval
staffordshire_bull_terrier_160,datasets/oxford_pets/images/staffordshire_bull_terrier_160.jpg,35,34,staffordshire_bull_terrier,2,23,trainval
staffordshire_bull_terrier_162,datasets/oxford_pets/images/staffordshire_bull_terrier_162.jpg,35,34,staffordshire_bull_terrier,2,23,trainval
staffordshire_bull_terrier_165,datasets/oxford_pets/images/staffordshire_bull_terrier_165.jpg,35,34,staffordshire_bull_terrier,2,23,trainval
staffordshire_bull_terrier_166,datasets/oxford_pets/images/staffordshire_bull_terrier_166.jpg,35,34,staffordshire_bull_terrier,2,23,trainval
staffordshire_bull_terrier_168,datasets/oxford_pets/images/staffordshire_bull_terrier_168.jpg,35,34,staffordshire_bull_terrier,2,23,trainval
staffordshire_bull_terrier_17,datasets/oxford_pets/images/staffordshire_bull_terrier_17.jpg,35,34,staffordshire_bull_terrier,2,23,trainval
staffordshire_bull_terrier_170,datasets/oxford_pets/images/staffordshire_bull_terrier_170.jpg,35,34,staffordshire_bull_terrier,2,23,trainval
staffordshire_bull_terrier_171,datasets/oxford_pets/images/staffordshire_bull_terrier_171.jpg,35,34,staffordshire_bull_terrier,2,23,trainval
staffordshire_bull_terrier_172,datasets/oxford_pets/images/staffordshire_bull_terrier_172.jpg,35,34,staffordshire_bull_terrier,2,23,trainval
staffordshire_bull_terrier_173,datasets/oxford_pets/images/staffordshire_bull_terrier_173.jpg,35,34,staffordshire_bull_terrier,2,23,trainval
staffordshire_bull_terrier_175,datasets/oxford_pets/images/staffordshire_bull_terrier_175.jpg,35,34,staffordshire_bull_terrier,2,23,trainval
staffordshire_bull_terrier_176,datasets/oxford_pets/images/staffordshire_bull_terrier_176.jpg,35,34,staffordshire_bull_terrier,2,23,trainval
staffordshire_bull_terrier_177,datasets/oxford_pets/images/staffordshire_bull_terrier_177.jpg,35,34,staffordshire_bull_terrier,2,23,trainval
staffordshire_bull_terrier_179,datasets/oxford_pets/images/staffordshire_bull_terrier_179.jpg,35,34,staffordshire_bull_terrier,2,23,trainval
staffordshire_bull_terrier_18,datasets/oxford_pets/images/staffordshire_bull_terrier_18.jpg,35,34,staffordshire_bull_terrier,2,23,trainval
staffordshire_bull_terrier_180,datasets/oxford_pets/images/staffordshire_bull_terrier_180.jpg,35,34,staffordshire_bull_terrier,2,23,trainval
staffordshire_bull_terrier_181,datasets/oxford_pets/images/staffordshire_bull_terrier_181.jpg,35,34,staffordshire_bull_terrier,2,23,trainval
staffordshire_bull_terrier_183,datasets/oxford_pets/images/staffordshire_bull_terrier_183.jpg,35,34,staffordshire_bull_terrier,2,23,trainval
staffordshire_bull_terrier_184,datasets/oxford_pets/images/staffordshire_bull_terrier_184.jpg,35,34,staffordshire_bull_terrier,2,23,trainval
staffordshire_bull_terrier_185,datasets/oxford_pets/images/staffordshire_bull_terrier_185.jpg,35,34,staffordshire_bull_terrier,2,23,trainval
staffordshire_bull_terrier_186,datasets/oxford_pets/images/staffordshire_bull_terrier_186.jpg,35,34,staffordshire_bull_terrier,2,23,trainval
staffordshire_bull_terrier_188,datasets/oxford_pets/images/staffordshire_bull_terrier_188.jpg,35,34,staffordshire_bull_terrier,2,23,trainval
staffordshire_bull_terrier_190,datasets/oxford_pets/images/staffordshire_bull_terrier_190.jpg,35,34,staffordshire_bull_terrier,2,23,trainval
staffordshire_bull_terrier_191,datasets/oxford_pets/images/staffordshire_bull_terrier_191.jpg,35,34,staffordshire_bull_terrier,2,23,trainval
staffordshire_bull_terrier_192,datasets/oxford_pets/images/staffordshire_bull_terrier_192.jpg,35,34,staffordshire_bull_terrier,2,23,trainval
staffordshire_bull_terrier_194,datasets/oxford_pets/images/staffordshire_bull_terrier_194.jpg,35,34,staffordshire_bull_terrier,2,23,trainval
staffordshire_bull_terrier_195,datasets/oxford_pets/images/staffordshire_bull_terrier_195.jpg,35,34,staffordshire_bull_terrier,2,23,trainval
staffordshire_bull_terrier_197,datasets/oxford_pets/images/staffordshire_bull_terrier_197.jpg,35,34,staffordshire_bull_terrier,2,23,trainval
staffordshire_bull_terrier_199,datasets/oxford_pets/images/staffordshire_bull_terrier_199.jpg,35,34,staffordshire_bull_terrier,2,23,trainval
wheaten_terrier_10,datasets/oxford_pets/images/wheaten_terrier_10.jpg,36,35,wheaten_terrier,2,24,trainval
wheaten_terrier_100,datasets/oxford_pets/images/wheaten_terrier_100.jpg,36,35,wheaten_terrier,2,24,trainval
wheaten_terrier_101,datasets/oxford_pets/images/wheaten_terrier_101.jpg,36,35,wheaten_terrier,2,24,trainval
wheaten_terrier_102,datasets/oxford_pets/images/wheaten_terrier_102.jpg,36,35,wheaten_terrier,2,24,trainval
wheaten_terrier_103,datasets/oxford_pets/images/wheaten_terrier_103.jpg,36,35,wheaten_terrier,2,24,trainval
wheaten_terrier_104,datasets/oxford_pets/images/wheaten_terrier_104.jpg,36,35,wheaten_terrier,2,24,trainval
wheaten_terrier_105,datasets/oxford_pets/images/wheaten_terrier_105.jpg,36,35,wheaten_terrier,2,24,trainval
wheaten_terrier_106,datasets/oxford_pets/images/wheaten_terrier_106.jpg,36,35,wheaten_terrier,2,24,trainval
wheaten_terrier_107,datasets/oxford_pets/images/wheaten_terrier_107.jpg,36,35,wheaten_terrier,2,24,trainval
wheaten_terrier_108,datasets/oxford_pets/images/wheaten_terrier_108.jpg,36,35,wheaten_terrier,2,24,trainval
wheaten_terrier_109,datasets/oxford_pets/images/wheaten_terrier_109.jpg,36,35,wheaten_terrier,2,24,trainval
wheaten_terrier_11,datasets/oxford_pets/images/wheaten_terrier_11.jpg,36,35,wheaten_terrier,2,24,trainval
wheaten_terrier_110,datasets/oxford_pets/images/wheaten_terrier_110.jpg,36,35,wheaten_terrier,2,24,trainval
wheaten_terrier_111,datasets/oxford_pets/images/wheaten_terrier_111.jpg,36,35,wheaten_terrier,2,24,trainval
wheaten_terrier_112,datasets/oxford_pets/images/wheaten_terrier_112.jpg,36,35,wheaten_terrier,2,24,trainval
wheaten_terrier_114,datasets/oxford_pets/images/wheaten_terrier_114.jpg,36,35,wheaten_terrier,2,24,trainval
wheaten_terrier_115,datasets/oxford_pets/images/wheaten_terrier_115.jpg,36,35,wheaten_terrier,2,24,trainval
wheaten_terrier_116,datasets/oxford_pets/images/wheaten_terrier_116.jpg,36,35,wheaten_terrier,2,24,trainval
wheaten_terrier_118,datasets/oxford_pets/images/wheaten_terrier_118.jpg,36,35,wheaten_terrier,2,24,trainval
wheaten_terrier_119,datasets/oxford_pets/images/wheaten_terrier_119.jpg,36,35,wheaten_terrier,2,24,trainval
wheaten_terrier_121,datasets/oxford_pets/images/wheaten_terrier_121.jpg,36,35,wheaten_terrier,2,24,trainval
wheaten_terrier_122,datasets/oxford_pets/images/wheaten_terrier_122.jpg,36,35,wheaten_terrier,2,24,trainval
wheaten_terrier_125,datasets/oxford_pets/images/wheaten_terrier_125.jpg,36,35,wheaten_terrier,2,24,trainval
wheaten_terrier_126,datasets/oxford_pets/images/wheaten_terrier_126.jpg,36,35,wheaten_terrier,2,24,trainval
wheaten_terrier_127,datasets/oxford_pets/images/wheaten_terrier_127.jpg,36,35,wheaten_terrier,2,24,trainval
wheaten_terrier_128,datasets/oxford_pets/images/wheaten_terrier_128.jpg,36,35,wheaten_terrier,2,24,trainval
wheaten_terrier_129,datasets/oxford_pets/images/wheaten_terrier_129.jpg,36,35,wheaten_terrier,2,24,trainval
wheaten_terrier_13,datasets/oxford_pets/images/wheaten_terrier_13.jpg,36,35,wheaten_terrier,2,24,trainval
wheaten_terrier_130,datasets/oxford_pets/images/wheaten_terrier_130.jpg,36,35,wheaten_terrier,2,24,trainval
wheaten_terrier_131,datasets/oxford_pets/images/wheaten_terrier_131.jpg,36,35,wheaten_terrier,2,24,trainval
wheaten_terrier_132,datasets/oxford_pets/images/wheaten_terrier_132.jpg,36,35,wheaten_terrier,2,24,trainval
wheaten_terrier_133,datasets/oxford_pets/images/wheaten_terrier_133.jpg,36,35,wheaten_terrier,2,24,trainval
wheaten_terrier_134,datasets/oxford_pets/images/wheaten_terrier_134.jpg,36,35,wheaten_terrier,2,24,trainval
wheaten_terrier_135,datasets/oxford_pets/images/wheaten_terrier_135.jpg,36,35,wheaten_terrier,2,24,trainval
wheaten_terrier_136,datasets/oxford_pets/images/wheaten_terrier_136.jpg,36,35,wheaten_terrier,2,24,trainval
wheaten_terrier_137,datasets/oxford_pets/images/wheaten_terrier_137.jpg,36,35,wheaten_terrier,2,24,trainval
wheaten_terrier_138,datasets/oxford_pets/images/wheaten_terrier_138.jpg,36,35,wheaten_terrier,2,24,trainval
wheaten_terrier_139,datasets/oxford_pets/images/wheaten_terrier_139.jpg,36,35,wheaten_terrier,2,24,trainval
wheaten_terrier_140,datasets/oxford_pets/images/wheaten_terrier_140.jpg,36,35,wheaten_terrier,2,24,trainval
wheaten_terrier_141,datasets/oxford_pets/images/wheaten_terrier_141.jpg,36,35,wheaten_terrier,2,24,trainval
wheaten_terrier_142,datasets/oxford_pets/images/wheaten_terrier_142.jpg,36,35,wheaten_terrier,2,24,trainval
wheaten_terrier_144,datasets/oxford_pets/images/wheaten_terrier_144.jpg,36,35,wheaten_terrier,2,24,trainval
wheaten_terrier_145,datasets/oxford_pets/images/wheaten_terrier_145.jpg,36,35,wheaten_terrier,2,24,trainval
wheaten_terrier_149,datasets/oxford_pets/images/wheaten_terrier_149.jpg,36,35,wheaten_terrier,2,24,trainval
wheaten_terrier_15,datasets/oxford_pets/images/wheaten_terrier_15.jpg,36,35,wheaten_terrier,2,24,trainval
wheaten_terrier_150,datasets/oxford_pets/images/wheaten_terrier_150.jpg,36,35,wheaten_terrier,2,24,trainval
wheaten_terrier_151,datasets/oxford_pets/images/wheaten_terrier_151.jpg,36,35,wheaten_terrier,2,24,trainval
wheaten_terrier_152,datasets/oxford_pets/images/wheaten_terrier_152.jpg,36,35,wheaten_terrier,2,24,trainval
wheaten_terrier_153,datasets/oxford_pets/images/wheaten_terrier_153.jpg,36,35,wheaten_terrier,2,24,trainval
wheaten_terrier_154,datasets/oxford_pets/images/wheaten_terrier_154.jpg,36,35,wheaten_terrier,2,24,trainval
wheaten_terrier_155,datasets/oxford_pets/images/wheaten_terrier_155.jpg,36,35,wheaten_terrier,2,24,trainval
wheaten_terrier_157,datasets/oxford_pets/images/wheaten_terrier_157.jpg,36,35,wheaten_terrier,2,24,trainval
wheaten_terrier_159,datasets/oxford_pets/images/wheaten_terrier_159.jpg,36,35,wheaten_terrier,2,24,trainval
wheaten_terrier_16,datasets/oxford_pets/images/wheaten_terrier_16.jpg,36,35,wheaten_terrier,2,24,trainval
wheaten_terrier_160,datasets/oxford_pets/images/wheaten_terrier_160.jpg,36,35,wheaten_terrier,2,24,trainval
wheaten_terrier_161,datasets/oxford_pets/images/wheaten_terrier_161.jpg,36,35,wheaten_terrier,2,24,trainval
wheaten_terrier_162,datasets/oxford_pets/images/wheaten_terrier_162.jpg,36,35,wheaten_terrier,2,24,trainval
wheaten_terrier_164,datasets/oxford_pets/images/wheaten_terrier_164.jpg,36,35,wheaten_terrier,2,24,trainval
wheaten_terrier_165,datasets/oxford_pets/images/wheaten_terrier_165.jpg,36,35,wheaten_terrier,2,24,trainval
wheaten_terrier_166,datasets/oxford_pets/images/wheaten_terrier_166.jpg,36,35,wheaten_terrier,2,24,trainval
wheaten_terrier_167,datasets/oxford_pets/images/wheaten_terrier_167.jpg,36,35,wheaten_terrier,2,24,trainval
wheaten_terrier_169,datasets/oxford_pets/images/wheaten_terrier_169.jpg,36,35,wheaten_terrier,2,24,trainval
wheaten_terrier_171,datasets/oxford_pets/images/wheaten_terrier_171.jpg,36,35,wheaten_terrier,2,24,trainval
wheaten_terrier_172,datasets/oxford_pets/images/wheaten_terrier_172.jpg,36,35,wheaten_terrier,2,24,trainval
wheaten_terrier_174,datasets/oxford_pets/images/wheaten_terrier_174.jpg,36,35,wheaten_terrier,2,24,trainval
wheaten_terrier_175,datasets/oxford_pets/images/wheaten_terrier_175.jpg,36,35,wheaten_terrier,2,24,trainval
wheaten_terrier_176,datasets/oxford_pets/images/wheaten_terrier_176.jpg,36,35,wheaten_terrier,2,24,trainval
wheaten_terrier_177,datasets/oxford_pets/images/wheaten_terrier_177.jpg,36,35,wheaten_terrier,2,24,trainval
wheaten_terrier_178,datasets/oxford_pets/images/wheaten_terrier_178.jpg,36,35,wheaten_terrier,2,24,trainval
wheaten_terrier_179,datasets/oxford_pets/images/wheaten_terrier_179.jpg,36,35,wheaten_terrier,2,24,trainval
wheaten_terrier_18,datasets/oxford_pets/images/wheaten_terrier_18.jpg,36,35,wheaten_terrier,2,24,trainval
wheaten_terrier_180,datasets/oxford_pets/images/wheaten_terrier_180.jpg,36,35,wheaten_terrier,2,24,trainval
wheaten_terrier_181,datasets/oxford_pets/images/wheaten_terrier_181.jpg,36,35,wheaten_terrier,2,24,trainval
wheaten_terrier_182,datasets/oxford_pets/images/wheaten_terrier_182.jpg,36,35,wheaten_terrier,2,24,trainval
wheaten_terrier_183,datasets/oxford_pets/images/wheaten_terrier_183.jpg,36,35,wheaten_terrier,2,24,trainval
wheaten_terrier_185,datasets/oxford_pets/images/wheaten_terrier_185.jpg,36,35,wheaten_terrier,2,24,trainval
wheaten_terrier_186,datasets/oxford_pets/images/wheaten_terrier_186.jpg,36,35,wheaten_terrier,2,24,trainval
wheaten_terrier_188,datasets/oxford_pets/images/wheaten_terrier_188.jpg,36,35,wheaten_terrier,2,24,trainval
wheaten_terrier_189,datasets/oxford_pets/images/wheaten_terrier_189.jpg,36,35,wheaten_terrier,2,24,trainval
wheaten_terrier_190,datasets/oxford_pets/images/wheaten_terrier_190.jpg,36,35,wheaten_terrier,2,24,trainval
yorkshire_terrier_10,datasets/oxford_pets/images/yorkshire_terrier_10.jpg,37,36,yorkshire_terrier,2,25,trainval
yorkshire_terrier_100,datasets/oxford_pets/images/yorkshire_terrier_100.jpg,37,36,yorkshire_terrier,2,25,trainval
yorkshire_terrier_101,datasets/oxford_pets/images/yorkshire_terrier_101.jpg,37,36,yorkshire_terrier,2,25,trainval
yorkshire_terrier_102,datasets/oxford_pets/images/yorkshire_terrier_102.jpg,37,36,yorkshire_terrier,2,25,trainval
yorkshire_terrier_103,datasets/oxford_pets/images/yorkshire_terrier_103.jpg,37,36,yorkshire_terrier,2,25,trainval
yorkshire_terrier_104,datasets/oxford_pets/images/yorkshire_terrier_104.jpg,37,36,yorkshire_terrier,2,25,trainval
yorkshire_terrier_105,datasets/oxford_pets/images/yorkshire_terrier_105.jpg,37,36,yorkshire_terrier,2,25,trainval
yorkshire_terrier_106,datasets/oxford_pets/images/yorkshire_terrier_106.jpg,37,36,yorkshire_terrier,2,25,trainval
yorkshire_terrier_108,datasets/oxford_pets/images/yorkshire_terrier_108.jpg,37,36,yorkshire_terrier,2,25,trainval
yorkshire_terrier_109,datasets/oxford_pets/images/yorkshire_terrier_109.jpg,37,36,yorkshire_terrier,2,25,trainval
yorkshire_terrier_11,datasets/oxford_pets/images/yorkshire_terrier_11.jpg,37,36,yorkshire_terrier,2,25,trainval
yorkshire_terrier_110,datasets/oxford_pets/images/yorkshire_terrier_110.jpg,37,36,yorkshire_terrier,2,25,trainval
yorkshire_terrier_112,datasets/oxford_pets/images/yorkshire_terrier_112.jpg,37,36,yorkshire_terrier,2,25,trainval
yorkshire_terrier_113,datasets/oxford_pets/images/yorkshire_terrier_113.jpg,37,36,yorkshire_terrier,2,25,trainval
yorkshire_terrier_116,datasets/oxford_pets/images/yorkshire_terrier_116.jpg,37,36,yorkshire_terrier,2,25,trainval
yorkshire_terrier_117,datasets/oxford_pets/images/yorkshire_terrier_117.jpg,37,36,yorkshire_terrier,2,25,trainval
yorkshire_terrier_118,datasets/oxford_pets/images/yorkshire_terrier_118.jpg,37,36,yorkshire_terrier,2,25,trainval
yorkshire_terrier_119,datasets/oxford_pets/images/yorkshire_terrier_119.jpg,37,36,yorkshire_terrier,2,25,trainval
yorkshire_terrier_12,datasets/oxford_pets/images/yorkshire_terrier_12.jpg,37,36,yorkshire_terrier,2,25,trainval
yorkshire_terrier_120,datasets/oxford_pets/images/yorkshire_terrier_120.jpg,37,36,yorkshire_terrier,2,25,trainval
yorkshire_terrier_121,datasets/oxford_pets/images/yorkshire_terrier_121.jpg,37,36,yorkshire_terrier,2,25,trainval
yorkshire_terrier_122,datasets/oxford_pets/images/yorkshire_terrier_122.jpg,37,36,yorkshire_terrier,2,25,trainval
yorkshire_terrier_123,datasets/oxford_pets/images/yorkshire_terrier_123.jpg,37,36,yorkshire_terrier,2,25,trainval
yorkshire_terrier_124,datasets/oxford_pets/images/yorkshire_terrier_124.jpg,37,36,yorkshire_terrier,2,25,trainval
yorkshire_terrier_125,datasets/oxford_pets/images/yorkshire_terrier_125.jpg,37,36,yorkshire_terrier,2,25,trainval
yorkshire_terrier_126,datasets/oxford_pets/images/yorkshire_terrier_126.jpg,37,36,yorkshire_terrier,2,25,trainval
yorkshire_terrier_127,datasets/oxford_pets/images/yorkshire_terrier_127.jpg,37,36,yorkshire_terrier,2,25,trainval
yorkshire_terrier_129,datasets/oxford_pets/images/yorkshire_terrier_129.jpg,37,36,yorkshire_terrier,2,25,trainval
yorkshire_terrier_13,datasets/oxford_pets/images/yorkshire_terrier_13.jpg,37,36,yorkshire_terrier,2,25,trainval
yorkshire_terrier_131,datasets/oxford_pets/images/yorkshire_terrier_131.jpg,37,36,yorkshire_terrier,2,25,trainval
yorkshire_terrier_132,datasets/oxford_pets/images/yorkshire_terrier_132.jpg,37,36,yorkshire_terrier,2,25,trainval
yorkshire_terrier_133,datasets/oxford_pets/images/yorkshire_terrier_133.jpg,37,36,yorkshire_terrier,2,25,trainval
yorkshire_terrier_134,datasets/oxford_pets/images/yorkshire_terrier_134.jpg,37,36,yorkshire_terrier,2,25,trainval
yorkshire_terrier_137,datasets/oxford_pets/images/yorkshire_terrier_137.jpg,37,36,yorkshire_terrier,2,25,trainval
yorkshire_terrier_138,datasets/oxford_pets/images/yorkshire_terrier_138.jpg,37,36,yorkshire_terrier,2,25,trainval
yorkshire_terrier_139,datasets/oxford_pets/images/yorkshire_terrier_139.jpg,37,36,yorkshire_terrier,2,25,trainval
yorkshire_terrier_140,datasets/oxford_pets/images/yorkshire_terrier_140.jpg,37,36,yorkshire_terrier,2,25,trainval
yorkshire_terrier_141,datasets/oxford_pets/images/yorkshire_terrier_141.jpg,37,36,yorkshire_terrier,2,25,trainval
yorkshire_terrier_142,datasets/oxford_pets/images/yorkshire_terrier_142.jpg,37,36,yorkshire_terrier,2,25,trainval
yorkshire_terrier_143,datasets/oxford_pets/images/yorkshire_terrier_143.jpg,37,36,yorkshire_terrier,2,25,trainval
yorkshire_terrier_144,datasets/oxford_pets/images/yorkshire_terrier_144.jpg,37,36,yorkshire_terrier,2,25,trainval
yorkshire_terrier_145,datasets/oxford_pets/images/yorkshire_terrier_145.jpg,37,36,yorkshire_terrier,2,25,trainval
yorkshire_terrier_146,datasets/oxford_pets/images/yorkshire_terrier_146.jpg,37,36,yorkshire_terrier,2,25,trainval
yorkshire_terrier_147,datasets/oxford_pets/images/yorkshire_terrier_147.jpg,37,36,yorkshire_terrier,2,25,trainval
yorkshire_terrier_148,datasets/oxford_pets/images/yorkshire_terrier_148.jpg,37,36,yorkshire_terrier,2,25,trainval
yorkshire_terrier_149,datasets/oxford_pets/images/yorkshire_terrier_149.jpg,37,36,yorkshire_terrier,2,25,trainval
yorkshire_terrier_151,datasets/oxford_pets/images/yorkshire_terrier_151.jpg,37,36,yorkshire_terrier,2,25,trainval
yorkshire_terrier_152,datasets/oxford_pets/images/yorkshire_terrier_152.jpg,37,36,yorkshire_terrier,2,25,trainval
yorkshire_terrier_153,datasets/oxford_pets/images/yorkshire_terrier_153.jpg,37,36,yorkshire_terrier,2,25,trainval
yorkshire_terrier_156,datasets/oxford_pets/images/yorkshire_terrier_156.jpg,37,36,yorkshire_terrier,2,25,trainval
yorkshire_terrier_157,datasets/oxford_pets/images/yorkshire_terrier_157.jpg,37,36,yorkshire_terrier,2,25,trainval
yorkshire_terrier_158,datasets/oxford_pets/images/yorkshire_terrier_158.jpg,37,36,yorkshire_terrier,2,25,trainval
yorkshire_terrier_159,datasets/oxford_pets/images/yorkshire_terrier_159.jpg,37,36,yorkshire_terrier,2,25,trainval
yorkshire_terrier_16,datasets/oxford_pets/images/yorkshire_terrier_16.jpg,37,36,yorkshire_terrier,2,25,trainval
yorkshire_terrier_161,datasets/oxford_pets/images/yorkshire_terrier_161.jpg,37,36,yorkshire_terrier,2,25,trainval
yorkshire_terrier_162,datasets/oxford_pets/images/yorkshire_terrier_162.jpg,37,36,yorkshire_terrier,2,25,trainval
yorkshire_terrier_163,datasets/oxford_pets/images/yorkshire_terrier_163.jpg,37,36,yorkshire_terrier,2,25,trainval
yorkshire_terrier_164,datasets/oxford_pets/images/yorkshire_terrier_164.jpg,37,36,yorkshire_terrier,2,25,trainval
yorkshire_terrier_165,datasets/oxford_pets/images/yorkshire_terrier_165.jpg,37,36,yorkshire_terrier,2,25,trainval
yorkshire_terrier_166,datasets/oxford_pets/images/yorkshire_terrier_166.jpg,37,36,yorkshire_terrier,2,25,trainval
yorkshire_terrier_167,datasets/oxford_pets/images/yorkshire_terrier_167.jpg,37,36,yorkshire_terrier,2,25,trainval
yorkshire_terrier_168,datasets/oxford_pets/images/yorkshire_terrier_168.jpg,37,36,yorkshire_terrier,2,25,trainval
yorkshire_terrier_169,datasets/oxford_pets/images/yorkshire_terrier_169.jpg,37,36,yorkshire_terrier,2,25,trainval
yorkshire_terrier_17,datasets/oxford_pets/images/yorkshire_terrier_17.jpg,37,36,yorkshire_terrier,2,25,trainval
yorkshire_terrier_171,datasets/oxford_pets/images/yorkshire_terrier_171.jpg,37,36,yorkshire_terrier,2,25,trainval
yorkshire_terrier_172,datasets/oxford_pets/images/yorkshire_terrier_172.jpg,37,36,yorkshire_terrier,2,25,trainval
yorkshire_terrier_173,datasets/oxford_pets/images/yorkshire_terrier_173.jpg,37,36,yorkshire_terrier,2,25,trainval
yorkshire_terrier_174,datasets/oxford_pets/images/yorkshire_terrier_174.jpg,37,36,yorkshire_terrier,2,25,trainval
yorkshire_terrier_176,datasets/oxford_pets/images/yorkshire_terrier_176.jpg,37,36,yorkshire_terrier,2,25,trainval
yorkshire_terrier_177,datasets/oxford_pets/images/yorkshire_terrier_177.jpg,37,36,yorkshire_terrier,2,25,trainval
yorkshire_terrier_178,datasets/oxford_pets/images/yorkshire_terrier_178.jpg,37,36,yorkshire_terrier,2,25,trainval
yorkshire_terrier_179,datasets/oxford_pets/images/yorkshire_terrier_179.jpg,37,36,yorkshire_terrier,2,25,trainval
yorkshire_terrier_18,datasets/oxford_pets/images/yorkshire_terrier_18.jpg,37,36,yorkshire_terrier,2,25,trainval
yorkshire_terrier_180,datasets/oxford_pets/images/yorkshire_terrier_180.jpg,37,36,yorkshire_terrier,2,25,trainval
yorkshire_terrier_181,datasets/oxford_pets/images/yorkshire_terrier_181.jpg,37,36,yorkshire_terrier,2,25,trainval
yorkshire_terrier_183,datasets/oxford_pets/images/yorkshire_terrier_183.jpg,37,36,yorkshire_terrier,2,25,trainval
yorkshire_terrier_184,datasets/oxford_pets/images/yorkshire_terrier_184.jpg,37,36,yorkshire_terrier,2,25,trainval
yorkshire_terrier_186,datasets/oxford_pets/images/yorkshire_terrier_186.jpg,37,36,yorkshire_terrier,2,25,trainval
yorkshire_terrier_187,datasets/oxford_pets/images/yorkshire_terrier_187.jpg,37,36,yorkshire_terrier,2,25,trainval
yorkshire_terrier_190,datasets/oxford_pets/images/yorkshire_terrier_190.jpg,37,36,yorkshire_terrier,2,25,trainval
