split,sample_key,label
train,row-72,0
train,row-150,2
train,row-172,0
train,row-211,0
train,row-223,0
train,row-227,0
train,row-235,2
train,row-247,0
train,row-264,0
train,row-316,2
train,row-368,2
train,row-370,0
train,row-392,0
train,row-419,0
train,row-423,0
train,row-443,0
train,row-507,0
train,row-534,0
train,row-589,0
train,row-600,0
train,row-634,0
train,row-641,0
train,row-724,0
train,row-747,0
train,row-810,0
train,row-894,2
train,row-941,0
train,row-1007,2
train,row-1036,0
train,row-1076,0
train,row-1219,0
train,row-1240,0
train,row-1242,2
train,row-1278,0
train,row-1284,0
train,row-1293,2
train,row-1322,0
train,row-1433,0
train,row-1446,0
train,row-1490,0
train,row-1491,0
train,row-1507,0
train,row-1527,0
train,row-1721,2
train,row-1766,0
train,row-1792,0
train,row-1821,0
train,row-1869,2
train,row-1877,0
train,row-1939,0
train,row-1967,0
train,row-1986,0
train,row-2031,0
train,row-2061,0
train,row-2105,0
train,row-2129,2
train,row-2210,0
train,row-2274,0
train,row-2323,0
train,row-2347,0
train,row-2421,0
train,row-2460,0
train,row-2516,0
train,row-2541,2
train,row-2580,0
train,row-2664,0
train,row-2693,0
train,row-2810,0
train,row-2817,2
train,row-2823,0
train,row-2857,2
train,row-2875,2
train,row-2877,0
train,row-2937,0
train,row-2959,0
train,row-2995,0
train,row-3053,0
train,row-3074,0
train,row-3232,0
train,row-3282,0
train,row-3352,0
train,row-3364,0
train,row-3367,0
train,row-3397,0
train,row-3402,0
train,row-3542,0
train,row-3576,0
train,row-3580,1
train,row-3635,0
train,row-3657,2
train,row-3681,0
train,row-3710,0
train,row-3745,0
train,row-3761,0
train,row-3817,0
train,row-3818,0
train,row-3837,0
train,row-3866,0
train,row-3924,0
train,row-3940,0
train,row-3957,0
train,row-4043,2
train,row-4137,0
train,row-4152,0
train,row-4184,0
train,row-4256,2
train,row-4280,0
train,row-4312,0
train,row-4330,0
train,row-4378,2
train,row-4411,0
train,row-4489,0
train,row-4508,0
train,row-4531,2
train,row-4642,0
train,row-4686,0
train,row-4703,2
train,row-4770,0
train,row-4823,0
train,row-4831,2
train,row-4921,0
train,row-4980,0
train,row-5000,0
train,row-5028,0
train,row-5098,0
train,row-5112,0
train,row-5176,0
train,row-5179,0
train,row-5259,0
train,row-5295,0
train,row-5348,0
train,row-5443,0
train,row-5444,0
train,row-5513,2
train,row-5521,0
train,row-5600,0
train,row-5624,0
train,row-5637,0
train,row-5729,0
train,row-5762,0
train,row-5769,0
train,row-5927,0
train,row-5958,0
train,row-6048,0
train,row-6054,0
train,row-6069,0
train,row-6071,0
train,row-6183,2
train,row-6267,0
train,row-6534,0
train,row-6550,0
train,row-6574,0
train,row-6601,0
train,row-6626,2
train,row-6677,0
train,row-6686,0
train,row-6702,0
train,row-6711,0
train,row-6791,0
train,row-6985,0
train,row-7182,2
train,row-7220,0
train,row-7246,0
train,row-7247,0
train,row-7298,0
train,row-7299,0
train,row-7417,0
train,row-7425,0
train,row-7439,0
train,row-7486,2
train,row-7558,0
train,row-7560,0
train,row-7642,0
train,row-7657,0
train,row-7730,2
train,row-7782,0
train,row-7785,0
train,row-7794,0
train,row-7835,0
train,row-7950,0
train,row-7977,0
train,row-8006,0
train,row-8011,0
train,row-8039,2
train,row-8048,0
train,row-8061,0
train,row-8118,0
train,row-8214,0
train,row-8256,0
train,row-8263,1
train,row-8266,0
train,row-8280,2
train,row-8337,0
train,row-8376,0
train,row-8453,2
train,row-8456,0
train,row-8459,0
train,row-8549,2
train,row-8604,0
train,row-8628,0
train,row-8643,0
train,row-8681,2
train,row-8725,0
train,row-8842,0
train,row-8850,2
train,row-8930,0
train,row-8955,0
train,row-8962,0
train,row-8986,0
train,row-8991,0
train,row-9004,0
train,row-9016,0
train,row-9030,0
train,row-9136,2
train,row-9137,0
train,row-9140,0
train,row-9142,2
train,row-9229,0
train,row-9263,0
train,row-9266,0
train,row-9286,0
train,row-9413,0
train,row-9465,0
train,row-9521,0
train,row-9526,0
train,row-9583,0
train,row-9694,0
train,row-9734,0
train,row-9748,0
train,row-9830,2
train,row-9869,0
train,row-9888,0
train,row-9909,0
train,row-9965,2
train,row-10048,0
train,row-10139,0
train,row-10146,0
train,row-10199,0
train,row-10235,0
train,row-10281,0
train,row-10316,0
train,row-10378,0
train,row-10448,0
train,row-10454,0
train,row-10494,0
train,row-10585,0
train,row-10627,0
train,row-10652,1
train,row-10678,0
train,row-10690,0
train,row-10719,0
train,row-10762,0
train,row-10763,0
train,row-10796,0
train,row-10806,0
train,row-10863,0
train,row-10932,0
train,row-10950,0
train,row-11044,2
train,row-11083,0
train,row-11110,0
train,row-11129,0
train,row-11210,0
train,row-11234,2
train,row-11235,0
train,row-11318,0
train,row-11382,0
train,row-11393,0
train,row-11518,0
train,row-11607,0
train,row-11625,0
train,row-11632,0
train,row-11867,0
train,row-11904,0
train,row-11998,0
train,row-12070,0
train,row-12174,2
train,row-12257,0
train,row-12317,0
train,row-12322,0
train,row-12400,0
train,row-12418,2
train,row-12528,0
train,row-12532,0
train,row-12559,0
train,row-12621,0
train,row-12720,0
train,row-12756,2
train,row-12773,2
train,row-12836,0
train,row-12871,2
train,row-12958,0
train,row-12978,0
train,row-13066,0
train,row-13185,0
train,row-13261,0
train,row-13305,0
train,row-13412,0
train,row-13414,0
train,row-13430,2
train,row-13463,2
train,row-13491,0
train,row-13532,0
train,row-13594,0
train,row-13599,0
train,row-13684,2
train,row-13739,0
train,row-13838,0
train,row-13890,0
train,row-13949,0
train,row-13950,0
train,row-14085,0
train,row-14132,1
train,row-14178,0
train,row-14190,1
train,row-14287,0
train,row-14308,0
train,row-14418,1
train,row-14579,0
train,row-14585,0
train,row-14621,0
train,row-14631,0
train,row-14636,0
train,row-14684,0
train,row-14691,0
train,row-14898,0
train,row-14960,1
train,row-14969,0
train,row-14972,0
train,row-15009,0
train,row-15087,0
train,row-15150,0
train,row-15152,0
train,row-15158,0
train,row-15184,0
train,row-15319,0
train,row-15340,0
train,row-15362,0
train,row-15410,2
train,row-15428,0
train,row-15430,0
train,row-15475,0
train,row-15478,0
train,row-15567,0
train,row-15601,0
train,row-15623,0
train,row-15666,0
train,row-15713,0
train,row-15732,0
train,row-15734,0
train,row-15767,2
train,row-15802,0
train,row-15807,0
train,row-15825,0
train,row-15878,0
train,row-15992,0
train,row-16023,0
train,row-16058,2
train,row-16119,0
train,row-16159,0
train,row-16221,0
train,row-16253,0
train,row-16285,2
train,row-16336,0
train,row-16460,0
train,row-16489,0
train,row-16496,0
train,row-16509,0
train,row-16595,0
train,row-16597,0
train,row-16666,0
train,row-16734,0
train,row-16764,0
train,row-16804,0
train,row-16828,0
train,row-16863,0
train,row-16959,0
train,row-16966,0
train,row-17065,0
train,row-17066,2
train,row-17103,2
train,row-17105,2
train,row-17159,0
train,row-17186,0
train,row-17225,0
train,row-17230,0
train,row-17241,0
train,row-17389,0
train,row-17392,0
train,row-17396,0
train,row-17441,0
train,row-17466,0
train,row-17475,0
train,row-17507,0
train,row-17532,0
train,row-17582,0
train,row-17608,0
train,row-17621,0
train,row-17626,0
train,row-17638,0
train,row-17651,0
train,row-17731,0
train,row-17733,0
train,row-17748,0
train,row-17757,0
train,row-17820,0
train,row-17912,0
train,row-17943,0
train,row-18022,2
train,row-18047,0
train,row-18104,0
train,row-18197,0
train,row-18259,0
train,row-18271,2
train,row-18327,0
train,row-18345,2
train,row-18347,0
train,row-18361,0
train,row-18391,0
train,row-18478,0
train,row-18529,0
train,row-18531,0
train,row-18598,0
train,row-18710,0
train,row-18735,0
train,row-18839,0
train,row-19007,0
train,row-19009,0
train,row-19017,0
train,row-19019,2
train,row-19042,0
train,row-19088,2
train,row-19119,0
train,row-19156,1
train,row-19198,0
train,row-19296,0
train,row-19325,0
train,row-19349,0
train,row-19364,0
train,row-19394,0
train,row-19439,0
train,row-19497,0
train,row-19532,0
train,row-19579,0
train,row-19606,2
train,row-19638,0
train,row-19651,0
train,row-19695,2
train,row-19770,0
train,row-19983,0
train,row-20010,0
train,row-20040,2
train,row-20138,0
train,row-20165,0
train,row-20173,0
train,row-20251,0
train,row-20361,0
train,row-20381,0
train,row-20442,0
train,row-20477,0
train,row-20534,2
train,row-20570,2
train,row-20603,0
train,row-20654,0
train,row-20682,0
train,row-20733,0
train,row-20742,0
train,row-20788,0
train,row-20833,2
train,row-20976,2
train,row-21009,0
train,row-21015,0
train,row-21167,0
train,row-21303,0
train,row-21350,0
train,row-21385,0
train,row-21435,0
train,row-21467,0
train,row-21541,0
train,row-21619,0
train,row-21725,2
train,row-21777,0
train,row-21851,2
train,row-21865,0
train,row-21899,0
train,row-21940,0
train,row-21953,0
train,row-21993,2
train,row-22056,0
train,row-22098,0
train,row-22100,0
train,row-22133,0
train,row-22220,0
train,row-22264,0
train,row-22341,0
train,row-22380,0
train,row-22429,0
train,row-22446,0
train,row-22475,0
train,row-22499,0
train,row-22504,0
train,row-22621,0
train,row-22673,0
train,row-22704,0
train,row-22761,0
train,row-22768,0
train,row-22892,0
train,row-22899,0
train,row-22942,0
train,row-22946,2
train,row-22954,0
train,row-23014,0
train,row-23089,0
train,row-23113,0
train,row-23146,0
train,row-23164,0
train,row-23326,0
train,row-23332,0
train,row-23424,2
train,row-23448,0
train,row-23466,0
train,row-23478,0
train,row-23508,0
train,row-23603,2
train,row-23646,0
train,row-23652,0
train,row-23707,0
train,row-23708,0
train,row-23832,0
train,row-23838,0
train,row-24102,0
train,row-24305,0
train,row-24317,0
train,row-24391,0
train,row-24452,0
train,row-24484,0
train,row-24515,0
train,row-24549,0
train,row-24587,0
train,row-24603,0
train,row-24609,0
train,row-24715,0
train,row-24755,0
train,row-24803,0
train,row-24828,0
train,row-24872,2
train,row-24960,0
train,row-25001,0
train,row-25041,2
train,row-25082,0
train,row-25098,0
train,row-25125,0
train,row-25161,0
train,row-25164,0
train,row-25236,0
train,row-25250,0
train,row-25265,0
train,row-25309,0
train,row-25310,2
train,row-25322,0
train,row-25333,0
train,row-25363,0
train,row-25377,2
train,row-25446,0
train,row-25452,0
train,row-25502,2
train,row-25538,0
train,row-25596,0
train,row-25690,0
train,row-25704,0
train,row-25714,0
train,row-25801,0
train,row-25849,0
train,row-25860,0
train,row-25864,0
train,row-25873,0
train,row-25932,0
train,row-25933,0
train,row-25957,0
train,row-26034,0
train,row-26097,0
train,row-26130,2
train,row-26132,0
train,row-26134,0
train,row-26178,0
train,row-26198,2
train,row-26245,0
train,row-26285,0
train,row-26327,0
train,row-26358,0
train,row-26387,0
train,row-26414,0
train,row-26424,0
train,row-26487,0
train,row-26570,0
train,row-26667,0
train,row-26685,0
train,row-26699,0
train,row-26701,0
train,row-26716,1
train,row-26719,0
train,row-26759,0
train,row-26763,0
train,row-26783,0
train,row-26810,0
train,row-26813,0
train,row-26909,0
train,row-26913,0
train,row-26917,0
train,row-26957,0
train,row-27002,0
train,row-27033,0
train,row-27043,0
train,row-27065,0
train,row-27086,0
train,row-27153,0
train,row-27166,0
train,row-27174,0
train,row-27209,0
train,row-27270,0
train,row-27344,1
train,row-27437,0
train,row-27448,0
train,row-27537,0
train,row-27550,0
train,row-27586,2
train,row-27608,0
train,row-27613,0
train,row-27770,0
train,row-27804,0
train,row-27833,0
train,row-27893,0
train,row-27924,0
train,row-27931,0
train,row-27952,0
train,row-28016,0
train,row-28040,0
train,row-28088,0
train,row-28129,0
train,row-28141,0
train,row-28152,0
train,row-28182,0
train,row-28275,0
train,row-28303,0
train,row-28308,0
train,row-28335,0
train,row-28419,0
train,row-28425,0
train,row-28437,0
train,row-28478,0
train,row-28488,0
train,row-28508,0
train,row-28585,0
train,row-28598,0
train,row-28676,2
train,row-28714,2
train,row-28722,2
train,row-28882,0
train,row-28986,0
train,row-29034,0
train,row-29161,0
train,row-29251,0
train,row-29310,0
train,row-29362,0
train,row-29364,0
train,row-29367,0
train,row-29371,2
train,row-29399,0
train,row-29400,0
train,row-29409,0
train,row-29527,0
train,row-29571,0
train,row-29611,0
train,row-29644,0
train,row-29766,0
train,row-29772,2
train,row-29826,2
train,row-29865,0
train,row-29932,0
train,row-29944,0
train,row-29999,0
train,row-30078,0
train,row-30208,0
train,row-30278,0
train,row-30301,0
train,row-30304,0
train,row-30307,0
train,row-30316,0
train,row-30317,0
train,row-30348,2
train,row-30449,0
train,row-30461,0
train,row-30468,0
train,row-30472,0
train,row-30499,0
train,row-30527,0
train,row-30570,0
train,row-30580,2
train,row-30600,0
train,row-30661,0
train,row-30776,0
train,row-30813,0
train,row-30814,2
train,row-30838,0
train,row-30902,0
train,row-30954,0
train,row-31025,0
train,row-31096,1
train,row-31241,0
train,row-31263,0
train,row-31279,0
train,row-31386,0
train,row-31530,0
train,row-31570,0
train,row-31614,0
train,row-31699,0
train,row-31742,0
train,row-31746,0
train,row-31799,0
train,row-31891,0
train,row-31902,0
train,row-31933,0
train,row-31963,0
train,row-32088,0
train,row-32132,0
train,row-32188,2
train,row-32194,0
train,row-32218,0
train,row-32236,0
train,row-32272,0
train,row-32279,0
train,row-32324,0
train,row-32355,2
train,row-32434,0
train,row-32455,0
train,row-32482,0
train,row-32639,0
train,row-32651,2
train,row-32769,0
train,row-32770,0
train,row-32771,0
train,row-32803,0
train,row-32827,2
train,row-32877,0
train,row-32894,0
train,row-32926,2
train,row-32992,0
train,row-33004,0
train,row-33038,0
train,row-33072,0
train,row-33109,0
train,row-33160,0
train,row-33168,0
train,row-33201,0
train,row-33230,0
train,row-33257,0
train,row-33276,0
train,row-33408,0
train,row-33426,0
train,row-33442,0
train,row-33454,0
train,row-33510,0
train,row-33687,0
train,row-33713,0
train,row-33780,0
train,row-33817,0
train,row-33834,0
train,row-33864,0
train,row-33869,2
train,row-33887,0
train,row-33899,0
train,row-34005,0
train,row-34042,0
train,row-34191,0
train,row-34364,0
train,row-34455,2
train,row-34459,2
train,row-34496,0
train,row-34521,0
train,row-34534,0
train,row-34573,0
train,row-34619,0
train,row-34710,0
train,row-34723,0
train,row-34736,0
train,row-34783,0
train,row-34812,0
train,row-34826,0
train,row-34850,0
train,row-34857,0
train,row-34996,0
train,row-35124,2
train,row-35152,0
train,row-35319,0
train,row-35434,0
train,row-35475,0
train,row-35499,0
train,row-35506,0
train,row-35696,0
train,row-35706,0
train,row-35713,0
train,row-35749,2
train,row-35763,0
train,row-35766,0
train,row-35774,2
train,row-35832,2
train,row-35904,0
train,row-35908,1
train,row-35948,0
train,row-35989,0
train,row-35990,0
train,row-36015,0
train,row-36041,0
train,row-36047,0
train,row-36049,0
train,row-36120,0
train,row-36189,0
train,row-36264,0
train,row-36270,2
train,row-36391,0
train,row-36420,2
train,row-36480,0
train,row-36482,2
train,row-36519,0
train,row-36531,0
train,row-36620,0
train,row-36636,0
train,row-36639,0
train,row-36721,0
train,row-36727,0
train,row-36760,0
train,row-36814,0
train,row-36884,0
train,row-36902,0
train,row-36987,0
train,row-37018,0
train,row-37024,0
train,row-37162,0
train,row-37168,0
train,row-37178,0
train,row-37189,0
train,row-37190,2
train,row-37257,0
train,row-37260,0
train,row-37340,0
train,row-37373,0
train,row-37409,0
train,row-37544,0
train,row-37563,0
train,row-37565,0
train,row-37688,0
train,row-37704,1
train,row-37866,0
train,row-37905,0
train,row-37913,0
train,row-37957,2
train,row-38007,0
train,row-38116,0
train,row-38123,0
train,row-38147,0
train,row-38167,2
train,row-38197,2
train,row-38228,0
train,row-38237,0
train,row-38266,0
train,row-38268,0
train,row-38334,0
train,row-38365,0
train,row-38435,0
train,row-38462,0
train,row-38478,0
train,row-38511,0
train,row-38527,0
train,row-38548,0
train,row-38559,2
train,row-38588,0
train,row-38648,1
train,row-38711,0
train,row-38728,2
train,row-38750,0
train,row-38759,0
train,row-38840,0
train,row-38849,0
train,row-38891,2
train,row-38903,1
train,row-38935,0
train,row-39005,0
train,row-39028,0
train,row-39051,0
train,row-39119,0
train,row-39154,2
train,row-39275,0
train,row-39343,0
train,row-39348,0
train,row-39356,0
train,row-39358,0
train,row-39474,0
train,row-39509,0
train,row-39528,2
train,row-39558,2
train,row-39592,0
train,row-39596,0
train,row-39619,0
train,row-39716,2
train,row-39792,0
train,row-39796,0
train,row-39846,2
train,row-39929,0
train,row-39930,0
train,row-39960,2
train,row-39985,0
train,row-40006,0
train,row-40091,0
train,row-40117,0
train,row-40132,2
train,row-40153,0
train,row-40216,0
train,row-40220,0
train,row-40382,0
train,row-40393,0
train,row-40488,0
train,row-40617,2
train,row-40670,0
train,row-40682,0
train,row-40732,0
train,row-40756,0
train,row-40762,0
train,row-40801,0
train,row-40855,0
train,row-40858,0
train,row-40859,0
train,row-40863,0
train,row-41004,0
train,row-41008,0
train,row-41033,0
train,row-41050,0
train,row-41055,2
train,row-41084,0
train,row-41098,0
train,row-41151,0
train,row-41154,0
train,row-41230,0
train,row-41267,0
train,row-41295,0
train,row-41321,0
train,row-41452,0
train,row-41544,2
train,row-41560,0
train,row-41567,0
train,row-41574,0
train,row-41580,0
train,row-41589,0
train,row-41636,0
train,row-41687,2
train,row-41821,0
train,row-41838,0
train,row-41846,0
train,row-41889,0
train,row-41894,0
train,row-41909,0
train,row-42007,0
train,row-42028,0
train,row-42040,0
train,row-42126,2
train,row-42137,0
train,row-42145,0
train,row-42159,2
train,row-42181,0
train,row-42230,2
train,row-42327,0
train,row-42393,0
train,row-42491,2
train,row-42572,0
train,row-42573,0
train,row-42593,0
train,row-42604,0
train,row-42658,0
train,row-42662,2
train,row-42680,2
train,row-42705,0
train,row-42716,2
train,row-42724,0
train,row-42749,0
train,row-42791,0
train,row-42805,0
train,row-42865,0
train,row-42997,0
train,row-43130,0
train,row-43165,0
train,row-43263,0
train,row-43281,2
train,row-43325,2
train,row-43329,0
train,row-43406,0
train,row-43415,0
train,row-43539,0
train,row-43669,0
train,row-43682,0
train,row-43693,0
train,row-43732,0
train,row-43756,0
train,row-43809,0
train,row-43837,0
train,row-43957,0
train,row-44085,0
train,row-44137,0
train,row-44140,0
train,row-44181,0
train,row-44222,0
train,row-44313,2
train,row-44322,2
train,row-44415,0
train,row-44526,0
train,row-44538,0
train,row-44681,0
train,row-44731,0
train,row-44915,0
train,row-44989,2
train,row-45030,2
train,row-45037,0
train,row-45194,2
train,row-45229,0
train,row-45234,2
train,row-45258,0
train,row-45347,0
train,row-45392,0
train,row-45409,0
train,row-45546,0
train,row-45650,0
train,row-45687,2
train,row-45829,0
train,row-45841,0
train,row-45848,0
train,row-45924,0
train,row-45938,2
train,row-46001,0
train,row-46003,0
train,row-46029,0
train,row-46038,0
train,row-46110,2
train,row-46225,0
train,row-46231,0
train,row-46237,2
train,row-46328,0
train,row-46442,0
train,row-46489,0
train,row-46514,0
train,row-46578,0
train,row-46641,0
train,row-46647,2
train,row-46670,0
train,row-46683,0
train,row-46684,2
train,row-46762,0
train,row-46772,2
train,row-46797,0
train,row-46865,2
train,row-46892,1
train,row-46894,0
train,row-46935,0
train,row-46954,2
train,row-46960,0
train,row-46985,0
train,row-46986,0
train,row-47070,0
train,row-47315,0
train,row-47471,0
train,row-47583,0
train,row-47610,0
train,row-47665,2
train,row-47720,0
train,row-47732,0
train,row-47737,0
train,row-47749,0
train,row-47781,0
train,row-47799,0
train,row-47851,0
train,row-47910,0
train,row-47912,2
train,row-47924,0
train,row-47958,0
train,row-48078,0
train,row-48087,0
train,row-48139,0
train,row-48140,1
train,row-48153,0
train,row-48157,0
train,row-48164,0
train,row-48208,0
train,row-48321,0
train,row-48390,0
train,row-48397,2
train,row-48485,0
train,row-48515,0
train,row-48526,0
train,row-48581,1
train,row-48585,0
train,row-48596,0
train,row-48619,2
train,row-48654,2
train,row-48659,0
train,row-48667,0
train,row-48728,0
train,row-48737,0
train,row-48772,0
train,row-48840,0
train,row-48846,0
train,row-48949,0
train,row-48999,0
train,row-49020,0
train,row-49128,0
train,row-49136,0
train,row-49216,1
train,row-49271,0
train,row-49352,2
train,row-49415,0
train,row-49429,0
train,row-49448,0
train,row-49464,0
train,row-49528,0
train,row-49603,0
train,row-49626,0
train,row-49666,0
train,row-49709,1
train,row-49727,0
train,row-49734,0
train,row-49788,0
train,row-49790,0
train,row-49799,0
train,row-49973,0
train,row-50015,0
train,row-50053,0
train,row-50135,0
train,row-50142,0
train,row-50305,0
train,row-50337,0
train,row-50364,0
train,row-50392,0
train,row-50535,0
train,row-50550,0
train,row-50597,0
train,row-50630,0
train,row-50651,0
train,row-50730,0
train,row-50744,0
train,row-50776,2
train,row-50780,0
train,row-50796,0
train,row-50854,0
train,row-50927,0
train,row-50977,0
train,row-51004,0
train,row-51029,0
train,row-51133,0
train,row-51134,0
train,row-51142,0
train,row-51207,2
train,row-51222,0
train,row-51246,0
train,row-51278,0
train,row-51303,0
train,row-51373,0
train,row-51374,1
train,row-51389,0
train,row-51401,0
train,row-51410,0
train,row-51484,2
train,row-51503,0
train,row-51504,1
train,row-51546,2
train,row-51618,0
train,row-51628,0
train,row-51648,0
train,row-51676,0
train,row-51697,0
train,row-51742,0
train,row-51761,0
train,row-51786,0
train,row-51797,0
train,row-51818,0
train,row-51823,0
train,row-51843,0
train,row-51887,0
train,row-51921,2
train,row-51962,0
train,row-52041,0
train,row-52047,0
train,row-52052,0
train,row-52059,0
train,row-52097,0
train,row-52178,0
train,row-52202,0
train,row-52207,0
train,row-52309,0
train,row-52341,0
train,row-52424,2
train,row-52429,0
train,row-52453,0
train,row-52455,0
train,row-52486,0
train,row-52504,0
train,row-52511,0
train,row-52518,0
train,row-52528,0
train,row-52540,0
train,row-52542,0
train,row-52564,0
train,row-52584,0
train,row-52621,0
train,row-52674,0
train,row-52683,0
train,row-52790,0
train,row-52856,2
train,row-52888,0
train,row-52910,0
train,row-53011,0
train,row-53037,0
train,row-53050,0
train,row-53063,0
train,row-53084,0
train,row-53112,0
train,row-53154,2
train,row-53163,0
train,row-53231,0
train,row-53330,0
train,row-53353,0
train,row-53364,0
train,row-53400,0
train,row-53476,0
train,row-53619,0
train,row-53664,0
train,row-53710,0
train,row-53790,0
train,row-53812,0
train,row-53838,0
train,row-53845,0
train,row-53850,0
train,row-53929,0
train,row-53990,0
train,row-53999,2
train,row-54112,0
train,row-54154,0
train,row-54168,0
train,row-54217,0
train,row-54285,0
train,row-54289,0
train,row-54296,0
train,row-54343,0
train,row-54387,0
train,row-54431,0
train,row-54458,0
train,row-54461,0
train,row-54585,0
train,row-54588,0
train,row-54598,0
train,row-54614,0
train,row-54635,0
train,row-54636,0
train,row-54664,0
train,row-54673,0
train,row-54735,0
train,row-54742,0
train,row-54803,0
train,row-54902,0
train,row-54962,0
train,row-55023,0
train,row-55038,0
train,row-55086,0
train,row-55097,0
train,row-55106,0
train,row-55149,0
train,row-55166,0
train,row-55190,0
train,row-55232,0
train,row-55271,0
train,row-55282,2
train,row-55318,2
train,row-55336,0
train,row-55355,0
train,row-55412,0
train,row-55517,0
train,row-55529,0
train,row-55555,0
train,row-55561,0
train,row-55674,0
train,row-55787,0
train,row-55826,0
train,row-55871,0
train,row-55880,0
train,row-55885,0
train,row-55903,0
train,row-55914,0
train,row-55973,2
train,row-55985,0
train,row-56007,0
train,row-56050,0
train,row-56097,0
train,row-56136,2
train,row-56223,2
train,row-56303,0
train,row-56327,0
train,row-56340,0
train,row-56376,0
train,row-56433,2
train,row-56436,0
train,row-56456,0
train,row-56458,0
train,row-56496,2
train,row-56516,0
train,row-56628,0
train,row-56657,0
train,row-56732,0
train,row-56779,0
train,row-56794,0
train,row-56925,0
train,row-56987,0
train,row-57030,2
train,row-57116,0
train,row-57127,0
train,row-57180,0
train,row-57202,2
train,row-57257,0
train,row-57283,2
train,row-57319,0
train,row-57419,0
train,row-57488,0
train,row-57600,0
train,row-57634,0
train,row-57682,0
train,row-57696,0
train,row-57727,0
train,row-57738,0
train,row-57742,0
train,row-57837,0
train,row-57865,0
train,row-57971,0
train,row-58043,0
train,row-58091,0
train,row-58126,0
train,row-58159,0
train,row-58197,0
train,row-58198,0
train,row-58449,0
train,row-58457,0
train,row-58465,0
train,row-58494,0
train,row-58601,0
train,row-58622,0
train,row-58625,0
train,row-58696,0
train,row-58709,0
train,row-58721,0
train,row-58758,0
train,row-58781,0
train,row-58789,0
train,row-58792,0
train,row-58838,0
train,row-58967,0
train,row-58968,0
train,row-58974,0
train,row-59082,0
train,row-59091,0
train,row-59105,2
train,row-59213,0
train,row-59220,0
train,row-59289,0
train,row-59319,0
train,row-59325,0
train,row-59456,0
train,row-59467,0
train,row-59597,0
train,row-59776,0
train,row-59783,0
train,row-59809,0
train,row-59865,0
train,row-59895,0
train,row-60015,0
train,row-60047,0
train,row-60131,0
train,row-60172,0
train,row-60195,0
train,row-60245,0
train,row-60261,0
train,row-60291,0
train,row-60355,2
train,row-60378,0
train,row-60440,0
train,row-60463,0
train,row-60466,0
train,row-60470,0
train,row-60508,0
train,row-60603,0
train,row-60640,0
train,row-60648,0
train,row-60650,0
train,row-60705,0
train,row-60801,2
train,row-60902,0
train,row-60928,1
train,row-60973,0
train,row-60977,0
train,row-61005,0
train,row-61014,0
train,row-61062,0
train,row-61085,0
train,row-61185,0
train,row-61303,2
train,row-61400,0
train,row-61467,0
train,row-61475,0
train,row-61489,0
train,row-61766,0
train,row-61874,0
train,row-62060,0
train,row-62213,0
train,row-62256,0
train,row-62277,0
train,row-62293,0
train,row-62380,0
train,row-62389,0
train,row-62437,0
train,row-62489,0
train,row-62528,2
train,row-62539,1
train,row-62540,0
train,row-62548,0
train,row-62587,0
train,row-62595,0
train,row-62597,0
train,row-62666,0
train,row-62670,0
train,row-62799,0
train,row-62836,0
train,row-62865,2
train,row-62871,0
train,row-62886,0
train,row-62942,0
train,row-62955,2
train,row-63008,0
train,row-63023,2
train,row-63038,2
train,row-63099,0
train,row-63121,2
train,row-63125,0
train,row-63261,0
train,row-63310,0
train,row-63322,0
train,row-63361,0
train,row-63425,0
train,row-63450,0
train,row-63457,0
train,row-63549,0
train,row-63583,0
train,row-63601,0
train,row-63653,0
train,row-63680,1
train,row-63824,0
train,row-63861,0
train,row-63893,0
train,row-63951,0
train,row-63981,0
train,row-64013,2
train,row-64101,0
train,row-64112,0
train,row-64161,0
train,row-64214,0
train,row-64267,0
train,row-64280,2
train,row-64281,0
train,row-64283,0
train,row-64403,0
train,row-64437,0
train,row-64447,0
train,row-64477,2
train,row-64546,0
train,row-64577,2
train,row-64593,0
train,row-64607,0
train,row-64616,2
train,row-64620,2
train,row-64732,1
train,row-64760,0
train,row-64802,0
train,row-64911,2
train,row-64947,0
train,row-64953,0
train,row-64956,0
train,row-64962,2
train,row-64967,0
train,row-65043,0
train,row-65068,0
train,row-65249,0
train,row-65341,2
train,row-65354,0
train,row-65387,2
train,row-65398,0
train,row-65425,2
train,row-65447,2
train,row-65502,0
train,row-65530,0
train,row-65538,0
train,row-65610,2
train,row-65673,0
train,row-65744,0
train,row-65753,2
train,row-65771,0
train,row-65870,0
train,row-66033,0
train,row-66086,0
train,row-66153,2
train,row-66183,0
train,row-66253,0
train,row-66311,0
train,row-66405,0
train,row-66449,2
train,row-66462,0
train,row-66501,0
train,row-66592,0
train,row-66700,0
train,row-66747,0
train,row-66850,0
train,row-66859,0
train,row-66878,0
train,row-66889,0
train,row-66952,0
train,row-66955,0
train,row-66961,0
train,row-67018,2
train,row-67026,0
train,row-67053,0
train,row-67091,0
train,row-67157,0
train,row-67297,0
train,row-67324,0
train,row-67340,2
train,row-67404,0
train,row-67407,0
train,row-67423,2
train,row-67425,0
train,row-67428,0
train,row-67430,0
train,row-67435,0
train,row-67484,0
train,row-67519,0
train,row-67553,0
train,row-67572,2
train,row-67617,0
train,row-67670,0
train,row-67681,0
train,row-67762,0
train,row-67789,0
train,row-67793,0
train,row-67801,0
train,row-67987,0
train,row-68059,2
train,row-68095,0
train,row-68100,0
train,row-68111,0
train,row-68132,2
train,row-68152,0
train,row-68154,2
train,row-68155,0
train,row-68159,2
train,row-68268,0
train,row-68289,0
train,row-68353,0
train,row-68372,0
train,row-68387,0
train,row-68396,0
train,row-68502,0
train,row-68521,0
train,row-68528,0
train,row-68563,0
train,row-68593,0
train,row-68599,0
train,row-68686,2
train,row-68713,0
train,row-68715,0
train,row-68742,0
train,row-68885,0
train,row-68978,0
train,row-69005,0
train,row-69042,0
train,row-69084,2
train,row-69229,0
train,row-69295,2
train,row-69325,0
train,row-69365,0
train,row-69452,0
train,row-69485,0
train,row-69486,0
train,row-69500,0
train,row-69507,0
train,row-69508,0
train,row-69558,0
train,row-69571,0
train,row-69630,0
train,row-69632,0
train,row-69699,0
train,row-69705,0
train,row-69747,0
train,row-69766,0
train,row-69769,0
train,row-69854,0
train,row-69857,0
train,row-69892,2
train,row-69939,0
train,row-69976,0
train,row-69977,0
train,row-70033,0
train,row-70080,0
train,row-70081,0
train,row-70100,0
train,row-70159,0
train,row-70375,0
train,row-70379,0
train,row-70428,2
train,row-70454,0
train,row-70470,0
train,row-70502,0
train,row-70532,0
train,row-70562,0
train,row-70583,0
train,row-70622,0
train,row-70657,2
train,row-70773,0
train,row-70932,2
train,row-70952,0
train,row-70995,0
train,row-71088,0
train,row-71093,0
train,row-71105,0
train,row-71165,0
train,row-71185,0
train,row-71201,0
train,row-71334,0
train,row-71338,0
train,row-71346,0
train,row-71530,0
train,row-71602,0
train,row-71716,0
train,row-71735,0
train,row-71763,0
train,row-71765,0
train,row-71894,0
train,row-71912,2
train,row-71953,0
train,row-72074,0
train,row-72086,0
train,row-72092,0
train,row-72180,0
train,row-72230,0
train,row-72372,0
train,row-72419,0
train,row-72420,0
train,row-72441,0
train,row-72543,0
train,row-72561,0
train,row-72639,0
train,row-72666,0
train,row-72667,0
train,row-72753,0
train,row-72774,0
train,row-72798,0
train,row-72807,0
train,row-72824,0
train,row-72871,0
train,row-72884,0
train,row-72895,0
train,row-72908,2
train,row-72947,0
train,row-72957,0
train,row-72981,0
train,row-73000,0
train,row-73046,0
train,row-73102,0
train,row-73119,0
train,row-73143,2
train,row-73231,0
train,row-73263,0
train,row-73393,0
train,row-73395,0
train,row-73413,2
train,row-73432,0
train,row-73477,2
train,row-73520,2
train,row-73595,0
train,row-73616,0
train,row-73652,0
train,row-73811,0
train,row-73813,0
train,row-73815,0
train,row-73826,2
train,row-73834,2
train,row-73852,0
train,row-73879,0
train,row-73880,0
train,row-73892,2
train,row-73895,0
train,row-73913,0
train,row-73979,0
train,row-73984,0
train,row-73991,2
train,row-74010,0
train,row-74066,0
train,row-74087,0
train,row-74117,0
train,row-74183,0
train,row-74311,2
train,row-74425,2
train,row-74454,0
train,row-74464,0
train,row-74465,0
train,row-74546,0
train,row-74599,2
train,row-74604,0
train,row-74633,0
train,row-74642,0
train,row-74672,0
train,row-74708,2
train,row-74720,0
train,row-74750,0
train,row-74765,0
train,row-74777,0
train,row-74793,0
train,row-74815,0
train,row-74935,0
train,row-74979,0
train,row-74983,0
train,row-75017,0
train,row-75018,0
train,row-75116,0
train,row-75125,0
train,row-75203,0
train,row-75382,0
train,row-75411,0
train,row-75413,0
train,row-75436,0
train,row-75440,0
train,row-75474,0
train,row-75485,0
train,row-75490,0
train,row-75548,0
train,row-75562,0
train,row-75597,0
train,row-75609,0
train,row-75681,2
train,row-75790,0
train,row-75815,0
train,row-75844,0
train,row-75851,0
train,row-75864,0
train,row-75916,0
train,row-75942,0
train,row-75950,0
train,row-75957,0
train,row-75973,0
train,row-75979,0
train,row-76014,0
train,row-76029,0
train,row-76093,0
train,row-76095,0
train,row-76114,0
train,row-76180,2
train,row-76239,0
train,row-76266,2
train,row-76275,0
train,row-76399,0
train,row-76438,0
train,row-76491,0
train,row-76501,0
train,row-76576,0
train,row-76646,2
train,row-76658,0
train,row-76666,0
train,row-76750,0
train,row-76789,0
train,row-76865,2
train,row-76907,0
train,row-76925,0
train,row-76933,0
train,row-76965,0
train,row-76968,0
train,row-76995,0
train,row-77023,0
train,row-77089,0
train,row-77179,0
train,row-77186,0
train,row-77220,0
train,row-77255,0
train,row-77310,0
train,row-77315,2
train,row-77419,2
train,row-77440,1
train,row-77453,0
train,row-77463,0
train,row-77494,0
train,row-77627,0
train,row-77734,2
train,row-77771,0
train,row-77813,0
train,row-77853,0
train,row-77887,0
train,row-77981,0
train,row-77994,0
train,row-77997,0
train,row-78098,2
train,row-78114,2
train,row-78142,0
train,row-78163,0
train,row-78197,2
train,row-78244,0
train,row-78274,0
train,row-78319,2
train,row-78324,0
train,row-78333,0
train,row-78369,2
train,row-78403,0
train,row-78435,0
train,row-78439,0
train,row-78510,0
train,row-78559,0
train,row-78565,0
train,row-78580,0
train,row-78604,0
train,row-78630,0
train,row-78660,0
train,row-78694,0
train,row-78717,0
train,row-78723,0
train,row-78730,0
train,row-78801,0
train,row-78824,0
train,row-78894,0
train,row-78907,0
train,row-78990,0
train,row-79022,0
train,row-79046,0
train,row-79137,0
train,row-79147,0
train,row-79172,0
train,row-79182,2
train,row-79220,0
train,row-79245,0
train,row-79310,0
train,row-79319,0
train,row-79399,0
train,row-79454,0
train,row-79483,0
train,row-79532,0
train,row-79570,2
train,row-79647,0
train,row-79708,0
train,row-79793,0
train,row-79795,2
train,row-79877,0
train,row-79991,2
train,row-80106,0
train,row-80122,0
train,row-80126,2
train,row-80196,0
train,row-80230,0
train,row-80278,0
train,row-80279,0
train,row-80331,1
train,row-80338,2
train,row-80366,0
train,row-80379,0
train,row-80393,0
train,row-80394,0
train,row-80414,0
train,row-80418,2
train,row-80431,0
train,row-80541,0
train,row-80587,0
train,row-80588,2
train,row-80643,2
train,row-80706,0
train,row-80767,0
train,row-80816,0
train,row-80823,0
train,row-80837,0
train,row-80862,0
train,row-80921,0
train,row-80957,0
train,row-80961,0
train,row-80996,0
train,row-81021,0
train,row-81085,0
train,row-81089,0
train,row-81095,0
train,row-81136,0
train,row-81170,0
train,row-81191,0
train,row-81218,2
train,row-81261,0
train,row-81305,0
train,row-81313,0
train,row-81331,0
train,row-81334,0
train,row-81369,0
train,row-81417,0
train,row-81436,0
train,row-81509,0
train,row-81628,0
train,row-81652,0
train,row-81681,0
train,row-81789,0
train,row-81911,0
train,row-81928,0
train,row-82028,0
train,row-82044,2
train,row-82054,0
train,row-82095,0
train,row-82233,2
train,row-82275,0
train,row-82283,2
train,row-82373,0
train,row-82379,0
train,row-82390,0
train,row-82458,0
train,row-82471,0
train,row-82473,0
train,row-82514,0
train,row-82553,0
train,row-82585,0
train,row-82677,0
train,row-82730,0
train,row-82858,0
train,row-82873,0
train,row-82963,0
train,row-82966,0
train,row-82970,0
train,row-82991,0
train,row-83135,0
train,row-83152,0
train,row-83274,0
train,row-83382,0
train,row-83400,0
train,row-83567,0
train,row-83740,0
train,row-83771,0
train,row-83776,0
train,row-83788,0
train,row-83833,2
train,row-83917,0
train,row-83920,0
train,row-83998,2
train,row-84036,2
train,row-84055,1
train,row-84066,0
train,row-84096,0
train,row-84101,0
train,row-84148,0
train,row-84174,0
train,row-84312,0
train,row-84391,2
train,row-84408,0
train,row-84424,0
train,row-84455,0
train,row-84556,2
train,row-84561,0
train,row-84614,0
train,row-84654,0
train,row-84658,0
train,row-84831,0
train,row-84959,0
train,row-84966,1
train,row-85085,0
train,row-85108,0
train,row-85130,0
train,row-85173,0
train,row-85178,0
train,row-85194,2
train,row-85209,0
train,row-85247,0
train,row-85281,0
train,row-85308,0
train,row-85464,0
train,row-85465,0
train,row-85491,0
train,row-85510,0
train,row-85521,0
train,row-85603,0
train,row-85648,0
train,row-85653,0
train,row-85839,0
train,row-85848,0
train,row-86014,2
train,row-86035,0
train,row-86087,0
train,row-86152,0
train,row-86261,2
train,row-86278,0
train,row-86315,2
train,row-86322,0
train,row-86344,0
train,row-86398,2
train,row-86417,0
train,row-86440,0
train,row-86457,2
train,row-86458,0
train,row-86480,0
train,row-86517,0
train,row-86557,0
train,row-86585,0
train,row-86793,0
train,row-86800,2
train,row-86808,0
train,row-86880,0
train,row-86922,0
train,row-87077,0
train,row-87092,0
train,row-87139,0
train,row-87170,0
train,row-87190,0
train,row-87211,0
train,row-87299,0
train,row-87349,0
train,row-87379,0
train,row-87420,0
train,row-87486,0
train,row-87497,0
train,row-87510,0
train,row-87696,0
train,row-87791,0
train,row-87889,0
train,row-87890,0
train,row-87962,0
train,row-87971,0
train,row-88020,0
train,row-88053,0
train,row-88058,2
train,row-88101,0
train,row-88126,0
train,row-88145,0
train,row-88216,0
train,row-88273,0
train,row-88403,0
train,row-88406,0
train,row-88410,0
train,row-88424,0
train,row-88434,0
train,row-88458,0
train,row-88526,0
train,row-88556,0
train,row-88557,0
train,row-88588,0
train,row-88592,0
train,row-88669,0
train,row-88677,0
train,row-88812,0
train,row-88827,0
train,row-88845,0
train,row-88901,0
train,row-88970,0
train,row-88987,0
train,row-89072,0
train,row-89073,0
train,row-89119,0
train,row-89136,0
train,row-89260,0
train,row-89266,0
train,row-89273,0
train,row-89279,0
train,row-89296,0
train,row-89300,0
train,row-89327,0
train,row-89341,0
train,row-89375,0
train,row-89399,0
train,row-89421,0
train,row-89462,0
train,row-89533,0
train,row-89541,2
train,row-89561,0
train,row-89713,0
train,row-89714,0
train,row-89722,1
train,row-89731,2
train,row-89742,0
train,row-89981,0
train,row-90052,0
train,row-90069,0
train,row-90103,0
train,row-90137,0
train,row-90162,0
train,row-90171,0
train,row-90197,0
train,row-90207,2
train,row-90222,0
train,row-90228,2
train,row-90246,1
train,row-90261,0
train,row-90284,0
train,row-90288,2
train,row-90333,0
train,row-90363,0
train,row-90403,0
train,row-90484,0
train,row-90542,0
train,row-90568,0
train,row-90631,1
train,row-90704,0
train,row-90770,0
train,row-90781,1
train,row-90876,0
train,row-90932,0
train,row-90959,0
train,row-90971,0
train,row-90974,0
train,row-90978,0
train,row-90980,2
train,row-91010,0
train,row-91043,2
train,row-91054,0
train,row-91145,0
train,row-91156,0
train,row-91172,0
train,row-91272,0
train,row-91284,2
train,row-91302,0
train,row-91308,0
train,row-91385,0
train,row-91407,0
train,row-91420,0
train,row-91448,0
train,row-91478,0
train,row-91531,0
train,row-91571,0
train,row-91583,2
train,row-91600,0
train,row-91637,0
train,row-91666,0
train,row-91761,0
train,row-91826,0
train,row-91896,0
train,row-91923,0
train,row-91968,0
train,row-91988,0
train,row-92030,0
train,row-92032,0
train,row-92093,0
train,row-92101,0
train,row-92134,0
train,row-92146,0
train,row-92147,0
train,row-92161,0
train,row-92194,0
train,row-92256,0
train,row-92271,0
train,row-92275,0
train,row-92299,0
train,row-92306,0
train,row-92340,0
train,row-92400,0
train,row-92454,0
train,row-92527,2
train,row-92607,0
train,row-92621,2
train,row-92672,0
train,row-92692,0
train,row-92829,0
train,row-92914,0
train,row-92931,0
train,row-92965,0
train,row-92976,0
train,row-93079,0
train,row-93148,0
train,row-93160,0
train,row-93230,2
train,row-93292,0
train,row-93293,0
train,row-93304,0
train,row-93307,0
train,row-93311,0
train,row-93343,2
train,row-93421,0
train,row-93567,0
train,row-93620,2
train,row-93636,0
train,row-93637,0
train,row-93755,0
train,row-93814,0
train,row-93822,2
train,row-93825,0
train,row-93854,0
train,row-93867,0
train,row-93911,0
train,row-93917,0
train,row-93923,2
train,row-93924,0
train,row-94054,0
train,row-94098,2
train,row-94125,0
train,row-94157,0
train,row-94173,1
train,row-94196,2
train,row-94198,0
train,row-94203,0
train,row-94280,0
train,row-94330,0
train,row-94429,1
train,row-94439,2
train,row-94462,0
train,row-94528,1
train,row-94530,0
train,row-94571,0
train,row-94603,0
train,row-94656,0
train,row-94668,0
train,row-94676,0
train,row-94678,0
train,row-94683,0
train,row-94873,0
train,row-94916,2
train,row-94924,0
train,row-94951,0
train,row-94978,2
train,row-95011,0
train,row-95054,0
train,row-95109,0
train,row-95136,0
train,row-95167,2
train,row-95170,0
train,row-95193,0
train,row-95199,0
train,row-95204,0
train,row-95231,0
train,row-95239,0
train,row-95343,0
train,row-95355,2
train,row-95446,0
train,row-95573,0
train,row-95602,0
train,row-95706,0
train,row-95866,2
train,row-95887,2
train,row-95921,0
train,row-95950,0
train,row-95986,0
train,row-96015,0
train,row-96102,0
train,row-96111,2
train,row-96156,0
train,row-96194,0
train,row-96299,0
train,row-96311,0
train,row-96319,2
train,row-96343,0
train,row-96526,0
train,row-96540,2
train,row-96559,0
train,row-96584,0
train,row-96694,0
train,row-96772,2
train,row-96897,2
train,row-96972,0
train,row-96974,0
train,row-96985,0
train,row-97009,0
train,row-97057,2
train,row-97115,0
train,row-97154,0
train,row-97162,0
train,row-97344,0
train,row-97440,0
train,row-97483,1
train,row-97568,0
train,row-97589,0
train,row-97642,0
train,row-97664,0
train,row-97696,0
train,row-97710,0
train,row-97823,0
train,row-97830,0
train,row-97886,0
train,row-97895,0
train,row-97919,0
train,row-97945,0
train,row-97976,0
train,row-98017,0
train,row-98033,2
train,row-98057,0
train,row-98115,0
train,row-98172,0
train,row-98325,0
train,row-98401,0
train,row-98424,0
train,row-98466,0
train,row-98471,0
train,row-98555,0
train,row-98622,2
train,row-98677,0
train,row-98765,0
train,row-98793,0
train,row-98834,2
train,row-98882,0
train,row-98893,0
train,row-98902,0
train,row-98926,0
train,row-99029,0
train,row-99062,0
train,row-99142,0
train,row-99146,0
train,row-99149,0
train,row-99180,0
train,row-99361,0
train,row-99473,0
train,row-99566,0
train,row-99618,0
train,row-99675,0
train,row-99757,0
train,row-99823,0
train,row-99826,0
train,row-99886,0
train,row-99910,2
train,row-99913,2
train,row-99970,2
train,row-100025,2
train,row-100067,0
train,row-100072,2
train,row-100102,0
train,row-100135,0
train,row-100163,0
train,row-100175,0
train,row-100184,0
train,row-100460,0
train,row-100558,0
train,row-100561,0
train,row-100580,0
train,row-100596,0
train,row-100618,0
train,row-100659,0
train,row-100671,0
train,row-100748,0
train,row-100752,0
train,row-100807,0
train,row-100817,0
train,row-100831,2
train,row-100879,0
train,row-100946,0
train,row-100947,0
train,row-100949,0
train,row-101006,0
train,row-101058,0
train,row-101129,0
train,row-101188,0
train,row-101256,0
train,row-101295,2
train,row-101300,0
train,row-101302,0
train,row-101322,0
train,row-101327,0
train,row-101335,0
train,row-101354,0
train,row-101390,0
train,row-101391,0
train,row-101408,0
train,row-101460,2
train,row-101477,0
train,row-101555,0
train,row-101574,2
train,row-101580,0
train,row-101650,0
train,row-101674,2
train,row-101702,0
train,row-101718,2
train,row-101757,0
train,row-101783,0
train,row-101790,0
train,row-101816,0
train,row-101880,0
train,row-101898,0
train,row-101954,0
train,row-101966,0
train,row-101973,0
train,row-102055,0
train,row-102087,0
train,row-102275,0
train,row-102332,0
train,row-102341,0
train,row-102367,0
train,row-102381,0
train,row-102504,0
train,row-102521,0
train,row-102550,0
train,row-102610,0
train,row-102703,0
train,row-102716,0
train,row-102737,2
train,row-102744,0
train,row-102795,0
train,row-102862,0
train,row-102884,0
train,row-102888,0
train,row-102905,0
train,row-102913,0
train,row-102961,0
train,row-103001,0
train,row-103154,0
train,row-103161,0
train,row-103177,2
train,row-103181,0
train,row-103203,0
train,row-103218,0
train,row-103247,0
train,row-103264,0
train,row-103277,2
train,row-103319,0
train,row-103383,0
train,row-103508,0
train,row-103530,0
train,row-103561,0
train,row-103599,0
train,row-103625,0
train,row-103686,2
train,row-103693,0
train,row-103696,0
train,row-103761,0
train,row-103777,0
train,row-103866,0
train,row-103907,0
train,row-103973,0
train,row-103983,0
train,row-103988,0
train,row-104030,2
train,row-104065,0
train,row-104117,2
train,row-104163,0
train,row-104185,0
train,row-104216,0
train,row-104242,0
train,row-104323,0
train,row-104324,2
train,row-104326,0
train,row-104441,0
train,row-104582,2
train,row-104628,2
train,row-104664,0
train,row-104669,2
train,row-104686,0
train,row-104718,0
train,row-104741,0
train,row-104802,0
train,row-104846,0
train,row-104852,0
train,row-104944,0
train,row-105028,0
train,row-105032,0
train,row-105056,0
train,row-105060,2
train,row-105084,0
train,row-105108,0
train,row-105116,0
train,row-105229,2
train,row-105277,2
train,row-105404,0
train,row-105428,0
train,row-105442,0
train,row-105485,0
train,row-105486,0
train,row-105493,0
train,row-105496,0
train,row-105534,0
train,row-105549,0
train,row-105552,0
train,row-105602,0
train,row-105609,0
train,row-105626,2
train,row-105634,2
train,row-105643,2
train,row-105649,0
train,row-105665,0
train,row-105690,2
train,row-105710,0
train,row-105763,0
train,row-105818,2
train,row-105850,0
train,row-105874,0
train,row-105975,2
train,row-106000,0
train,row-106065,0
train,row-106093,0
train,row-106134,0
train,row-106144,0
train,row-106150,0
train,row-106283,0
train,row-106321,0
train,row-106344,2
train,row-106380,2
train,row-106436,0
train,row-106497,0
train,row-106528,0
train,row-106535,1
train,row-106554,0
train,row-106601,1
train,row-106646,0
train,row-106652,2
train,row-106661,0
train,row-106663,2
train,row-106687,0
train,row-106739,0
train,row-106740,0
train,row-106769,0
train,row-106801,2
train,row-106831,0
train,row-106848,0
train,row-106866,0
train,row-106886,0
train,row-106887,0
train,row-106932,0
train,row-107007,0
train,row-107067,2
train,row-107152,0
train,row-107153,2
train,row-107154,0
train,row-107186,2
train,row-107187,0
train,row-107231,2
train,row-107240,0
train,row-107287,0
train,row-107295,0
train,row-107303,0
train,row-107309,0
train,row-107320,0
train,row-107326,0
train,row-107361,0
train,row-107506,0
train,row-107513,0
train,row-107563,0
train,row-107653,0
train,row-107715,0
train,row-107726,0
train,row-107840,0
train,row-107865,2
train,row-107878,0
train,row-107954,2
train,row-108011,0
train,row-108037,0
train,row-108122,0
train,row-108129,0
train,row-108147,0
train,row-108169,0
train,row-108172,0
train,row-108176,0
train,row-108193,0
train,row-108202,1
train,row-108208,0
train,row-108258,0
train,row-108319,0
train,row-108357,0
train,row-108408,0
train,row-108435,0
train,row-108460,0
train,row-108465,2
train,row-108466,0
train,row-108476,0
train,row-108512,0
train,row-108517,0
train,row-108580,0
train,row-108616,1
train,row-108630,0
train,row-108669,0
train,row-108720,0
train,row-108829,2
train,row-108856,0
train,row-108879,0
train,row-108903,0
train,row-108944,0
train,row-108965,0
train,row-109002,0
train,row-109009,0
train,row-109035,0
train,row-109095,0
train,row-109223,0
train,row-109236,0
train,row-109276,0
train,row-109287,0
train,row-109332,0
train,row-109405,0
train,row-109461,0
train,row-109475,0
train,row-109673,0
train,row-109685,0
train,row-109686,0
train,row-109759,0
train,row-109766,0
train,row-109775,0
train,row-109784,0
train,row-109821,0
train,row-109933,0
train,row-109956,0
train,row-110001,0
train,row-110004,0
train,row-110133,2
train,row-110135,0
train,row-110158,0
train,row-110162,2
train,row-110180,0
train,row-110341,0
train,row-110357,0
train,row-110359,0
train,row-110364,0
train,row-110409,2
train,row-110435,0
train,row-110456,0
train,row-110481,0
train,row-110525,0
train,row-110598,0
train,row-110676,2
train,row-110688,2
train,row-110703,0
train,row-110712,0
train,row-110735,2
train,row-110751,0
train,row-110789,0
train,row-110802,0
train,row-110876,0
train,row-110878,0
train,row-110922,0
train,row-110946,0
train,row-110978,2
train,row-110979,0
train,row-111008,0
train,row-111099,2
train,row-111197,0
train,row-111229,0
train,row-111267,0
train,row-111326,0
train,row-111376,0
train,row-111421,0
train,row-111458,0
train,row-111489,0
train,row-111495,0
train,row-111535,0
train,row-111582,0
train,row-111587,0
train,row-111620,0
train,row-111687,0
train,row-111695,0
train,row-111729,0
train,row-111732,0
train,row-111762,2
train,row-111766,0
train,row-111769,0
train,row-111838,0
train,row-111846,0
train,row-111894,2
train,row-111915,2
train,row-111919,0
train,row-111923,0
train,row-111949,0
train,row-112045,0
train,row-112056,0
train,row-112105,0
train,row-112188,0
train,row-112204,0
train,row-112223,0
train,row-112285,2
train,row-112493,0
train,row-112592,0
train,row-112595,0
train,row-112642,0
train,row-112699,0
train,row-112760,0
train,row-112841,0
train,row-112846,1
train,row-112889,0
train,row-112914,0
train,row-112948,0
train,row-112964,0
train,row-112995,0
train,row-113036,2
train,row-113137,0
train,row-113162,0
train,row-113172,2
train,row-113331,0
train,row-113454,0
train,row-113472,0
train,row-113508,0
train,row-113525,2
train,row-113670,0
train,row-113743,0
train,row-113842,0
train,row-113845,0
train,row-113870,2
train,row-113931,0
train,row-113941,0
train,row-113949,0
train,row-113955,1
train,row-113957,0
train,row-113981,0
train,row-114009,2
train,row-114127,0
train,row-114155,0
train,row-114173,0
train,row-114176,0
train,row-114179,0
train,row-114190,0
train,row-114192,0
train,row-114196,0
train,row-114311,0
train,row-114374,0
train,row-114383,0
train,row-114396,2
train,row-114419,0
train,row-114455,0
train,row-114460,0
train,row-114490,0
train,row-114618,0
train,row-114660,0
train,row-114664,1
train,row-114670,0
train,row-114720,2
train,row-114747,0
train,row-114804,0
train,row-114830,0
train,row-114843,0
train,row-114860,0
train,row-114907,0
train,row-114995,0
train,row-115030,0
train,row-115043,0
train,row-115118,0
train,row-115159,0
train,row-115183,0
train,row-115220,0
train,row-115226,0
train,row-115248,0
train,row-115260,0
train,row-115289,0
train,row-115399,0
train,row-115506,0
train,row-115570,0
train,row-115629,0
train,row-115724,0
train,row-115737,0
train,row-115796,0
train,row-115798,0
train,row-115808,0
train,row-115846,0
train,row-115933,0
train,row-115963,0
train,row-116023,0
train,row-116030,0
train,row-116067,0
train,row-116127,0
train,row-116162,0
train,row-116267,0
train,row-116347,0
train,row-116374,2
train,row-116375,0
train,row-116413,0
train,row-116415,0
train,row-116509,1
train,row-116518,0
train,row-116564,0
train,row-116608,0
train,row-116664,2
train,row-116899,0
train,row-116993,0
train,row-117027,0
train,row-117071,0
train,row-117090,0
train,row-117163,0
train,row-117276,0
train,row-117286,0
train,row-117326,0
train,row-117351,0
train,row-117374,0
train,row-117429,0
train,row-117439,0
train,row-117485,0
train,row-117488,0
train,row-117522,0
train,row-117532,0
train,row-117581,0
train,row-117638,0
train,row-117672,0
train,row-117735,0
train,row-117740,0
train,row-117750,0
train,row-117877,1
train,row-117892,0
train,row-117898,0
train,row-117949,0
train,row-117952,0
train,row-118015,1
train,row-118063,0
train,row-118159,0
train,row-118180,0
train,row-118215,0
train,row-118220,0
train,row-118339,0
train,row-118352,0
train,row-118364,0
train,row-118368,0
train,row-118580,0
train,row-118609,1
train,row-118634,0
train,row-118692,0
train,row-118826,0
train,row-118934,0
train,row-118967,0
train,row-118973,0
train,row-119042,0
train,row-119143,0
train,row-119239,0
train,row-119274,0
train,row-119343,0
train,row-119371,0
train,row-119403,0
train,row-119497,0
train,row-119508,2
train,row-119677,2
train,row-119739,0
train,row-119785,0
train,row-119802,0
train,row-119818,0
train,row-119840,0
train,row-119881,0
train,row-119914,0
train,row-119927,1
train,row-119972,0
train,row-119996,0
train,row-120020,0
train,row-120051,2
train,row-120146,0
train,row-120156,0
train,row-120330,0
train,row-120331,2
train,row-120332,0
train,row-120338,0
train,row-120385,0
train,row-120459,0
train,row-120467,0
train,row-120468,0
train,row-120522,0
train,row-120533,0
train,row-120553,0
train,row-120576,0
train,row-120583,0
train,row-120760,0
train,row-120834,0
train,row-120916,2
train,row-121032,2
train,row-121070,0
train,row-121096,2
train,row-121120,1
train,row-121226,0
train,row-121299,2
train,row-121357,2
train,row-121364,2
train,row-121372,1
train,row-121421,0
train,row-121443,2
train,row-121699,0
train,row-121819,0
train,row-121841,0
train,row-121856,0
train,row-121859,1
train,row-121864,2
train,row-121966,0
train,row-121984,0
train,row-121993,0
train,row-122063,0
train,row-122083,0
train,row-122205,0
train,row-122242,0
train,row-122245,0
train,row-122249,0
train,row-122281,2
train,row-122299,0
train,row-122310,2
train,row-122362,0
train,row-122403,2
train,row-122425,2
train,row-122469,0
train,row-122503,1
train,row-122552,0
train,row-122578,2
train,row-122626,1
train,row-122632,0
train,row-122639,0
train,row-122666,0
train,row-122682,0
train,row-122715,0
train,row-122780,0
train,row-122804,2
train,row-122805,0
train,row-122814,0
train,row-122919,0
train,row-123008,0
train,row-123014,2
train,row-123105,0
train,row-123109,0
train,row-123130,2
train,row-123255,0
train,row-123279,0
train,row-123286,0
train,row-123300,0
train,row-123334,0
train,row-123377,0
train,row-123460,0
train,row-123466,0
train,row-123509,0
train,row-123586,0
train,row-123603,0
train,row-123614,0
train,row-123643,0
train,row-123650,0
train,row-123692,0
train,row-123784,0
train,row-123790,2
train,row-123909,0
train,row-123933,0
train,row-124056,0
train,row-124095,0
train,row-124120,0
train,row-124214,0
train,row-124225,0
train,row-124282,0
train,row-124325,2
train,row-124346,0
train,row-124359,0
train,row-124364,0
train,row-124383,2
train,row-124404,0
train,row-124447,0
train,row-124451,0
train,row-124483,0
train,row-124536,0
train,row-124577,0
train,row-124699,2
train,row-124701,0
train,row-124710,0
train,row-124832,2
train,row-124852,0
train,row-124854,0
train,row-124893,0
train,row-124901,0
train,row-124940,0
train,row-124947,0
train,row-124949,0
train,row-125045,0
train,row-125081,0
train,row-125120,0
train,row-125167,0
train,row-125230,0
train,row-125246,0
train,row-125249,0
train,row-125271,2
train,row-125272,2
train,row-125278,0
train,row-125305,0
train,row-125318,0
train,row-125331,0
train,row-125379,0
train,row-125400,2
train,row-125443,0
train,row-125481,2
train,row-125568,0
train,row-125606,0
train,row-125647,0
train,row-125678,0
train,row-125707,0
train,row-125715,0
train,row-125727,0
train,row-125738,2
train,row-125796,0
train,row-125800,0
train,row-125820,0
train,row-125902,0
train,row-125909,0
train,row-125954,0
train,row-125987,0
train,row-125991,0
train,row-126080,0
train,row-126086,0
train,row-126111,0
train,row-126140,0
train,row-126167,0
train,row-126243,0
train,row-126370,0
train,row-126424,0
train,row-126430,0
train,row-126474,0
train,row-126518,2
train,row-126549,0
train,row-126728,0
train,row-126767,2
train,row-126781,0
train,row-126798,0
train,row-126800,0
train,row-126804,0
train,row-126820,0
train,row-126821,2
train,row-126871,0
train,row-126892,1
train,row-126931,1
train,row-126940,0
train,row-127028,0
train,row-127055,0
train,row-127085,0
train,row-127102,0
train,row-127104,0
train,row-127112,0
train,row-127163,0
train,row-127165,0
train,row-127206,0
train,row-127212,0
train,row-127225,0
train,row-127305,0
train,row-127319,0
train,row-127332,0
train,row-127363,0
train,row-127383,0
train,row-127423,0
train,row-127516,0
train,row-127520,0
train,row-127567,0
train,row-127638,2
train,row-127665,2
train,row-127680,0
train,row-127706,0
train,row-127792,0
train,row-127850,0
train,row-127854,0
train,row-127871,0
train,row-127901,0
train,row-127934,0
train,row-128063,0
train,row-128086,0
train,row-128090,0
train,row-128148,0
train,row-128154,0
train,row-128163,0
train,row-128218,0
train,row-128261,0
train,row-128281,0
train,row-128344,0
train,row-128387,0
train,row-128451,2
train,row-128462,0
train,row-128483,0
train,row-128537,2
train,row-128548,0
train,row-128566,1
train,row-128582,2
train,row-128606,0
train,row-128679,0
train,row-128687,0
train,row-128700,0
train,row-128741,0
train,row-128757,0
train,row-128839,2
train,row-128872,0
train,row-128920,0
train,row-128935,0
train,row-128986,0
train,row-129143,0
train,row-129171,1
train,row-129185,0
train,row-129240,2
train,row-129291,0
train,row-129321,0
train,row-129341,0
train,row-129397,0
train,row-129411,2
train,row-129429,0
train,row-129481,0
train,row-129559,0
train,row-129563,0
train,row-129571,0
train,row-129644,0
train,row-129646,1
train,row-129745,1
train,row-129769,0
train,row-129791,2
train,row-129803,0
train,row-129829,0
train,row-129880,0
train,row-129920,0
train,row-129957,2
train,row-130122,0
train,row-130139,0
train,row-130183,0
train,row-130194,0
train,row-130214,2
train,row-130292,0
train,row-130375,2
train,row-130491,0
train,row-130492,0
train,row-130646,0
train,row-130658,0
train,row-130808,0
train,row-130864,0
train,row-130900,0
train,row-130906,0
train,row-130919,0
train,row-130929,0
train,row-130946,0
train,row-130971,0
train,row-131120,0
train,row-131134,0
train,row-131173,0
train,row-131183,2
train,row-131268,0
train,row-131308,0
train,row-131367,0
train,row-131406,0
train,row-131415,2
train,row-131490,2
train,row-131497,0
train,row-131609,0
train,row-131617,0
train,row-131647,0
train,row-131687,0
train,row-131697,0
train,row-131735,0
train,row-131747,2
train,row-131777,2
train,row-131781,0
train,row-131859,0
train,row-131973,2
train,row-131975,2
train,row-131976,1
train,row-131987,0
train,row-132140,0
train,row-132144,0
train,row-132159,0
train,row-132175,0
train,row-132210,0
train,row-132224,0
train,row-132230,0
train,row-132292,0
train,row-132373,0
train,row-132390,2
train,row-132412,0
train,row-132473,0
train,row-132515,0
train,row-132573,0
train,row-132592,0
train,row-132779,2
train,row-132851,0
train,row-132871,0
train,row-132919,0
train,row-132951,0
train,row-132997,2
train,row-133000,0
train,row-133023,0
train,row-133027,0
train,row-133075,0
train,row-133095,0
train,row-133123,0
train,row-133178,0
train,row-133194,0
train,row-133210,0
train,row-133262,0
train,row-133276,0
train,row-133306,0
train,row-133310,0
train,row-133367,2
train,row-133397,0
train,row-133459,0
train,row-133498,2
train,row-133539,0
train,row-133603,0
train,row-133654,0
train,row-133699,0
train,row-133836,0
train,row-133870,0
train,row-133942,0
train,row-134000,0
train,row-134026,0
train,row-134031,0
train,row-134038,0
train,row-134096,0
train,row-134136,0
train,row-134141,0
train,row-134143,0
train,row-134151,0
train,row-134162,0
train,row-134164,2
train,row-134166,0
train,row-134191,1
train,row-134214,0
train,row-134236,0
train,row-134260,0
train,row-134392,0
train,row-134399,0
train,row-134407,0
train,row-134465,0
train,row-134505,0
train,row-134512,0
train,row-134526,0
train,row-134540,0
train,row-134577,0
train,row-134585,0
train,row-134599,0
train,row-134651,0
train,row-134721,0
train,row-134739,0
train,row-134771,0
train,row-134785,0
train,row-134800,0
train,row-134809,0
train,row-134817,0
train,row-134822,0
train,row-134843,0
train,row-134899,0
train,row-134914,2
train,row-134987,0
train,row-134994,0
train,row-135001,0
train,row-135029,0
train,row-135047,0
train,row-135128,2
train,row-135212,2
train,row-135220,0
train,row-135246,2
train,row-135277,0
train,row-135299,0
train,row-135380,0
train,row-135392,0
train,row-135434,0
train,row-135446,0
train,row-135614,0
train,row-135693,1
train,row-135705,0
train,row-135735,0
train,row-135813,0
train,row-135876,0
train,row-135978,0
train,row-135981,0
train,row-136002,2
train,row-136074,1
train,row-136075,0
train,row-136133,0
train,row-136174,0
train,row-136177,0
train,row-136230,0
train,row-136264,0
train,row-136272,0
train,row-136325,0
train,row-136365,2
train,row-136406,0
train,row-136409,0
train,row-136443,0
train,row-136478,0
train,row-136511,0
train,row-136544,0
train,row-136545,2
train,row-136553,0
train,row-136687,0
train,row-136703,0
train,row-136720,0
train,row-136737,0
train,row-136774,0
train,row-136894,0
train,row-136931,0
train,row-136952,0
train,row-136981,0
train,row-136990,0
train,row-137008,0
train,row-137045,0
train,row-137077,0
train,row-137101,0
train,row-137168,2
train,row-137182,0
train,row-137231,0
train,row-137283,0
train,row-137342,0
train,row-137430,0
train,row-137475,0
train,row-137476,0
train,row-137499,0
train,row-137568,0
train,row-137643,0
train,row-137677,0
train,row-137683,0
train,row-137687,0
train,row-137720,0
train,row-137813,0
train,row-137961,2
train,row-138004,0
train,row-138010,0
train,row-138035,0
train,row-138051,0
train,row-138052,0
train,row-138123,0
train,row-138131,0
train,row-138191,0
train,row-138290,0
train,row-138369,0
train,row-138378,2
train,row-138403,0
train,row-138445,0
train,row-138581,0
train,row-138583,0
train,row-138613,0
train,row-138624,0
train,row-138634,0
train,row-138695,2
train,row-138755,2
train,row-138794,0
train,row-138850,0
train,row-138886,0
train,row-138890,0
train,row-138909,0
train,row-138941,0
train,row-138943,0
train,row-139003,0
train,row-139011,0
train,row-139028,0
train,row-139037,0
train,row-139061,0
train,row-139081,0
train,row-139122,2
train,row-139168,0
train,row-139214,0
train,row-139290,0
train,row-139292,0
train,row-139316,0
train,row-139317,2
train,row-139322,0
train,row-139403,0
train,row-139521,0
train,row-139526,0
train,row-139623,0
train,row-139748,0
train,row-139772,0
train,row-139792,0
train,row-139839,0
train,row-139844,2
train,row-139865,0
train,row-139897,0
train,row-139904,2
train,row-139925,0
train,row-139943,0
train,row-140018,0
train,row-140049,0
train,row-140113,0
train,row-140117,0
train,row-140132,0
train,row-140207,0
train,row-140283,0
train,row-140321,2
train,row-140351,0
train,row-140377,0
train,row-140523,0
train,row-140540,0
train,row-140612,0
train,row-140632,0
train,row-140646,0
train,row-140666,2
train,row-140740,2
train,row-140745,0
train,row-140853,0
train,row-140863,0
train,row-140900,0
train,row-140986,0
train,row-140995,0
train,row-141007,0
train,row-141009,0
train,row-141112,0
train,row-141138,2
train,row-141142,0
train,row-141216,0
train,row-141251,0
train,row-141261,0
train,row-141292,0
train,row-141320,0
train,row-141332,0
train,row-141417,0
train,row-141424,0
train,row-141551,0
train,row-141584,0
train,row-141686,2
train,row-141757,2
train,row-141878,0
train,row-141915,0
train,row-141944,0
train,row-142038,0
train,row-142224,0
train,row-142325,0
train,row-142418,0
train,row-142444,0
train,row-142456,0
train,row-142472,2
train,row-142514,0
train,row-142598,0
train,row-142649,2
train,row-142670,0
train,row-142686,0
train,row-142710,0
train,row-142812,0
train,row-142836,2
train,row-142855,0
train,row-142860,0
train,row-142867,0
train,row-142915,0
train,row-142991,0
train,row-143069,0
train,row-143101,0
train,row-143146,2
train,row-143167,0
train,row-143207,0
train,row-143223,0
train,row-143253,0
train,row-143323,0
train,row-143347,0
train,row-143358,0
train,row-143379,0
train,row-143465,0
train,row-143569,0
train,row-143585,0
train,row-143603,0
train,row-143642,0
train,row-143643,0
train,row-143676,0
train,row-143693,2
train,row-143731,0
train,row-143763,0
train,row-143849,0
train,row-143883,0
train,row-143905,0
train,row-143924,0
train,row-143964,0
train,row-144053,2
train,row-144083,0
train,row-144331,0
train,row-144413,0
train,row-144471,0
train,row-144572,0
train,row-144578,0
train,row-144582,0
train,row-144681,0
train,row-144746,0
train,row-144749,0
train,row-144800,0
train,row-144808,0
train,row-144811,0
train,row-144854,0
train,row-144861,0
train,row-144862,0
train,row-144885,0
train,row-144892,2
train,row-144902,0
train,row-144908,0
train,row-144975,0
train,row-144979,0
train,row-145003,2
train,row-145133,0
train,row-145170,0
train,row-145231,0
train,row-145252,2
train,row-145391,0
train,row-145497,2
train,row-145512,0
train,row-145551,0
train,row-145594,0
train,row-145628,0
train,row-145683,0
train,row-145783,2
train,row-145823,0
train,row-145842,0
train,row-145933,0
train,row-146065,0
train,row-146097,0
train,row-146178,0
train,row-146259,0
train,row-146361,2
train,row-146558,0
train,row-146567,0
train,row-146601,0
train,row-146658,0
train,row-146670,0
train,row-146675,0
train,row-146702,0
train,row-146726,0
train,row-146758,0
train,row-146767,0
train,row-146821,2
train,row-146836,0
train,row-146875,0
train,row-146876,0
train,row-146896,0
train,row-146932,0
train,row-147051,0
train,row-147135,0
train,row-147143,0
train,row-147165,0
train,row-147193,0
train,row-147225,0
train,row-147272,0
train,row-147283,0
train,row-147307,0
train,row-147346,0
train,row-147353,0
train,row-147378,0
train,row-147402,0
train,row-147419,0
train,row-147481,0
train,row-147509,0
train,row-147550,0
train,row-147569,0
train,row-147657,0
train,row-147694,0
train,row-147723,0
train,row-147814,0
train,row-147842,0
train,row-147900,0
train,row-147948,0
train,row-147953,0
train,row-147955,2
train,row-147987,0
train,row-147993,0
train,row-148062,0
train,row-148083,0
train,row-148094,2
train,row-148113,1
train,row-148136,0
train,row-148195,0
train,row-148198,0
train,row-148213,0
train,row-148225,0
train,row-148232,0
train,row-148320,2
train,row-148321,0
train,row-148329,0
train,row-148375,0
train,row-148411,0
train,row-148458,0
train,row-148497,0
train,row-148558,0
train,row-148575,0
train,row-148581,0
train,row-148695,0
train,row-148731,0
train,row-148802,0
train,row-148842,0
train,row-148942,0
train,row-148980,0
train,row-149060,1
train,row-149086,0
train,row-149088,0
train,row-149094,0
train,row-149186,0
train,row-149301,2
train,row-149353,0
train,row-149354,0
train,row-149356,0
train,row-149376,0
train,row-149437,0
train,row-149440,0
train,row-149483,0
train,row-149592,0
train,row-149668,0
train,row-149682,0
train,row-149700,2
train,row-149720,0
train,row-149752,0
train,row-149779,0
train,row-149808,0
train,row-149835,0
train,row-149871,0
train,row-149885,0
train,row-149891,1
train,row-149894,2
train,row-149914,0
train,row-150004,0
train,row-150041,0
train,row-150064,0
train,row-150080,2
train,row-150100,0
train,row-150119,0
train,row-150125,0
train,row-150145,0
train,row-150204,0
train,row-150318,1
train,row-150320,2
train,row-150349,0
train,row-150387,0
train,row-150499,2
train,row-150545,0
train,row-150626,0
train,row-150649,0
train,row-150743,0
train,row-150852,0
train,row-150886,0
train,row-150902,0
train,row-150918,0
train,row-150966,2
train,row-150991,0
train,row-151085,0
train,row-151111,0
train,row-151118,0
train,row-151172,2
train,row-151258,0
train,row-151296,0
train,row-151340,2
train,row-151342,1
train,row-151344,0
train,row-151379,0
train,row-151382,0
train,row-151553,0
train,row-151559,0
train,row-151624,0
train,row-151720,0
train,row-151769,2
train,row-151776,0
train,row-151791,1
train,row-151821,0
train,row-151827,0
train,row-151866,0
train,row-151893,0
train,row-151923,0
train,row-151941,0
train,row-151958,0
train,row-152035,0
train,row-152086,0
train,row-152101,1
train,row-152186,0
train,row-152300,2
train,row-152324,2
train,row-152332,1
train,row-152392,0
train,row-152407,0
train,row-152493,0
train,row-152507,0
train,row-152511,0
train,row-152533,0
train,row-152581,0
train,row-152594,0
train,row-152608,0
train,row-152653,0
train,row-152672,0
train,row-152673,0
train,row-152686,0
train,row-152688,0
train,row-152755,0
train,row-152779,1
train,row-152799,0
train,row-152904,0
train,row-152970,0
train,row-152975,0
train,row-153091,0
train,row-153094,0
train,row-153166,0
train,row-153198,0
train,row-153356,0
train,row-153382,2
train,row-153421,0
train,row-153466,0
train,row-153485,0
train,row-153556,0
train,row-153559,0
train,row-153658,0
train,row-153696,0
train,row-153697,2
train,row-153701,0
train,row-153710,0
train,row-153714,0
train,row-153874,0
train,row-154033,0
train,row-154044,0
train,row-154072,2
train,row-154092,0
train,row-154108,0
train,row-154155,0
train,row-154210,0
train,row-154259,1
train,row-154291,0
train,row-154299,0
train,row-154302,0
train,row-154309,0
train,row-154496,0
train,row-154504,0
train,row-154518,0
train,row-154544,0
train,row-154591,0
train,row-154601,2
train,row-154626,0
train,row-154641,0
train,row-154645,0
train,row-154690,0
train,row-154795,0
train,row-154841,0
train,row-154885,0
train,row-155019,2
train,row-155029,2
train,row-155062,0
train,row-155085,0
train,row-155125,0
train,row-155254,0
train,row-155281,0
train,row-155359,0
train,row-155401,0
train,row-155420,0
train,row-155430,0
train,row-155443,0
train,row-155471,2
train,row-155520,0
train,row-155578,0
train,row-155624,2
train,row-155631,0
train,row-155652,0
train,row-155694,0
train,row-155702,0
train,row-155708,2
train,row-155789,0
train,row-155849,0
train,row-155853,0
train,row-155906,2
train,row-155937,0
train,row-156004,0
train,row-156008,2
train,row-156011,0
train,row-156019,0
train,row-156248,0
train,row-156250,0
train,row-156275,0
train,row-156305,0
train,row-156311,0
train,row-156343,2
train,row-156370,0
train,row-156409,0
train,row-156427,0
train,row-156461,0
train,row-156507,0
train,row-156541,0
train,row-156624,0
train,row-156725,0
train,row-156750,0
train,row-156782,0
train,row-156814,2
train,row-156885,0
train,row-156887,0
train,row-156896,2
train,row-156897,0
train,row-156921,1
train,row-156956,0
train,row-156965,0
train,row-156970,2
train,row-156977,0
train,row-157206,0
train,row-157251,0
train,row-157630,0
train,row-157692,0
train,row-157710,0
train,row-157740,0
train,row-157774,0
train,row-157784,2
train,row-157822,0
train,row-157838,0
train,row-157891,0
train,row-157918,0
train,row-157939,0
train,row-157947,2
train,row-158225,2
train,row-158251,0
train,row-158263,0
train,row-158288,0
train,row-158304,2
train,row-158461,0
train,row-158541,0
train,row-158554,0
train,row-158560,0
train,row-158592,0
train,row-158632,0
train,row-158651,0
train,row-158677,0
train,row-158702,0
train,row-158704,0
train,row-158745,0
train,row-158778,0
train,row-158787,2
train,row-158802,0
train,row-158988,0
train,row-159002,0
train,row-159005,0
train,row-159032,0
train,row-159039,0
train,row-159073,0
train,row-159078,0
train,row-159088,0
train,row-159101,0
train,row-159117,0
train,row-159137,0
train,row-159152,0
train,row-159175,0
train,row-159222,0
train,row-159308,0
train,row-159310,0
train,row-159355,0
train,row-159441,0
train,row-159502,0
train,row-159508,0
train,row-159514,0
train,row-159599,0
train,row-159618,0
train,row-159646,0
train,row-159768,0
train,row-159914,0
train,row-159999,0
train,row-160055,2
train,row-160076,0
train,row-160086,0
train,row-160165,0
train,row-160223,0
train,row-160273,0
train,row-160333,0
train,row-160418,0
train,row-160602,0
train,row-160618,0
train,row-160633,0
train,row-160672,2
train,row-160761,0
train,row-160766,0
train,row-160933,0
train,row-161026,2
train,row-161058,0
train,row-161069,2
train,row-161199,0
train,row-161226,2
train,row-161352,0
train,row-161376,0
train,row-161384,0
train,row-161391,0
train,row-161392,0
train,row-161454,0
train,row-161463,0
train,row-161685,2
train,row-161753,0
train,row-161768,0
train,row-161823,0
train,row-161878,2
train,row-161939,0
train,row-161951,0
train,row-161991,0
train,row-162031,0
train,row-162084,0
train,row-162129,0
train,row-162152,2
train,row-162191,2
train,row-162229,0
train,row-162249,0
train,row-162293,0
train,row-162372,0
train,row-162399,0
train,row-162465,2
train,row-162538,0
train,row-162539,0
train,row-162557,0
train,row-162599,0
train,row-162798,0
train,row-162832,0
train,row-162846,0
train,row-162856,0
train,row-162950,0
train,row-162982,0
train,row-162998,0
train,row-163055,0
train,row-163207,0
train,row-163283,0
train,row-163346,0
train,row-163393,0
train,row-163399,0
train,row-163447,0
train,row-163459,2
train,row-163475,0
train,row-163476,2
train,row-163483,0
train,row-163687,0
train,row-163740,0
train,row-163790,0
train,row-163820,0
train,row-163865,0
train,row-163889,0
train,row-164050,0
train,row-164132,0
train,row-164209,0
train,row-164218,0
train,row-164304,0
train,row-164335,0
train,row-164375,2
train,row-164467,0
train,row-164476,0
train,row-164511,0
train,row-164577,0
train,row-164587,0
train,row-164689,0
train,row-164696,0
train,row-164725,0
train,row-164727,0
train,row-164763,0
train,row-164939,0
train,row-164971,0
train,row-164996,0
train,row-165026,0
train,row-165040,2
train,row-165158,2
train,row-165250,0
train,row-165254,2
train,row-165320,0
train,row-165353,0
train,row-165478,0
train,row-165486,0
train,row-165489,0
train,row-165503,0
train,row-165521,0
train,row-165575,0
train,row-165622,1
train,row-165641,0
train,row-165652,0
train,row-165749,0
train,row-165753,0
train,row-165768,2
train,row-165775,2
train,row-165810,0
train,row-165868,0
train,row-165904,0
train,row-165957,0
train,row-165962,0
train,row-166199,2
train,row-166205,0
train,row-166240,0
train,row-166258,0
train,row-166260,0
train,row-166277,0
train,row-166388,0
train,row-166406,0
train,row-166462,0
train,row-166468,0
train,row-166554,0
train,row-166650,0
train,row-166732,0
train,row-166746,0
train,row-166753,0
train,row-166856,0
train,row-166952,0
train,row-166967,0
train,row-166973,2
train,row-166977,0
train,row-167016,0
train,row-167023,0
train,row-167059,0
train,row-167124,0
train,row-167134,0
train,row-167143,2
train,row-167163,0
train,row-167480,0
train,row-167517,0
train,row-167571,0
train,row-167586,0
train,row-167648,0
train,row-167687,0
train,row-167691,0
train,row-167705,0
train,row-167727,0
train,row-167755,0
train,row-167805,0
train,row-167814,2
train,row-167863,0
train,row-167900,0
train,row-167907,0
train,row-167992,0
train,row-168009,0
train,row-168018,0
train,row-168072,0
train,row-168084,0
train,row-168104,0
train,row-168123,2
train,row-168141,2
train,row-168191,0
train,row-168207,0
train,row-168234,0
train,row-168307,0
train,row-168354,0
train,row-168365,0
train,row-168394,0
train,row-168539,0
train,row-168549,0
train,row-168575,0
train,row-168640,0
train,row-168715,0
train,row-168749,0
train,row-168779,0
train,row-168817,1
train,row-168849,0
train,row-168867,0
train,row-168875,0
train,row-168900,0
train,row-168985,0
train,row-169001,0
train,row-169011,0
train,row-169018,0
train,row-169063,2
train,row-169079,2
train,row-169092,0
train,row-169120,0
train,row-169124,0
train,row-169232,0
train,row-169266,0
train,row-169318,0
train,row-169347,0
train,row-169369,0
train,row-169437,0
train,row-169449,0
train,row-169481,0
train,row-169483,0
train,row-169516,0
train,row-169622,0
train,row-169632,0
train,row-169712,2
train,row-169726,0
train,row-169741,0
train,row-169745,0
train,row-169752,0
train,row-169753,0
train,row-169783,0
train,row-169829,0
train,row-169837,0
train,row-169897,0
train,row-169971,0
train,row-170008,2
train,row-170032,0
train,row-170069,0
train,row-170148,0
train,row-170225,0
train,row-170249,2
train,row-170259,0
train,row-170406,0
train,row-170418,2
train,row-170425,0
train,row-170474,0
train,row-170500,0
train,row-170526,0
train,row-170529,0
train,row-170587,0
train,row-170595,0
train,row-170617,0
train,row-170618,0
train,row-170624,0
train,row-170662,2
train,row-170746,0
train,row-170822,2
train,row-170834,0
train,row-170906,0
train,row-170943,0
train,row-170983,0
train,row-170996,2
train,row-171015,0
train,row-171085,0
train,row-171162,0
train,row-171308,0
train,row-171369,2
train,row-171496,0
train,row-171502,0
train,row-171624,0
train,row-171628,0
train,row-171630,0
train,row-171631,0
train,row-171842,0
train,row-171875,0
train,row-171929,0
train,row-171940,0
train,row-171956,2
train,row-171985,2
train,row-171993,0
train,row-172099,0
train,row-172116,2
train,row-172137,2
train,row-172151,2
train,row-172225,0
train,row-172268,0
train,row-172316,0
train,row-172433,0
train,row-172487,0
train,row-172494,0
train,row-172511,2
train,row-172526,2
train,row-172536,0
train,row-172593,1
train,row-172626,0
train,row-172774,0
train,row-172804,0
train,row-172812,0
train,row-172876,0
train,row-172883,0
train,row-172925,0
train,row-172949,0
train,row-172954,0
train,row-172957,0
train,row-172973,0
train,row-172989,0
train,row-173003,0
train,row-173053,0
train,row-173059,0
train,row-173079,0
train,row-173102,0
train,row-173106,2
train,row-173119,0
train,row-173126,0
train,row-173152,0
train,row-173159,0
train,row-173188,0
train,row-173191,0
train,row-173218,0
train,row-173230,0
train,row-173245,0
train,row-173258,0
train,row-173297,0
train,row-173448,0
train,row-173457,0
train,row-173458,0
train,row-173459,0
train,row-173470,0
train,row-173506,0
train,row-173522,0
train,row-173594,0
train,row-173610,0
train,row-173667,0
train,row-173696,0
train,row-173813,0
train,row-173868,0
train,row-173904,0
train,row-173924,0
train,row-174167,0
train,row-174169,1
train,row-174193,0
train,row-174201,0
train,row-174322,0
train,row-174346,1
train,row-174393,0
train,row-174414,0
train,row-174512,0
train,row-174595,2
train,row-174772,2
train,row-174841,0
train,row-174849,2
train,row-174866,2
train,row-174884,2
train,row-174943,0
train,row-174978,0
train,row-175017,0
train,row-175207,0
train,row-175257,0
train,row-175285,0
train,row-175338,0
train,row-175453,0
train,row-175506,0
train,row-175518,2
train,row-175594,0
train,row-175683,0
train,row-175700,2
train,row-175712,0
train,row-175717,0
train,row-175794,0
train,row-175896,0
train,row-175906,0
train,row-175910,0
train,row-175963,0
train,row-176046,0
train,row-176061,0
train,row-176095,0
train,row-176130,2
train,row-176148,2
train,row-176150,0
train,row-176203,0
train,row-176289,0
train,row-176293,0
train,row-176334,0
train,row-176444,0
train,row-176455,2
train,row-176475,0
train,row-176530,0
train,row-176640,0
train,row-176686,0
train,row-176687,0
train,row-176812,0
train,row-176869,0
train,row-176877,0
train,row-176918,0
train,row-176929,0
train,row-176930,0
train,row-176962,0
train,row-176963,0
train,row-176965,0
train,row-177037,0
train,row-177067,2
train,row-177084,0
train,row-177122,0
train,row-177126,0
train,row-177136,0
train,row-177142,0
train,row-177178,0
train,row-177226,2
train,row-177228,0
train,row-177231,0
train,row-177262,0
train,row-177286,0
train,row-177425,2
train,row-177448,0
train,row-177471,1
train,row-177538,0
train,row-177550,2
train,row-177560,0
train,row-177569,0
train,row-177627,0
train,row-177639,0
train,row-177645,0
train,row-177693,0
train,row-177697,0
train,row-177715,0
train,row-177753,0
train,row-177775,0
train,row-177778,2
train,row-177850,0
train,row-177868,0
train,row-178026,0
train,row-178100,2
train,row-178151,0
train,row-178194,0
train,row-178241,0
train,row-178242,0
train,row-178250,0
train,row-178291,0
train,row-178381,0
train,row-178429,0
train,row-178430,2
train,row-178445,0
train,row-178459,0
train,row-178493,0
train,row-178524,2
train,row-178529,0
train,row-178550,0
train,row-178724,0
train,row-178742,0
train,row-178743,0
train,row-178945,2
train,row-178975,0
train,row-179000,0
train,row-179011,0
train,row-179135,2
train,row-179188,0
train,row-179312,2
train,row-179322,0
train,row-179355,0
train,row-179388,2
train,row-179435,0
train,row-179478,0
train,row-179580,0
train,row-179695,0
train,row-179714,0
train,row-179720,0
train,row-179743,0
train,row-179905,0
train,row-180006,0
train,row-180023,0
train,row-180052,2
train,row-180076,0
train,row-180104,0
train,row-180179,0
train,row-180283,0
train,row-180294,0
train,row-180343,0
train,row-180357,0
train,row-180368,0
train,row-180381,0
train,row-180385,0
train,row-180440,2
train,row-180444,2
train,row-180468,2
train,row-180498,0
train,row-180558,0
train,row-180564,0
train,row-180631,0
train,row-180706,2
train,row-180734,0
train,row-180808,0
train,row-180813,0
train,row-180827,0
train,row-180838,0
train,row-180923,0
train,row-180979,2
train,row-181013,2
train,row-181123,2
train,row-181128,0
train,row-181173,0
train,row-181234,0
train,row-181343,0
train,row-181489,0
train,row-181519,0
train,row-181539,2
train,row-181563,0
train,row-181633,0
train,row-181763,0
train,row-181767,0
train,row-181805,0
train,row-181838,0
train,row-181858,2
train,row-181890,0
train,row-181915,0
train,row-181927,0
train,row-182027,0
train,row-182155,0
train,row-182218,0
train,row-182250,0
train,row-182287,2
train,row-182378,0
train,row-182467,2
train,row-182598,0
train,row-182627,0
train,row-182629,0
train,row-182650,2
train,row-182654,0
train,row-182668,0
train,row-182672,0
train,row-182697,0
train,row-182737,0
train,row-182804,2
train,row-182894,0
train,row-182902,0
train,row-183003,0
train,row-183017,2
train,row-183028,0
train,row-183062,2
train,row-183073,0
train,row-183091,0
train,row-183099,0
train,row-183132,0
train,row-183146,0
train,row-183319,0
train,row-183332,2
train,row-183340,0
train,row-183350,0
train,row-183363,0
train,row-183400,2
train,row-183530,0
train,row-183635,1
train,row-183667,0
train,row-183730,2
train,row-183738,2
train,row-183771,0
train,row-183852,0
train,row-183859,2
train,row-183959,0
train,row-184038,0
train,row-184183,2
train,row-184316,0
train,row-184321,0
train,row-184370,0
train,row-184425,0
train,row-184449,2
train,row-184453,0
train,row-184462,0
train,row-184466,0
train,row-184469,0
train,row-184486,0
train,row-184653,0
train,row-184659,0
train,row-184709,2
train,row-184720,0
train,row-184756,0
train,row-184794,0
train,row-184818,2
train,row-184844,0
train,row-184931,0
train,row-184949,2
train,row-185000,0
train,row-185041,0
train,row-185048,0
train,row-185054,0
train,row-185151,0
train,row-185227,0
train,row-185248,0
train,row-185253,0
train,row-185314,0
train,row-185323,2
train,row-185346,2
train,row-185362,0
train,row-185369,0
train,row-185437,0
train,row-185444,0
train,row-185502,0
train,row-185513,0
train,row-185534,0
train,row-185535,0
train,row-185579,0
train,row-185637,0
train,row-185639,2
train,row-185762,2
train,row-185795,0
train,row-185804,0
train,row-185841,2
train,row-185854,0
train,row-185855,0
train,row-186011,0
train,row-186034,0
train,row-186165,2
train,row-186218,2
train,row-186252,0
train,row-186307,0
train,row-186345,0
train,row-186453,0
train,row-186481,0
train,row-186483,0
train,row-186610,2
train,row-186614,2
train,row-186838,2
train,row-186848,0
train,row-186858,0
train,row-186893,0
train,row-187002,0
train,row-187014,0
train,row-187068,0
train,row-187110,2
train,row-187151,0
train,row-187245,0
train,row-187252,0
train,row-187268,0
train,row-187341,0
train,row-187345,2
train,row-187419,0
train,row-187484,0
train,row-187498,0
train,row-187575,0
train,row-187605,0
train,row-187623,0
train,row-187669,0
train,row-187767,0
train,row-187841,0
train,row-187849,0
train,row-188110,0
train,row-188144,0
train,row-188160,2
train,row-188203,0
train,row-188205,0
train,row-188235,0
train,row-188237,0
train,row-188358,0
train,row-188371,2
train,row-188480,0
train,row-188495,2
train,row-188527,0
train,row-188543,0
train,row-188606,0
train,row-188704,0
train,row-188753,0
train,row-188774,0
train,row-188851,0
train,row-188855,0
train,row-188871,0
train,row-188872,0
train,row-188968,2
train,row-188997,0
train,row-189005,0
train,row-189115,0
train,row-189168,2
train,row-189175,0
train,row-189207,0
train,row-189259,0
train,row-189309,0
train,row-189326,2
train,row-189332,0
train,row-189458,0
train,row-189474,0
train,row-189494,0
train,row-189501,2
train,row-189526,0
train,row-189534,0
train,row-189561,0
train,row-189564,0
train,row-189570,0
train,row-189572,0
train,row-189607,0
train,row-189628,2
train,row-189710,0
train,row-189752,0
train,row-189756,0
train,row-189829,1
train,row-189885,0
train,row-189960,2
train,row-190025,0
train,row-190042,0
train,row-190043,0
train,row-190083,0
train,row-190105,2
train,row-190114,2
train,row-190184,0
train,row-190192,0
train,row-190205,0
train,row-190210,0
train,row-190264,0
train,row-190370,1
train,row-190416,0
train,row-190423,2
train,row-190453,0
train,row-190532,0
train,row-190538,0
train,row-190543,0
train,row-190642,0
train,row-190646,0
train,row-190723,0
train,row-190742,0
train,row-190856,2
train,row-190862,0
train,row-190916,0
train,row-190947,0
train,row-190989,0
train,row-191070,0
train,row-191113,0
train,row-191146,0
train,row-191154,0
train,row-191199,0
train,row-191217,2
train,row-191263,2
train,row-191407,0
train,row-191435,0
train,row-191461,0
train,row-191475,0
train,row-191510,0
train,row-191514,0
train,row-191536,0
train,row-191666,0
train,row-191681,0
train,row-191683,0
train,row-191692,0
train,row-191703,0
train,row-191714,0
train,row-191722,0
train,row-191723,0
train,row-191726,0
train,row-191736,0
train,row-191769,0
train,row-191782,2
train,row-191819,2
train,row-191901,0
train,row-191921,0
train,row-191987,0
train,row-192002,0
train,row-192009,0
train,row-192045,0
train,row-192106,2
train,row-192138,0
train,row-192170,2
train,row-192268,0
train,row-192350,1
train,row-192362,0
train,row-192386,0
train,row-192412,0
train,row-192425,0
train,row-192445,0
train,row-192494,0
train,row-192598,2
train,row-192638,0
train,row-192673,0
train,row-192685,1
train,row-192717,2
train,row-192826,0
train,row-192828,0
train,row-192845,0
train,row-192852,2
train,row-192904,0
train,row-192949,0
train,row-192985,0
train,row-193002,0
train,row-193197,2
train,row-193383,0
train,row-193435,0
train,row-193440,0
train,row-193445,0
train,row-193475,0
train,row-193589,0
train,row-193600,0
train,row-193640,0
train,row-193665,2
train,row-193700,0
train,row-193723,0
train,row-193744,2
train,row-193760,0
train,row-193823,0
train,row-193963,0
train,row-194049,0
train,row-194059,0
train,row-194069,0
train,row-194307,0
train,row-194391,0
train,row-194399,0
train,row-194427,0
train,row-194480,0
train,row-194523,0
train,row-194545,0
train,row-194609,0
train,row-194619,0
train,row-194643,0
train,row-194654,0
train,row-194657,2
train,row-194670,0
train,row-194682,0
train,row-194691,0
train,row-194704,0
train,row-194726,0
train,row-194743,2
train,row-194762,0
train,row-194769,0
train,row-194773,0
train,row-194791,0
train,row-194803,0
train,row-194832,2
train,row-194835,0
train,row-194862,0
train,row-194909,0
train,row-194912,0
train,row-194918,2
train,row-194922,0
train,row-194923,0
train,row-194986,0
train,row-194996,0
train,row-195027,0
train,row-195093,0
train,row-195120,0
train,row-195125,0
train,row-195178,2
train,row-195267,0
train,row-195285,0
train,row-195290,0
train,row-195316,0
train,row-195325,0
train,row-195375,0
train,row-195420,0
train,row-195433,0
train,row-195488,0
train,row-195523,2
train,row-195547,0
train,row-195560,0
train,row-195610,0
train,row-195621,0
train,row-195643,2
train,row-195740,0
train,row-195837,0
train,row-195841,0
train,row-195913,0
train,row-195943,0
train,row-196038,0
train,row-196051,0
train,row-196072,0
train,row-196094,0
train,row-196105,1
train,row-196140,0
train,row-196141,0
train,row-196151,2
train,row-196164,0
train,row-196205,0
train,row-196250,0
train,row-196281,0
train,row-196311,0
train,row-196325,0
train,row-196338,0
train,row-196385,0
train,row-196388,0
train,row-196451,0
train,row-196497,0
train,row-196515,0
train,row-196656,0
train,row-196660,0
train,row-196665,0
train,row-196841,0
train,row-196897,0
train,row-196935,0
train,row-196945,0
train,row-197105,2
train,row-197132,2
train,row-197176,0
train,row-197188,0
train,row-197238,0
train,row-197308,0
train,row-197372,0
train,row-197419,0
train,row-197438,0
train,row-197467,0
train,row-197469,0
train,row-197482,0
train,row-197492,2
train,row-197496,0
train,row-197498,0
train,row-197506,0
train,row-197541,2
train,row-197600,2
train,row-197701,0
train,row-197718,0
train,row-197823,0
train,row-197828,2
train,row-197858,0
train,row-197867,0
train,row-197876,0
train,row-197881,0
train,row-197986,0
train,row-198020,0
train,row-198104,0
train,row-198115,0
train,row-198158,2
train,row-198168,0
train,row-198202,0
train,row-198206,0
train,row-198268,0
train,row-198276,0
train,row-198280,0
train,row-198296,0
train,row-198326,2
train,row-198351,0
train,row-198354,0
train,row-198367,0
train,row-198420,0
train,row-198448,2
train,row-198556,0
train,row-198579,0
train,row-198590,0
train,row-198728,0
train,row-198812,0
train,row-198841,0
train,row-199387,2
train,row-199463,2
train,row-199484,0
train,row-199509,0
train,row-199557,0
train,row-199599,0
train,row-199685,0
train,row-199702,0
train,row-199803,0
train,row-199804,0
train,row-199851,0
train,row-199861,0
train,row-200008,0
train,row-200019,2
train,row-200029,0
train,row-200076,2
train,row-200213,0
train,row-200262,0
train,row-200291,0
train,row-200345,0
train,row-200374,0
train,row-200404,0
train,row-200450,0
train,row-200477,0
train,row-200526,0
train,row-200542,0
train,row-200551,2
train,row-200566,0
train,row-200579,0
train,row-200621,0
train,row-200680,0
train,row-200753,0
train,row-200784,0
train,row-200816,2
train,row-200847,0
train,row-200856,0
train,row-200872,0
train,row-200904,0
train,row-201025,0
train,row-201046,2
train,row-201059,0
train,row-201063,2
train,row-201090,0
train,row-201094,0
train,row-201095,2
train,row-201207,0
train,row-201217,0
train,row-201276,0
train,row-201409,0
train,row-201541,0
train,row-201590,0
train,row-201615,0
train,row-201649,0
train,row-201705,0
train,row-201754,0
train,row-201757,0
train,row-201775,0
train,row-201784,0
train,row-201795,0
train,row-201907,0
train,row-201929,0
train,row-202015,0
train,row-202023,0
train,row-202053,0
train,row-202096,2
train,row-202157,0
train,row-202202,0
train,row-202212,0
train,row-202225,2
train,row-202382,2
train,row-202427,0
train,row-202448,0
train,row-202471,0
train,row-202488,0
train,row-202522,0
train,row-202557,0
train,row-202573,0
train,row-202578,0
train,row-202583,2
train,row-202596,0
train,row-202645,0
train,row-202695,0
train,row-202707,0
train,row-202740,0
train,row-202798,0
train,row-202845,0
train,row-202862,0
train,row-202864,0
train,row-202881,0
train,row-202911,0
train,row-202916,0
train,row-202952,0
train,row-202997,0
train,row-203021,2
train,row-203154,0
train,row-203167,0
train,row-203211,0
train,row-203231,0
train,row-203237,0
train,row-203291,0
train,row-203336,2
train,row-203347,0
train,row-203438,0
train,row-203463,2
train,row-203556,2
train,row-203579,0
train,row-203708,0
train,row-203739,2
train,row-203745,0
train,row-203758,0
train,row-203763,0
train,row-203764,0
train,row-203819,0
train,row-203828,0
train,row-203848,0
train,row-203860,0
train,row-203898,0
train,row-204093,0
train,row-204112,0
train,row-204114,0
train,row-204122,0
train,row-204158,2
train,row-204195,0
train,row-204213,0
train,row-204273,0
train,row-204282,0
train,row-204284,2
train,row-204295,0
train,row-204319,0
train,row-204519,2
train,row-204552,0
train,row-204564,2
train,row-204568,0
train,row-204574,0
train,row-204586,0
train,row-204694,0
train,row-204720,0
train,row-204727,0
train,row-204740,0
train,row-204796,2
train,row-204817,0
train,row-204922,0
train,row-204976,2
train,row-205074,0
train,row-205084,0
train,row-205110,0
train,row-205120,0
train,row-205152,0
train,row-205170,0
train,row-205193,2
train,row-205207,2
train,row-205349,2
train,row-205423,0
train,row-205452,0
train,row-205589,0
train,row-205642,2
train,row-205657,0
train,row-205676,0
train,row-205687,0
train,row-205741,0
train,row-205783,0
train,row-205870,2
train,row-205918,0
train,row-205993,0
train,row-206019,0
train,row-206226,0
train,row-206359,0
train,row-206364,2
train,row-206371,0
train,row-206395,0
train,row-206414,0
train,row-206419,0
train,row-206442,0
train,row-206449,0
train,row-206513,0
train,row-206624,2
train,row-206704,0
train,row-206733,0
train,row-206766,0
train,row-206833,0
train,row-206874,0
train,row-206932,0
train,row-206943,0
train,row-206948,0
train,row-206997,0
train,row-207043,2
train,row-207045,2
train,row-207049,2
train,row-207077,2
train,row-207109,0
train,row-207134,2
train,row-207148,0
train,row-207191,2
train,row-207355,0
train,row-207415,0
train,row-207429,0
train,row-207463,0
train,row-207475,0
train,row-207477,0
train,row-207491,0
train,row-207538,2
train,row-207613,0
train,row-207621,0
train,row-207638,0
train,row-207671,0
train,row-207672,0
train,row-207680,0
train,row-207685,0
train,row-207712,0
train,row-207831,2
train,row-207834,1
train,row-207862,0
train,row-207863,0
train,row-207865,0
train,row-208020,2
train,row-208058,0
train,row-208063,2
train,row-208092,0
train,row-208100,0
train,row-208180,0
train,row-208220,0
train,row-208260,0
train,row-208392,0
train,row-208518,2
train,row-208523,0
train,row-208553,2
train,row-208560,0
train,row-208617,0
train,row-208668,2
train,row-208737,0
train,row-208753,0
train,row-208822,0
train,row-208826,0
train,row-208833,0
train,row-208855,0
train,row-208911,0
train,row-208915,0
train,row-208941,2
train,row-209039,0
train,row-209052,0
train,row-209138,0
train,row-209162,0
train,row-209165,2
train,row-209173,0
train,row-209184,0
train,row-209199,0
train,row-209202,0
train,row-209207,0
train,row-209247,0
train,row-209336,0
train,row-209351,0
train,row-209502,0
train,row-209600,0
train,row-209645,0
train,row-209728,0
train,row-209846,2
train,row-209920,1
train,row-209932,0
train,row-210026,0
train,row-210047,0
train,row-210089,0
train,row-210178,0
train,row-210310,2
train,row-210359,1
train,row-210510,0
train,row-210572,0
train,row-210600,0
train,row-210649,0
train,row-210657,2
train,row-210671,0
train,row-210685,1
train,row-210727,2
train,row-210737,0
train,row-210776,0
train,row-210794,0
train,row-210895,0
train,row-210901,0
train,row-210904,0
train,row-210948,2
train,row-211000,0
train,row-211005,0
train,row-211025,0
train,row-211033,2
train,row-211038,0
train,row-211133,0
train,row-211218,2
train,row-211241,0
train,row-211291,0
train,row-211313,0
train,row-211316,1
train,row-211326,2
train,row-211407,2
train,row-211461,0
train,row-211545,0
train,row-211602,0
train,row-211681,0
train,row-211706,0
train,row-211814,0
train,row-211832,0
train,row-211838,0
train,row-211860,0
train,row-211930,0
train,row-211937,0
train,row-211941,0
train,row-211987,0
train,row-212032,0
train,row-212033,0
train,row-212048,0
train,row-212206,0
train,row-212219,0
train,row-212238,0
train,row-212269,2
train,row-212350,0
train,row-212383,2
train,row-212435,0
train,row-212468,0
train,row-212503,0
train,row-212537,2
train,row-212546,2
train,row-212590,0
train,row-212666,0
train,row-212694,0
train,row-212721,0
train,row-212742,0
train,row-212751,0
train,row-212752,0
train,row-212789,0
train,row-212803,2
train,row-212836,0
train,row-212840,2
train,row-212858,2
train,row-212890,0
train,row-213018,2
train,row-213098,0
train,row-213194,0
train,row-213205,0
train,row-213308,2
train,row-213336,0
train,row-213431,2
train,row-213498,0
train,row-213507,0
train,row-213560,0
train,row-213649,0
train,row-213670,0
train,row-213674,0
train,row-213760,1
train,row-213941,0
train,row-213983,0
train,row-214077,0
train,row-214090,0
train,row-214138,0
train,row-214264,0
train,row-214265,0
train,row-214331,0
train,row-214357,0
train,row-214365,0
train,row-214382,0
train,row-214449,0
train,row-214537,0
train,row-214607,0
train,row-214690,0
train,row-214723,0
train,row-214732,2
train,row-214738,0
train,row-214739,2
train,row-214787,0
train,row-214811,0
train,row-214857,0
train,row-214939,0
train,row-214989,0
train,row-215049,0
train,row-215050,0
train,row-215072,0
train,row-215093,0
train,row-215185,0
train,row-215210,0
train,row-215232,0
train,row-215256,0
train,row-215329,0
train,row-215356,2
train,row-215404,0
train,row-215420,0
train,row-215427,0
train,row-215561,0
train,row-215602,0
train,row-215665,0
train,row-215717,0
train,row-215758,0
train,row-215924,0
train,row-215941,0
train,row-215980,0
train,row-215987,0
train,row-216171,0
train,row-216657,0
train,row-216681,0
train,row-216712,0
train,row-216713,0
train,row-216825,0
train,row-216844,0
train,row-216872,2
train,row-216907,0
train,row-216908,0
train,row-216919,0
train,row-217001,2
train,row-217008,2
train,row-217035,0
train,row-217049,0
train,row-217144,0
train,row-217227,0
train,row-217320,0
train,row-217369,0
train,row-217444,0
train,row-217574,0
train,row-217604,0
train,row-217815,0
train,row-217874,0
train,row-217879,2
train,row-217885,0
train,row-217980,0
train,row-218005,0
train,row-218036,0
train,row-218111,0
train,row-218147,2
train,row-218178,0
train,row-218236,2
train,row-218271,0
train,row-218312,0
train,row-218341,2
train,row-218380,0
train,row-218391,0
train,row-218483,0
train,row-218500,0
train,row-218503,0
train,row-218553,0
train,row-218599,0
train,row-218627,0
train,row-218632,0
train,row-218643,0
train,row-218676,0
train,row-218724,2
train,row-218727,2
train,row-218765,0
train,row-218862,0
train,row-218929,0
train,row-218967,0
train,row-219019,0
train,row-219254,0
train,row-219339,0
train,row-219442,0
train,row-219449,0
train,row-219484,0
train,row-219520,2
train,row-219626,2
train,row-219651,0
train,row-219668,0
train,row-219723,0
train,row-219772,0
train,row-219778,0
train,row-219793,0
train,row-219816,2
train,row-219830,1
train,row-219833,0
train,row-219845,2
train,row-219863,0
train,row-219886,0
train,row-219919,0
train,row-219940,0
train,row-220005,0
train,row-220085,2
train,row-220160,0
train,row-220278,0
train,row-220287,0
train,row-220315,0
train,row-220316,0
train,row-220386,0
train,row-220403,0
train,row-220416,0
train,row-220459,0
train,row-220508,0
train,row-220569,0
train,row-220693,0
train,row-220715,0
train,row-220765,0
train,row-220778,0
train,row-220896,0
train,row-220960,0
train,row-220987,2
train,row-221048,0
train,row-221059,0
train,row-221060,0
train,row-221087,0
train,row-221095,0
train,row-221105,0
train,row-221118,0
train,row-221167,0
train,row-221188,0
train,row-221256,2
train,row-221300,0
train,row-221306,1
train,row-221451,2
train,row-221479,0
train,row-221499,0
train,row-221512,0
train,row-221565,0
train,row-221599,0
train,row-221665,0
train,row-221683,0
train,row-221744,0
train,row-221809,0
train,row-221833,0
train,row-221952,0
train,row-222005,2
train,row-222027,0
train,row-222041,0
train,row-222197,0
train,row-222200,0
train,row-222365,0
train,row-222402,0
train,row-222412,0
train,row-222417,0
train,row-222427,0
train,row-222441,0
train,row-222451,0
train,row-222457,0
train,row-222497,0
train,row-222527,0
train,row-222540,0
train,row-222567,0
train,row-222595,0
train,row-222639,0
train,row-222684,0
train,row-222858,0
train,row-222892,2
train,row-222910,0
train,row-222958,0
train,row-223032,0
train,row-223098,0
train,row-223136,0
train,row-223138,0
train,row-223210,0
train,row-223213,0
train,row-223234,0
train,row-223263,2
train,row-223276,0
train,row-223280,0
train,row-223301,2
train,row-223324,2
train,row-223413,0
train,row-223426,0
train,row-223474,0
train,row-223486,0
train,row-223515,2
train,row-223524,0
train,row-223544,0
train,row-223555,0
train,row-223638,2
train,row-223716,2
train,row-223725,0
train,row-223731,0
train,row-223754,0
train,row-223782,0
train,row-223835,0
train,row-223858,0
train,row-223862,0
train,row-223876,0
train,row-223957,0
train,row-223985,0
train,row-224061,0
train,row-224092,0
train,row-224099,0
train,row-224169,0
train,row-224171,0
train,row-224207,0
train,row-224209,0
train,row-224246,0
train,row-224364,0
train,row-224367,2
train,row-224369,0
train,row-224387,0
train,row-224391,0
train,row-224411,0
train,row-224414,0
train,row-224440,1
train,row-224547,0
train,row-224574,0
train,row-224655,0
train,row-224660,2
train,row-224737,0
train,row-224740,0
train,row-224756,0
train,row-224797,0
train,row-224798,0
train,row-224820,0
train,row-224946,0
train,row-224966,2
train,row-224969,0
train,row-225031,0
train,row-225077,2
train,row-225227,0
train,row-225290,0
train,row-225436,1
train,row-225450,2
train,row-225473,0
train,row-225481,0
train,row-225501,2
train,row-225544,0
train,row-225545,0
train,row-225570,0
train,row-225643,0
train,row-225661,0
train,row-225699,0
train,row-225716,0
train,row-225724,0
train,row-225762,0
train,row-225787,0
train,row-225834,0
train,row-225839,0
train,row-225896,0
train,row-225901,0
train,row-225913,2
train,row-225917,0
train,row-225926,0
train,row-225930,0
train,row-225987,0
train,row-226062,2
train,row-226065,0
train,row-226105,0
train,row-226117,0
train,row-226118,0
train,row-226130,0
train,row-226191,0
train,row-226366,0
train,row-226394,2
train,row-226520,0
train,row-226578,0
train,row-226617,0
train,row-226661,2
train,row-226727,0
train,row-226735,0
train,row-226762,0
train,row-226824,0
train,row-226846,0
train,row-226851,0
train,row-227005,1
train,row-227041,0
train,row-227049,0
train,row-227156,0
train,row-227164,0
train,row-227347,0
train,row-227370,0
train,row-227412,0
train,row-227423,0
train,row-227481,1
train,row-227494,0
train,row-227537,0
train,row-227568,0
train,row-227584,0
train,row-227633,0
train,row-227636,0
train,row-227665,0
train,row-227672,2
train,row-227710,0
train,row-227732,0
train,row-227754,0
train,row-227766,0
train,row-227786,0
train,row-227794,0
train,row-227850,0
train,row-227874,2
train,row-227911,0
train,row-227935,2
train,row-227952,0
train,row-227958,0
train,row-227961,0
train,row-228006,2
train,row-228058,0
train,row-228085,0
train,row-228131,0
train,row-228138,0
train,row-228158,0
train,row-228164,2
train,row-228187,0
train,row-228223,0
train,row-228241,2
train,row-228269,0
train,row-228375,0
train,row-228385,0
train,row-228396,0
train,row-228578,0
train,row-228607,2
train,row-228640,0
train,row-228693,0
train,row-228702,0
train,row-228767,0
train,row-228794,0
train,row-228801,0
train,row-228846,0
train,row-228847,0
train,row-228888,0
train,row-228971,0
train,row-229047,0
train,row-229059,2
train,row-229078,0
train,row-229141,0
train,row-229145,0
train,row-229171,0
train,row-229185,2
train,row-229200,0
train,row-229208,1
train,row-229209,0
train,row-229259,0
train,row-229298,0
train,row-229326,0
train,row-229360,2
train,row-229441,0
train,row-229490,0
train,row-229529,0
train,row-229613,0
train,row-229674,0
train,row-229690,0
train,row-229785,0
train,row-229802,0
train,row-229847,0
train,row-229957,0
train,row-229958,0
train,row-229974,0
train,row-230044,0
train,row-230176,0
train,row-230256,0
train,row-230277,0
train,row-230286,0
train,row-230353,0
train,row-230391,2
train,row-230423,0
train,row-230450,0
train,row-230460,0
train,row-230489,0
train,row-230634,0
train,row-230818,0
train,row-230839,2
train,row-230852,2
train,row-230854,0
train,row-230980,0
train,row-231075,0
train,row-231087,0
train,row-231178,0
train,row-231221,0
train,row-231272,0
train,row-231314,0
train,row-231366,0
train,row-231381,0
train,row-231382,0
train,row-231442,0
train,row-231469,0
train,row-231526,0
train,row-231533,0
train,row-231603,2
train,row-231629,0
train,row-231676,1
train,row-231710,0
train,row-231722,2
train,row-231751,0
train,row-231893,0
train,row-232036,0
train,row-232083,2
train,row-232126,2
train,row-232191,0
train,row-232216,0
train,row-232233,0
train,row-232304,0
train,row-232309,0
train,row-232330,0
train,row-232335,0
train,row-232343,2
train,row-232358,0
train,row-232365,0
train,row-232392,0
train,row-232432,0
train,row-232463,0
train,row-232473,2
train,row-232483,1
train,row-232574,2
train,row-232583,2
train,row-232635,0
train,row-232645,0
train,row-232671,0
train,row-232742,0
train,row-232745,0
train,row-232769,0
train,row-232772,0
train,row-232812,0
train,row-232851,0
train,row-232890,0
train,row-232932,0
train,row-232953,0
train,row-233013,0
train,row-233085,0
train,row-233159,0
train,row-233233,0
train,row-233279,0
train,row-233380,0
train,row-233402,0
train,row-233472,0
train,row-233485,2
train,row-233516,0
train,row-233564,0
train,row-233580,2
train,row-233656,0
train,row-233684,0
train,row-233687,2
train,row-233710,0
train,row-233743,0
train,row-233778,0
train,row-233779,0
train,row-233829,2
train,row-233884,0
train,row-233919,1
train,row-233926,0
train,row-233947,0
train,row-233994,0
train,row-234005,2
train,row-234042,0
train,row-234068,2
train,row-234073,2
train,row-234085,0
train,row-234094,0
train,row-234095,0
train,row-234101,2
train,row-234109,0
train,row-234130,0
train,row-234170,0
train,row-234267,0
train,row-234333,0
train,row-234380,2
train,row-234432,0
train,row-234464,0
train,row-234468,0
train,row-234473,0
train,row-234555,0
train,row-234571,0
train,row-234613,0
train,row-234642,0
train,row-234647,0
train,row-234694,0
train,row-234722,0
train,row-234735,0
train,row-234918,0
train,row-235087,0
train,row-235114,0
train,row-235138,0
train,row-235166,2
train,row-235174,0
train,row-235228,0
train,row-235286,0
train,row-235300,0
train,row-235312,0
train,row-235323,0
train,row-235325,2
train,row-235336,2
train,row-235374,0
train,row-235395,0
train,row-235414,0
train,row-235419,0
train,row-235441,0
train,row-235482,0
train,row-235500,0
train,row-235584,1
train,row-235623,2
train,row-235625,0
train,row-235647,0
train,row-235734,0
train,row-235754,0
train,row-235794,0
train,row-235804,0
train,row-235826,0
train,row-235845,0
train,row-235953,2
train,row-236026,0
train,row-236101,0
train,row-236131,2
train,row-236158,0
train,row-236259,0
train,row-236267,0
train,row-236299,0
train,row-236383,0
train,row-236429,0
train,row-236447,0
train,row-236456,0
train,row-236539,0
train,row-236591,0
train,row-236594,2
train,row-236615,0
train,row-236695,0
train,row-236720,0
train,row-236789,0
train,row-236901,0
train,row-236930,0
train,row-236952,0
train,row-236965,0
train,row-236997,0
train,row-237021,0
train,row-237033,2
train,row-237047,0
train,row-237054,0
train,row-237150,0
train,row-237168,0
train,row-237267,0
train,row-237288,0
train,row-237322,0
train,row-237440,0
train,row-237442,0
train,row-237466,0
train,row-237536,0
train,row-237569,0
train,row-237618,0
train,row-237619,0
train,row-237662,0
train,row-237760,0
train,row-237783,0
train,row-237818,0
train,row-237842,0
train,row-237902,0
train,row-237934,0
train,row-237945,0
train,row-238013,0
train,row-238071,0
train,row-238123,0
train,row-238131,0
train,row-238144,2
train,row-238151,0
train,row-238210,0
train,row-238375,0
train,row-238399,0
train,row-238409,0
train,row-238428,0
train,row-238504,0
train,row-238525,0
train,row-238567,0
train,row-238698,0
train,row-238708,2
train,row-238798,0
train,row-238855,0
train,row-238859,0
train,row-238882,0
train,row-238958,2
train,row-238975,2
train,row-238976,2
train,row-238979,0
train,row-238997,0
train,row-239027,0
train,row-239078,0
train,row-239084,0
train,row-239130,0
train,row-239194,0
train,row-239219,2
train,row-239261,2
train,row-239264,0
train,row-239309,0
train,row-239314,0
train,row-239317,0
train,row-239346,0
train,row-239376,2
train,row-239377,0
train,row-239429,0
train,row-239433,0
train,row-239439,0
train,row-239472,0
train,row-239524,0
train,row-239539,0
train,row-239612,0
train,row-239652,2
train,row-239655,2
train,row-239790,0
train,row-239792,0
train,row-239895,2
train,row-240016,0
train,row-240090,0
train,row-240202,0
train,row-240250,0
train,row-240295,0
train,row-240405,0
train,row-240430,0
train,row-240559,0
train,row-240565,0
train,row-240583,0
train,row-240653,0
train,row-240716,0
train,row-240754,0
train,row-240759,0
train,row-240839,0
train,row-240853,0
train,row-240937,0
train,row-240962,0
train,row-241079,0
train,row-241085,0
train,row-241090,0
train,row-241117,0
train,row-241154,0
train,row-241174,0
train,row-241248,1
train,row-241304,0
train,row-241345,0
train,row-241354,0
train,row-241357,0
train,row-241359,0
train,row-241363,0
train,row-241414,0
train,row-241424,0
train,row-241545,0
train,row-241631,0
train,row-241632,0
train,row-241716,0
train,row-241732,0
train,row-241761,0
train,row-241786,0
train,row-241787,0
train,row-241810,0
train,row-241839,2
train,row-241879,0
train,row-241979,0
train,row-242037,0
train,row-242067,0
train,row-242087,0
train,row-242139,2
train,row-242187,0
train,row-242191,0
train,row-242208,0
train,row-242222,0
train,row-242224,0
train,row-242298,0
train,row-242303,0
train,row-242319,0
train,row-242373,0
train,row-242394,0
train,row-242433,0
train,row-242453,0
train,row-242558,0
train,row-242561,0
train,row-242628,0
train,row-242661,0
train,row-242694,2
train,row-242737,0
train,row-242757,0
train,row-242771,0
train,row-242908,0
train,row-243070,0
train,row-243101,2
train,row-243126,0
train,row-243161,0
train,row-243184,0
train,row-243203,0
train,row-243205,0
train,row-243293,0
train,row-243297,0
train,row-243306,0
train,row-243339,0
train,row-243388,0
train,row-243431,2
train,row-243508,2
train,row-243520,0
train,row-243524,0
train,row-243565,2
train,row-243591,2
train,row-243634,0
train,row-243648,0
train,row-243721,2
train,row-243735,0
train,row-243750,0
train,row-243760,0
train,row-243861,2
train,row-243870,0
train,row-243881,0
train,row-243897,0
train,row-243937,2
train,row-244096,0
train,row-244101,0
train,row-244245,2
train,row-244259,0
train,row-244309,0
train,row-244332,0
train,row-244381,2
train,row-244390,0
train,row-244435,0
train,row-244444,0
train,row-244524,0
train,row-244601,2
train,row-244603,0
train,row-244677,0
train,row-244707,0
train,row-244809,0
train,row-244821,0
train,row-244838,0
train,row-244887,0
train,row-244932,0
train,row-244961,0
train,row-245049,0
train,row-245051,0
train,row-245061,0
train,row-245197,0
train,row-245210,0
train,row-245225,0
train,row-245297,0
train,row-245323,0
train,row-245337,2
train,row-245345,0
train,row-245424,0
train,row-245428,0
train,row-245466,2
train,row-245507,2
train,row-245537,0
train,row-245571,0
train,row-245604,0
train,row-245785,0
train,row-245937,0
train,row-245956,0
train,row-245995,0
train,row-246053,0
train,row-246056,0
train,row-246073,0
train,row-246085,0
train,row-246171,0
train,row-246176,1
train,row-246206,0
train,row-246255,0
train,row-246296,0
train,row-246342,0
train,row-246408,0
train,row-246516,0
train,row-246591,0
train,row-246678,0
train,row-246756,2
train,row-246815,0
train,row-246821,0
train,row-246913,0
train,row-246986,0
train,row-247089,0
train,row-247103,0
train,row-247149,0
train,row-247156,0
train,row-247197,2
train,row-247223,0
train,row-247316,0
train,row-247335,0
train,row-247342,0
train,row-247423,2
train,row-247478,0
train,row-247497,0
train,row-247511,2
train,row-247546,0
train,row-247627,0
train,row-247714,0
train,row-247715,0
train,row-247731,0
train,row-247830,2
train,row-247837,0
train,row-247877,0
train,row-247928,0
train,row-248018,0
train,row-248187,0
train,row-248244,0
train,row-248245,2
train,row-248273,0
train,row-248288,0
train,row-248325,0
train,row-248454,0
train,row-248479,2
train,row-248496,0
train,row-248532,0
train,row-248589,0
train,row-248606,2
train,row-248875,2
train,row-248884,0
train,row-248920,0
train,row-248951,2
train,row-249127,0
train,row-249158,0
train,row-249174,0
train,row-249257,0
train,row-249267,2
train,row-249305,0
train,row-249310,0
train,row-249334,0
train,row-249386,0
train,row-249462,0
train,row-249506,0
train,row-249556,0
train,row-249618,0
train,row-249774,0
train,row-249786,0
train,row-249795,0
train,row-249872,2
train,row-249941,0
train,row-249953,0
train,row-249977,2
train,row-250157,0
train,row-250177,2
train,row-250243,0
train,row-250305,0
train,row-250314,0
train,row-250421,0
train,row-250509,0
train,row-250557,2
train,row-250678,0
train,row-250730,2
train,row-250779,0
train,row-250838,2
train,row-250902,0
train,row-250905,2
train,row-250939,0
train,row-250973,0
train,row-250991,0
train,row-251020,0
train,row-251074,0
train,row-251077,0
train,row-251106,0
train,row-251125,2
train,row-251128,0
train,row-251133,2
train,row-251134,0
train,row-251155,0
train,row-251182,2
train,row-251223,0
train,row-251286,0
train,row-251287,0
train,row-251341,2
train,row-251392,0
train,row-251441,2
train,row-251450,0
train,row-251570,0
train,row-251571,2
train,row-251592,2
train,row-251607,0
train,row-251633,0
train,row-251662,0
train,row-251677,0
train,row-251860,0
train,row-251942,0
train,row-252018,0
train,row-252025,2
train,row-252042,0
train,row-252054,0
train,row-252079,1
train,row-252092,0
train,row-252135,0
train,row-252153,0
train,row-252185,0
train,row-252193,0
train,row-252204,0
train,row-252275,0
train,row-252277,0
train,row-252290,0
train,row-252368,0
train,row-252376,0
train,row-252412,2
train,row-252415,0
train,row-252420,1
train,row-252476,2
train,row-252488,0
train,row-252598,2
train,row-252639,1
train,row-252668,0
train,row-252731,0
train,row-252734,0
train,row-252777,0
train,row-252809,0
train,row-252868,0
train,row-253044,2
train,row-253229,0
train,row-253353,0
train,row-253403,0
train,row-253486,0
train,row-253535,0
train,row-253631,0
train,row-253640,0
train,row-253646,0
train,row-253676,2
val,row-2,0
val,row-19,0
val,row-300,0
val,row-553,0
val,row-832,2
val,row-1015,0
val,row-1202,0
val,row-1274,0
val,row-1386,2
val,row-1774,0
val,row-1807,0
val,row-1808,0
val,row-1880,0
val,row-2256,0
val,row-2388,0
val,row-2453,0
val,row-2506,0
val,row-2519,0
val,row-2565,0
val,row-2596,0
val,row-2927,0
val,row-3124,0
val,row-3237,0
val,row-3379,0
val,row-3434,2
val,row-3506,0
val,row-3606,0
val,row-3685,0
val,row-3707,0
val,row-3744,0
val,row-3945,0
val,row-4070,0
val,row-4388,0
val,row-4534,0
val,row-4636,0
val,row-4685,0
val,row-4709,0
val,row-4746,0
val,row-4997,0
val,row-5165,0
val,row-5827,0
val,row-6102,0
val,row-6205,2
val,row-6375,0
val,row-6531,0
val,row-6532,0
val,row-6603,0
val,row-6789,0
val,row-6943,2
val,row-7165,0
val,row-7442,0
val,row-7478,0
val,row-7494,0
val,row-7553,1
val,row-7574,2
val,row-7729,0
val,row-8215,2
val,row-8357,0
val,row-8399,0
val,row-8404,0
val,row-8435,0
val,row-8686,0
val,row-8786,0
val,row-8824,0
val,row-9049,0
val,row-9147,0
val,row-9661,0
val,row-9668,0
val,row-9934,1
val,row-9959,0
val,row-9981,0
val,row-10246,0
val,row-10745,2
val,row-10890,0
val,row-10958,0
val,row-11074,0
val,row-11184,0
val,row-11207,0
val,row-11248,0
val,row-11397,0
val,row-11460,0
val,row-11566,0
val,row-11575,0
val,row-11603,0
val,row-11630,0
val,row-11644,0
val,row-11995,0
val,row-12044,0
val,row-12109,0
val,row-12180,0
val,row-12233,0
val,row-12269,2
val,row-12270,0
val,row-12359,2
val,row-12616,0
val,row-12962,0
val,row-13102,0
val,row-13302,0
val,row-13530,1
val,row-13625,0
val,row-13672,2
val,row-14060,0
val,row-14138,2
val,row-14355,0
val,row-14436,0
val,row-14708,2
val,row-14822,0
val,row-14947,0
val,row-15137,0
val,row-15432,0
val,row-15736,0
val,row-15760,0
val,row-16045,0
val,row-16109,0
val,row-16160,0
val,row-16540,0
val,row-16581,0
val,row-17108,0
val,row-17279,2
val,row-17333,0
val,row-17445,0
val,row-17572,2
val,row-17787,0
val,row-18015,0
val,row-18063,0
val,row-18090,2
val,row-18467,0
val,row-18923,0
val,row-19067,2
val,row-19071,0
val,row-19289,0
val,row-19376,0
val,row-19395,0
val,row-19441,0
val,row-19466,0
val,row-19481,0
val,row-19782,0
val,row-20002,0
val,row-20039,0
val,row-20101,0
val,row-20133,1
val,row-20168,0
val,row-20443,0
val,row-20471,0
val,row-20935,0
val,row-20978,0
val,row-20988,0
val,row-21025,0
val,row-21093,0
val,row-21309,0
val,row-21365,0
val,row-21721,0
val,row-21969,0
val,row-21996,0
val,row-22187,0
val,row-22361,0
val,row-22468,0
val,row-22676,1
val,row-23042,0
val,row-23156,0
val,row-23197,0
val,row-23464,0
val,row-23639,0
val,row-23739,0
val,row-24259,0
val,row-24296,0
val,row-24588,0
val,row-24891,0
val,row-24920,0
val,row-25127,0
val,row-25587,0
val,row-25665,0
val,row-25785,0
val,row-25819,0
val,row-25939,0
val,row-26350,0
val,row-26423,0
val,row-26518,0
val,row-26573,0
val,row-26899,0
val,row-26938,0
val,row-26986,0
val,row-27205,0
val,row-27301,0
val,row-27602,0
val,row-27606,0
val,row-27806,0
val,row-28050,2
val,row-28258,0
val,row-28631,0
val,row-28741,0
val,row-28940,2
val,row-29023,0
val,row-29084,0
val,row-29127,0
val,row-29424,0
val,row-29556,0
val,row-29593,0
val,row-29749,0
val,row-29774,0
val,row-30108,0
val,row-30335,0
val,row-30532,0
val,row-30535,0
val,row-30742,0
val,row-30946,0
val,row-31135,0
val,row-31349,2
val,row-31414,0
val,row-31676,0
val,row-31837,0
val,row-31857,0
val,row-31863,0
val,row-32072,0
val,row-32126,0
val,row-32307,0
val,row-32643,0
val,row-33134,2
val,row-33193,0
val,row-33530,2
val,row-33711,0
val,row-33781,0
val,row-33919,0
val,row-34164,0
val,row-34827,0
val,row-35000,2
val,row-35213,0
val,row-35244,0
val,row-35367,0
val,row-35404,0
val,row-36376,0
val,row-36530,2
val,row-37104,0
val,row-37321,2
val,row-37927,0
val,row-38035,2
val,row-38104,0
val,row-38242,0
val,row-38438,0
val,row-38732,0
val,row-39218,0
val,row-39914,0
val,row-39950,0
val,row-40102,0
val,row-40295,1
val,row-40422,0
val,row-40532,0
val,row-40731,0
val,row-40746,2
val,row-40818,0
val,row-40822,0
val,row-40836,0
val,row-41107,0
val,row-41176,0
val,row-41307,0
val,row-41318,0
val,row-41775,0
val,row-41875,0
val,row-42036,0
val,row-42119,2
val,row-42192,0
val,row-42383,2
val,row-42455,2
val,row-42538,0
val,row-42626,0
val,row-42905,2
val,row-42908,0
val,row-43315,0
val,row-43371,0
val,row-43621,0
val,row-43731,0
val,row-43840,0
val,row-43842,0
val,row-43963,0
val,row-44499,0
val,row-44600,2
val,row-45038,0
val,row-45047,0
val,row-45314,0
val,row-45326,0
val,row-45477,0
val,row-45763,0
val,row-46073,0
val,row-46379,0
val,row-47115,0
val,row-47377,0
val,row-47450,0
val,row-47650,0
val,row-47793,0
val,row-47824,0
val,row-47888,0
val,row-48228,0
val,row-48302,0
val,row-48362,0
val,row-48666,0
val,row-48726,0
val,row-48799,0
val,row-48836,0
val,row-49262,0
val,row-49435,1
val,row-49737,2
val,row-49968,0
val,row-50153,0
val,row-50241,0
val,row-50340,2
val,row-50610,0
val,row-50938,0
val,row-51156,0
val,row-51201,0
val,row-51469,0
val,row-51473,0
val,row-52647,0
val,row-52848,0
val,row-52893,0
val,row-52935,0
val,row-52953,2
val,row-52967,2
val,row-53013,0
val,row-53283,0
val,row-53485,2
val,row-53507,0
val,row-53561,0
val,row-53608,0
val,row-53735,0
val,row-54000,0
val,row-54162,0
val,row-54394,0
val,row-54506,0
val,row-54845,0
val,row-54847,0
val,row-54850,0
val,row-55060,0
val,row-55356,0
val,row-55796,0
val,row-55857,2
val,row-56206,2
val,row-56353,1
val,row-56492,2
val,row-56537,2
val,row-56820,0
val,row-56900,0
val,row-56988,0
val,row-57067,2
val,row-57237,0
val,row-57400,2
val,row-57432,0
val,row-57706,0
val,row-57781,0
val,row-57851,0
val,row-57858,0
val,row-57861,0
val,row-57911,0
val,row-57964,0
val,row-58259,0
val,row-58552,0
val,row-58706,0
val,row-58772,0
val,row-58823,0
val,row-58976,2
val,row-59003,0
val,row-59190,0
val,row-59253,0
val,row-59528,0
val,row-59753,2
val,row-59906,0
val,row-60150,0
val,row-60159,0
val,row-60359,0
val,row-60506,0
val,row-60627,0
val,row-60660,2
val,row-60739,0
val,row-60829,0
val,row-61003,0
val,row-61282,0
val,row-61354,2
val,row-61356,0
val,row-61410,0
val,row-61531,2
val,row-61590,0
val,row-61666,0
val,row-61678,0
val,row-61758,2
val,row-62136,0
val,row-62230,0
val,row-62355,0
val,row-62674,2
val,row-62773,0
val,row-62833,0
val,row-63259,0
val,row-63560,0
val,row-63696,0
val,row-63746,0
val,row-63865,0
val,row-63871,0
val,row-64035,0
val,row-64088,0
val,row-64414,2
val,row-64666,0
val,row-65295,0
val,row-65366,0
val,row-65621,0
val,row-65690,2
val,row-65805,0
val,row-66108,2
val,row-66299,0
val,row-66433,0
val,row-66473,0
val,row-66507,0
val,row-66517,2
val,row-66562,0
val,row-66723,0
val,row-66828,0
val,row-66981,1
val,row-67062,2
val,row-67070,0
val,row-67273,1
val,row-67525,0
val,row-67697,1
val,row-67698,1
val,row-67823,0
val,row-67861,0
val,row-67913,0
val,row-67921,0
val,row-68279,2
val,row-68613,0
val,row-68675,0
val,row-68745,0
val,row-68875,2
val,row-69271,0
val,row-69549,0
val,row-69674,0
val,row-69949,0
val,row-70120,0
val,row-70157,0
val,row-70679,0
val,row-70892,0
val,row-71075,0
val,row-71411,0
val,row-71466,0
val,row-71596,0
val,row-71875,2
val,row-72452,0
val,row-72697,2
val,row-72832,2
val,row-72977,0
val,row-73296,0
val,row-73373,0
val,row-73454,0
val,row-73487,0
val,row-73547,0
val,row-73704,0
val,row-74008,0
val,row-74090,0
val,row-74243,0
val,row-74359,2
val,row-74401,0
val,row-74761,0
val,row-75040,2
val,row-75053,2
val,row-75087,0
val,row-75158,0
val,row-75297,0
val,row-75869,0
val,row-75997,0
val,row-76185,0
val,row-76245,0
val,row-76506,0
val,row-76724,0
val,row-76863,0
val,row-76989,0
val,row-77028,2
val,row-77193,2
val,row-77295,0
val,row-77443,0
val,row-77459,2
val,row-77629,0
val,row-77639,0
val,row-77733,0
val,row-77747,2
val,row-78019,2
val,row-78171,0
val,row-78374,2
val,row-78556,2
val,row-78598,0
val,row-78814,0
val,row-78908,2
val,row-79253,0
val,row-79897,0
val,row-80386,0
val,row-80525,2
val,row-81069,0
val,row-81671,0
val,row-82305,0
val,row-82411,0
val,row-82416,0
val,row-82611,0
val,row-82704,2
val,row-83481,0
val,row-83557,0
val,row-84039,2
val,row-84084,0
val,row-84200,0
val,row-84582,0
val,row-84737,2
val,row-84796,0
val,row-84967,2
val,row-85174,0
val,row-85534,2
val,row-85966,0
val,row-85981,0
val,row-86092,0
val,row-86094,0
val,row-86506,0
val,row-86528,2
val,row-86598,0
val,row-86708,0
val,row-86858,2
val,row-86919,0
val,row-87533,0
val,row-87575,0
val,row-87712,0
val,row-87975,0
val,row-88125,0
val,row-88159,0
val,row-88242,0
val,row-88567,0
val,row-88589,0
val,row-88688,2
val,row-88694,0
val,row-88728,0
val,row-89134,0
val,row-89204,0
val,row-89315,0
val,row-89320,0
val,row-89911,0
val,row-90167,0
val,row-90245,0
val,row-90356,0
val,row-90416,1
val,row-90834,1
val,row-90867,0
val,row-91152,0
val,row-91228,0
val,row-91244,0
val,row-91437,0
val,row-91451,0
val,row-91480,0
val,row-91634,2
val,row-92062,0
val,row-92104,0
val,row-92142,1
val,row-92188,0
val,row-92248,0
val,row-92389,0
val,row-92507,0
val,row-92578,0
val,row-92635,0
val,row-92648,0
val,row-93053,0
val,row-93063,0
val,row-93189,0
val,row-93358,2
val,row-93562,0
val,row-93573,0
val,row-93727,0
val,row-93843,2
val,row-94124,0
val,row-94366,0
val,row-94705,0
val,row-94727,0
val,row-94754,2
val,row-94758,0
val,row-94921,2
val,row-95044,0
val,row-95949,2
val,row-96452,0
val,row-96482,0
val,row-96487,1
val,row-96844,0
val,row-97289,0
val,row-97711,0
val,row-97815,2
val,row-97852,0
val,row-97854,0
val,row-98124,0
val,row-98189,0
val,row-98483,0
val,row-98496,2
val,row-98520,0
val,row-98591,0
val,row-98826,0
val,row-98889,0
val,row-99040,0
val,row-99150,0
val,row-99172,0
val,row-99189,0
val,row-99266,0
val,row-99315,0
val,row-99524,0
val,row-99596,2
val,row-99790,0
val,row-99898,0
val,row-99949,0
val,row-100255,0
val,row-100545,0
val,row-100647,0
val,row-101297,0
val,row-101481,2
val,row-101488,0
val,row-101588,0
val,row-101592,0
val,row-101623,0
val,row-101710,0
val,row-101959,0
val,row-101980,0
val,row-102022,0
val,row-102106,0
val,row-102286,0
val,row-102478,2
val,row-102647,0
val,row-102976,2
val,row-103046,2
val,row-103071,2
val,row-103335,0
val,row-103364,0
val,row-103391,2
val,row-103512,0
val,row-104661,0
val,row-104670,2
val,row-104698,0
val,row-104709,0
val,row-104757,0
val,row-104774,0
val,row-104817,0
val,row-104947,0
val,row-105005,2
val,row-105019,2
val,row-105074,0
val,row-105518,0
val,row-105693,0
val,row-105889,2
val,row-105974,0
val,row-106082,0
val,row-106133,0
val,row-106174,2
val,row-106667,2
val,row-106780,0
val,row-106855,0
val,row-107114,0
val,row-107448,0
val,row-107780,0
val,row-108209,0
val,row-108345,0
val,row-108420,2
val,row-108546,0
val,row-108603,0
val,row-108736,0
val,row-108808,0
val,row-109029,2
val,row-109045,0
val,row-109321,2
val,row-109444,0
val,row-109557,0
val,row-109574,0
val,row-109755,0
val,row-109799,0
val,row-109869,2
val,row-109918,0
val,row-110387,0
val,row-110390,0
val,row-110454,0
val,row-110604,0
val,row-110701,0
val,row-111037,0
val,row-111319,0
val,row-111757,0
val,row-111822,0
val,row-111946,0
val,row-111975,0
val,row-112068,0
val,row-112262,0
val,row-112421,0
val,row-112433,0
val,row-112649,0
val,row-112735,0
val,row-112790,0
val,row-112906,0
val,row-113054,0
val,row-113234,0
val,row-113374,0
val,row-113503,0
val,row-113853,2
val,row-114023,0
val,row-114114,0
val,row-114317,0
val,row-114477,0
val,row-114488,0
val,row-114807,0
val,row-114901,0
val,row-115371,0
val,row-116080,2
val,row-116234,0
val,row-116449,0
val,row-116974,0
val,row-117324,0
val,row-117415,0
val,row-117904,0
val,row-117911,0
val,row-118056,0
val,row-118231,0
val,row-118378,0
val,row-118443,0
val,row-119012,0
val,row-119387,0
val,row-119516,0
val,row-119823,0
val,row-119895,2
val,row-119937,0
val,row-119951,2
val,row-120402,0
val,row-120582,0
val,row-120610,0
val,row-120622,0
val,row-120632,0
val,row-120848,0
val,row-121287,2
val,row-122342,0
val,row-122352,2
val,row-122428,0
val,row-122487,0
val,row-122494,0
val,row-122771,0
val,row-122979,1
val,row-123383,0
val,row-123566,0
val,row-123607,1
val,row-123788,0
val,row-123814,0
val,row-124379,0
val,row-124516,0
val,row-124729,0
val,row-125242,0
val,row-125343,0
val,row-125430,0
val,row-125436,0
val,row-125858,0
val,row-125997,0
val,row-126375,0
val,row-126389,0
val,row-126495,0
val,row-126508,0
val,row-126794,0
val,row-126885,2
val,row-127315,0
val,row-127605,0
val,row-127673,0
val,row-127977,0
val,row-128093,0
val,row-128248,0
val,row-128440,0
val,row-128509,0
val,row-128652,0
val,row-128716,2
val,row-128915,0
val,row-128927,0
val,row-129064,0
val,row-129124,0
val,row-129133,0
val,row-129195,2
val,row-129232,0
val,row-129352,0
val,row-129821,0
val,row-130296,0
val,row-130392,0
val,row-130783,0
val,row-130817,0
val,row-130863,0
val,row-131132,0
val,row-131168,0
val,row-131409,0
val,row-131578,0
val,row-131848,2
val,row-131912,2
val,row-132354,2
val,row-132382,0
val,row-132542,0
val,row-133022,0
val,row-133304,0
val,row-133384,1
val,row-133409,0
val,row-133460,0
val,row-133463,2
val,row-133470,0
val,row-133621,0
val,row-134242,2
val,row-134279,0
val,row-134623,0
val,row-134850,0
val,row-135288,0
val,row-135412,0
val,row-135568,0
val,row-135624,0
val,row-135687,0
val,row-135894,0
val,row-136070,0
val,row-136354,0
val,row-136751,0
val,row-137061,0
val,row-137402,0
val,row-137570,0
val,row-137662,0
val,row-137679,0
val,row-137759,0
val,row-138039,0
val,row-138216,0
val,row-138521,2
val,row-138527,0
val,row-138619,0
val,row-138637,0
val,row-138646,0
val,row-138669,0
val,row-138720,1
val,row-138910,0
val,row-139002,0
val,row-139034,0
val,row-139049,2
val,row-139180,0
val,row-139728,0
val,row-139861,0
val,row-139998,0
val,row-140109,0
val,row-140475,0
val,row-140477,2
val,row-140702,0
val,row-140981,0
val,row-141147,0
val,row-141199,0
val,row-141212,0
val,row-141289,2
val,row-141384,0
val,row-141430,0
val,row-141672,0
val,row-141866,0
val,row-142168,0
val,row-142372,0
val,row-142545,0
val,row-142584,0
val,row-142613,0
val,row-142694,0
val,row-142769,0
val,row-142894,0
val,row-142953,0
val,row-143199,0
val,row-143624,0
val,row-143807,2
val,row-143864,2
val,row-143999,0
val,row-144105,2
val,row-144177,0
val,row-144266,0
val,row-144328,0
val,row-144569,0
val,row-144878,0
val,row-145001,0
val,row-145247,0
val,row-145301,0
val,row-145593,0
val,row-145772,0
val,row-146345,0
val,row-146519,0
val,row-146635,0
val,row-146711,0
val,row-146862,0
val,row-147593,2
val,row-147722,0
val,row-147951,0
val,row-148287,0
val,row-148579,0
val,row-148586,2
val,row-148743,0
val,row-149128,0
val,row-149241,0
val,row-149578,0
val,row-149841,0
val,row-150321,2
val,row-150588,0
val,row-150809,0
val,row-150846,0
val,row-151328,2
val,row-151570,0
val,row-151693,0
val,row-151706,0
val,row-151959,0
val,row-151982,0
val,row-152492,0
val,row-152694,0
val,row-152826,2
val,row-152895,0
val,row-152916,0
val,row-153035,0
val,row-153055,0
val,row-153181,0
val,row-153329,2
val,row-153548,0
val,row-153669,2
val,row-154046,0
val,row-154116,0
val,row-154378,2
val,row-154828,0
val,row-154853,2
val,row-155705,0
val,row-155807,0
val,row-155919,0
val,row-156040,0
val,row-156118,0
val,row-156227,0
val,row-156256,0
val,row-156442,0
val,row-156701,0
val,row-156834,2
val,row-156862,0
val,row-157067,0
val,row-157111,0
val,row-157349,0
val,row-157569,2
val,row-157915,0
val,row-158092,0
val,row-158434,0
val,row-158698,0
val,row-158849,0
val,row-158864,0
val,row-159280,0
val,row-159873,0
val,row-160237,0
val,row-160578,0
val,row-160812,0
val,row-160872,0
val,row-160981,0
val,row-161196,0
val,row-161271,0
val,row-161562,0
val,row-161620,0
val,row-161672,0
val,row-161829,0
val,row-162201,0
val,row-162629,0
val,row-163160,0
val,row-163312,0
val,row-163365,0
val,row-163864,0
val,row-163922,0
val,row-164149,0
val,row-164356,0
val,row-164365,0
val,row-164459,0
val,row-165133,0
val,row-165216,0
val,row-165370,0
val,row-165402,0
val,row-165476,0
val,row-165765,2
val,row-166239,0
val,row-166296,0
val,row-166482,1
val,row-166711,0
val,row-166877,0
val,row-167188,0
val,row-167358,0
val,row-167379,0
val,row-167380,0
val,row-167417,0
val,row-167507,0
val,row-167574,0
val,row-167578,0
val,row-167827,0
val,row-167903,0
val,row-168159,0
val,row-168371,0
val,row-168595,2
val,row-168739,0
val,row-169388,2
val,row-169462,0
val,row-169810,0
val,row-169863,0
val,row-170102,0
val,row-170136,0
val,row-170150,0
val,row-170195,0
val,row-170481,0
val,row-170569,0
val,row-170625,0
val,row-170784,0
val,row-170802,0
val,row-170861,0
val,row-170879,2
val,row-171021,0
val,row-171534,0
val,row-171546,0
val,row-171613,0
val,row-171646,0
val,row-171781,0
val,row-171798,0
val,row-171919,0
val,row-171927,0
val,row-171952,0
val,row-172101,0
val,row-172109,0
val,row-172260,0
val,row-172368,0
val,row-172508,2
val,row-172653,0
val,row-172717,0
val,row-172969,0
val,row-172970,0
val,row-173429,0
val,row-173539,0
val,row-173566,0
val,row-173580,2
val,row-173698,0
val,row-173892,0
val,row-174186,2
val,row-174400,0
val,row-174422,0
val,row-174476,0
val,row-174691,0
val,row-174880,0
val,row-174941,0
val,row-174986,0
val,row-175148,0
val,row-175159,0
val,row-175190,2
val,row-175221,0
val,row-175361,0
val,row-175388,0
val,row-175539,0
val,row-175570,0
val,row-175580,0
val,row-175685,0
val,row-176081,0
val,row-176263,2
val,row-176276,0
val,row-176548,0
val,row-176592,2
val,row-176750,0
val,row-176844,0
val,row-176955,0
val,row-177043,0
val,row-177075,0
val,row-177229,0
val,row-177375,0
val,row-177576,0
val,row-178032,0
val,row-178096,0
val,row-178651,0
val,row-178968,0
val,row-179119,0
val,row-179241,0
val,row-179273,0
val,row-179282,0
val,row-179343,0
val,row-179412,2
val,row-179610,0
val,row-180131,0
val,row-180211,0
val,row-180386,0
val,row-180467,0
val,row-180607,0
val,row-180685,0
val,row-181369,0
val,row-181532,0
val,row-181545,0
val,row-181553,0
val,row-181717,0
val,row-181780,0
val,row-181828,0
val,row-181865,0
val,row-181884,0
val,row-182128,0
val,row-182370,0
val,row-182977,0
val,row-183186,0
val,row-183464,0
val,row-183558,0
val,row-183574,0
val,row-183857,2
val,row-183916,2
val,row-184228,0
val,row-184585,0
val,row-184783,0
val,row-184824,0
val,row-184839,0
val,row-184956,0
val,row-185077,0
val,row-185401,0
val,row-185508,0
val,row-185569,0
val,row-185618,2
val,row-185645,0
val,row-185698,0
val,row-185808,0
val,row-185870,0
val,row-186279,0
val,row-186355,0
val,row-186424,0
val,row-186474,0
val,row-186596,0
val,row-186936,0
val,row-186955,0
val,row-187039,0
val,row-187213,0
val,row-187335,0
val,row-187336,0
val,row-187338,0
val,row-187525,0
val,row-187649,0
val,row-187751,0
val,row-187890,0
val,row-187912,0
val,row-187997,0
val,row-188009,0
val,row-188092,0
val,row-188318,0
val,row-188632,0
val,row-188658,0
val,row-188731,2
val,row-188801,0
val,row-189036,0
val,row-189068,0
val,row-189318,0
val,row-189355,0
val,row-189443,0
val,row-189562,0
val,row-189596,0
val,row-189616,0
val,row-189636,0
val,row-189899,0
val,row-190384,0
val,row-190879,0
val,row-191535,0
val,row-191982,0
val,row-192257,2
val,row-192301,2
val,row-192534,2
val,row-192830,0
val,row-193142,0
val,row-193908,0
val,row-194019,0
val,row-194102,0
val,row-194393,0
val,row-194418,0
val,row-194565,2
val,row-195002,0
val,row-195144,0
val,row-195339,0
val,row-195622,0
val,row-195734,0
val,row-195881,0
val,row-196247,0
val,row-196740,2
val,row-196749,0
val,row-196828,0
val,row-197067,0
val,row-197151,0
val,row-197292,0
val,row-197475,0
val,row-197632,0
val,row-197683,0
val,row-197845,0
val,row-197945,0
val,row-198329,0
val,row-198399,2
val,row-198770,0
val,row-198911,0
val,row-199004,0
val,row-199070,0
val,row-199082,0
val,row-199127,0
val,row-199151,0
val,row-199189,0
val,row-199728,0
val,row-199838,0
val,row-199965,0
val,row-200040,0
val,row-200062,2
val,row-200191,0
val,row-200428,0
val,row-200627,0
val,row-200825,2
val,row-200924,0
val,row-201168,0
val,row-201189,0
val,row-201278,0
val,row-201342,0
val,row-201416,0
val,row-201419,0
val,row-201501,0
val,row-201549,0
val,row-201719,0
val,row-202280,0
val,row-202497,2
val,row-202542,0
val,row-202655,0
val,row-202844,0
val,row-202909,0
val,row-203112,0
val,row-203166,0
val,row-203234,0
val,row-203251,0
val,row-203791,0
val,row-203946,2
val,row-204134,0
val,row-204332,0
val,row-204674,0
val,row-204933,2
val,row-204957,0
val,row-204990,0
val,row-205368,0
val,row-205497,2
val,row-205748,0
val,row-206026,0
val,row-206029,0
val,row-206208,0
val,row-206408,0
val,row-206423,0
val,row-206715,0
val,row-206776,0
val,row-206912,2
val,row-207091,0
val,row-207181,0
val,row-207498,2
val,row-207675,2
val,row-208023,0
val,row-208484,0
val,row-208496,2
val,row-209149,2
val,row-209537,0
val,row-209614,0
val,row-209887,0
val,row-210402,0
val,row-210452,0
val,row-210497,0
val,row-210550,1
val,row-210912,2
val,row-211254,0
val,row-211382,0
val,row-211444,0
val,row-211480,0
val,row-211584,0
val,row-211630,0
val,row-211787,0
val,row-211827,2
val,row-211912,0
val,row-212225,0
val,row-212518,0
val,row-212611,0
val,row-212648,0
val,row-212760,0
val,row-212845,0
val,row-213130,0
val,row-213286,0
val,row-213362,0
val,row-213408,0
val,row-213418,0
val,row-213675,2
val,row-213690,2
val,row-213894,0
val,row-214104,2
val,row-214167,0
val,row-214191,0
val,row-214351,0
val,row-214405,0
val,row-214447,0
val,row-214533,0
val,row-214692,0
val,row-216038,2
val,row-216051,2
val,row-216092,0
val,row-216192,0
val,row-216791,0
val,row-216865,0
val,row-217159,2
val,row-217253,0
val,row-217781,2
val,row-217796,0
val,row-218365,0
val,row-218640,0
val,row-218689,0
val,row-219021,0
val,row-219030,0
val,row-219818,0
val,row-220015,0
val,row-220185,0
val,row-220273,0
val,row-220334,0
val,row-220701,0
val,row-220769,0
val,row-221366,0
val,row-221684,0
val,row-221716,0
val,row-221758,0
val,row-221934,0
val,row-221980,0
val,row-222169,0
val,row-222314,0
val,row-222320,0
val,row-222355,2
val,row-222447,0
val,row-222490,0
val,row-222492,0
val,row-222794,1
val,row-223341,0
val,row-223579,2
val,row-223615,0
val,row-223820,0
val,row-223889,0
val,row-224056,0
val,row-224297,0
val,row-224439,0
val,row-224509,0
val,row-225143,0
val,row-225152,1
val,row-225396,0
val,row-225448,0
val,row-225591,0
val,row-225989,0
val,row-226337,0
val,row-226357,0
val,row-226436,0
val,row-226441,2
val,row-226567,0
val,row-226600,0
val,row-226613,2
val,row-226663,0
val,row-226877,0
val,row-226967,0
val,row-227048,0
val,row-227067,2
val,row-227460,2
val,row-227507,0
val,row-227846,0
val,row-228111,0
val,row-228116,0
val,row-228195,0
val,row-228461,0
val,row-228961,1
val,row-229163,0
val,row-229184,0
val,row-229197,2
val,row-229205,0
val,row-229304,0
val,row-229466,0
val,row-229681,0
val,row-229801,0
val,row-229854,2
val,row-230058,0
val,row-230150,0
val,row-230513,0
val,row-230788,2
val,row-230871,0
val,row-230898,0
val,row-230973,0
val,row-231003,0
val,row-231095,0
val,row-231163,0
val,row-231287,0
val,row-231378,0
val,row-231515,0
val,row-231530,0
val,row-231543,0
val,row-231556,0
val,row-231839,0
val,row-232002,0
val,row-232468,0
val,row-232637,2
val,row-232864,2
val,row-232904,0
val,row-232968,0
val,row-233322,2
val,row-233735,2
val,row-233788,0
val,row-233815,0
val,row-233834,1
val,row-233962,0
val,row-233989,2
val,row-234268,2
val,row-234322,0
val,row-234423,0
val,row-234427,0
val,row-234526,0
val,row-234564,0
val,row-234747,0
val,row-234995,2
val,row-235113,0
val,row-235289,0
val,row-235722,0
val,row-235781,0
val,row-235811,0
val,row-235872,2
val,row-236102,0
val,row-236608,0
val,row-237118,0
val,row-237200,0
val,row-237521,0
val,row-237688,0
val,row-237913,0
val,row-238195,0
val,row-238474,2
val,row-238714,0
val,row-238868,0
val,row-238996,0
val,row-239169,0
val,row-239224,0
val,row-239590,0
val,row-239591,2
val,row-239640,0
val,row-239784,0
val,row-240647,0
val,row-240652,0
val,row-240683,0
val,row-240850,2
val,row-241081,0
val,row-241500,0
val,row-241731,2
val,row-242006,0
val,row-242310,0
val,row-242467,0
val,row-242625,0
val,row-242903,0
val,row-242923,2
val,row-243010,0
val,row-243040,1
val,row-243108,0
val,row-243151,0
val,row-243155,0
val,row-243215,0
val,row-243223,0
val,row-243830,0
val,row-243900,0
val,row-244039,2
val,row-244124,0
val,row-244330,2
val,row-244414,2
val,row-244431,0
val,row-244573,0
val,row-244732,0
val,row-244991,0
val,row-245202,0
val,row-245218,0
val,row-245316,0
val,row-246126,0
val,row-246550,0
val,row-247061,0
val,row-247538,0
val,row-247542,0
val,row-247603,0
val,row-248052,0
val,row-248053,2
val,row-248205,0
val,row-248212,0
val,row-248213,0
val,row-248434,0
val,row-248514,0
val,row-248554,0
val,row-248563,2
val,row-248626,2
val,row-248777,0
val,row-249017,0
val,row-249075,0
val,row-249123,0
val,row-249138,0
val,row-249147,0
val,row-249614,0
val,row-249640,0
val,row-249688,0
val,row-250042,0
val,row-250260,0
val,row-250396,0
val,row-250501,0
val,row-250790,0
val,row-250970,0
val,row-251015,0
val,row-251086,2
val,row-251131,0
val,row-251375,0
val,row-251407,0
val,row-251419,0
val,row-251553,0
val,row-251702,0
val,row-251862,2
val,row-252101,0
val,row-252228,0
val,row-252425,0
val,row-252444,0
val,row-252662,0
val,row-252913,2
val,row-252977,0
val,row-252992,0
val,row-253040,0
val,row-253565,0
test,row-36,0
test,row-417,2
test,row-614,0
test,row-664,0
test,row-734,0
test,row-945,0
test,row-983,0
test,row-1117,2
test,row-1212,0
test,row-1214,0
test,row-1403,0
test,row-1551,2
test,row-1644,0
test,row-1728,0
test,row-1873,0
test,row-2793,0
test,row-2851,0
test,row-3036,0
test,row-3301,0
test,row-3326,0
test,row-3419,0
test,row-4153,0
test,row-4231,0
test,row-4407,0
test,row-4849,0
test,row-4963,0
test,row-5400,0
test,row-5472,0
test,row-5615,0
test,row-5630,0
test,row-5641,0
test,row-5764,2
test,row-5850,0
test,row-6085,0
test,row-6114,0
test,row-6143,0
test,row-6210,0
test,row-6659,0
test,row-6792,2
test,row-6864,0
test,row-6924,0
test,row-7170,0
test,row-7394,0
test,row-7437,0
test,row-7458,0
test,row-7476,0
test,row-7924,0
test,row-8065,0
test,row-8504,0
test,row-8597,0
test,row-8615,0
test,row-8942,1
test,row-9232,0
test,row-9244,0
test,row-9356,0
test,row-9586,0
test,row-9811,2
test,row-10230,0
test,row-10249,0
test,row-10548,0
test,row-10593,0
test,row-10600,0
test,row-10858,0
test,row-11249,2
test,row-11261,0
test,row-11277,0
test,row-11390,0
test,row-11425,0
test,row-11486,0
test,row-11733,0
test,row-11794,2
test,row-11860,0
test,row-11887,0
test,row-11915,0
test,row-12190,0
test,row-12458,0
test,row-12837,2
test,row-13078,0
test,row-13188,2
test,row-13395,0
test,row-13958,0
test,row-14040,0
test,row-14149,0
test,row-14152,0
test,row-14177,0
test,row-14239,0
test,row-14420,0
test,row-14423,0
test,row-14521,0
test,row-14586,0
test,row-14663,0
test,row-14859,1
test,row-14882,0
test,row-15046,0
test,row-15148,0
test,row-15198,0
test,row-15563,0
test,row-15600,0
test,row-15869,0
test,row-16018,0
test,row-16226,0
test,row-16376,0
test,row-16674,0
test,row-16716,1
test,row-16754,0
test,row-17091,0
test,row-17113,0
test,row-17301,0
test,row-17774,0
test,row-17910,0
test,row-18032,0
test,row-18154,0
test,row-18475,0
test,row-18660,0
test,row-18712,0
test,row-18764,0
test,row-19103,0
test,row-19420,0
test,row-19455,2
test,row-19667,0
test,row-19777,0
test,row-19816,2
test,row-20097,0
test,row-20555,0
test,row-20597,0
test,row-20713,0
test,row-20725,0
test,row-20808,0
test,row-20987,0
test,row-21165,0
test,row-21527,0
test,row-22044,0
test,row-22057,0
test,row-22197,0
test,row-22304,2
test,row-22390,0
test,row-22630,0
test,row-23034,0
test,row-23187,0
test,row-23339,0
test,row-23668,0
test,row-23709,0
test,row-23711,0
test,row-23766,0
test,row-24034,0
test,row-24308,0
test,row-24375,0
test,row-24747,0
test,row-24965,0
test,row-25022,0
test,row-26147,2
test,row-26163,0
test,row-26566,0
test,row-26647,0
test,row-26824,0
test,row-26922,0
test,row-26934,0
test,row-27141,2
test,row-27502,0
test,row-28288,0
test,row-28476,0
test,row-28505,0
test,row-28756,2
test,row-28787,2
test,row-28959,0
test,row-29089,0
test,row-29144,0
test,row-29195,0
test,row-29219,0
test,row-29684,2
test,row-29993,0
test,row-30232,0
test,row-30459,0
test,row-30683,0
test,row-31030,2
test,row-31032,2
test,row-31054,2
test,row-31243,0
test,row-31352,0
test,row-31373,2
test,row-31473,0
test,row-31818,0
test,row-31912,0
test,row-31964,0
test,row-32255,2
test,row-32256,0
test,row-32582,0
test,row-32696,0
test,row-32786,2
test,row-32807,0
test,row-32959,0
test,row-33022,0
test,row-33443,0
test,row-33490,0
test,row-33549,0
test,row-33769,0
test,row-33775,2
test,row-33946,0
test,row-34064,0
test,row-34101,0
test,row-34156,0
test,row-34297,0
test,row-34323,0
test,row-34373,0
test,row-34392,0
test,row-34641,2
test,row-34742,0
test,row-34859,2
test,row-34948,0
test,row-34992,0
test,row-35125,0
test,row-35190,0
test,row-35226,0
test,row-35273,2
test,row-35312,0
test,row-35393,0
test,row-35621,0
test,row-35931,2
test,row-35995,2
test,row-36101,0
test,row-36185,0
test,row-36222,0
test,row-36738,0
test,row-36775,2
test,row-36914,0
test,row-37212,0
test,row-37226,0
test,row-37265,0
test,row-37378,0
test,row-37656,0
test,row-37791,0
test,row-38249,0
test,row-38763,0
test,row-38941,0
test,row-39195,0
test,row-39368,0
test,row-39461,0
test,row-39696,0
test,row-40658,0
test,row-40673,0
test,row-40719,2
test,row-40889,0
test,row-41168,2
test,row-41605,2
test,row-41779,0
test,row-41843,0
test,row-42063,1
test,row-42074,0
test,row-42110,0
test,row-42270,0
test,row-42313,0
test,row-42533,0
test,row-42552,0
test,row-42939,0
test,row-43182,2
test,row-43247,0
test,row-43563,0
test,row-43634,0
test,row-43796,0
test,row-44044,0
test,row-44309,2
test,row-44357,0
test,row-44424,0
test,row-44603,0
test,row-44605,0
test,row-44652,0
test,row-44765,0
test,row-45271,0
test,row-45318,0
test,row-45499,2
test,row-45769,0
test,row-46010,0
test,row-46018,2
test,row-46025,2
test,row-46071,0
test,row-46150,0
test,row-46327,0
test,row-46510,0
test,row-46548,0
test,row-46587,0
test,row-46733,0
test,row-47104,0
test,row-47108,0
test,row-47178,0
test,row-47445,0
test,row-47603,0
test,row-47690,0
test,row-47839,0
test,row-47881,0
test,row-48195,0
test,row-48561,0
test,row-49055,2
test,row-49270,2
test,row-49840,2
test,row-49850,2
test,row-49905,0
test,row-50011,0
test,row-50052,0
test,row-50187,0
test,row-50639,0
test,row-50896,0
test,row-50967,0
test,row-50968,0
test,row-51296,2
test,row-51953,0
test,row-52381,2
test,row-52579,0
test,row-52631,0
test,row-52721,0
test,row-52825,0
test,row-52877,0
test,row-53086,0
test,row-53336,0
test,row-53345,0
test,row-53390,0
test,row-53544,0
test,row-53570,0
test,row-53700,0
test,row-53738,2
test,row-53805,0
test,row-53917,0
test,row-54306,0
test,row-54549,2
test,row-54555,0
test,row-54631,0
test,row-55165,0
test,row-55614,0
test,row-55747,0
test,row-56114,0
test,row-56668,0
test,row-56854,0
test,row-56954,0
test,row-57014,2
test,row-57250,0
test,row-57713,0
test,row-58124,2
test,row-58411,0
test,row-58434,0
test,row-58636,0
test,row-58963,0
test,row-59204,0
test,row-59225,0
test,row-59497,0
test,row-59699,2
test,row-59940,0
test,row-60116,0
test,row-60201,0
test,row-60279,0
test,row-60344,2
test,row-60408,0
test,row-60516,0
test,row-60531,0
test,row-60538,0
test,row-60897,0
test,row-60901,0
test,row-61129,0
test,row-61139,0
test,row-61208,0
test,row-61450,2
test,row-61756,0
test,row-61776,0
test,row-61791,0
test,row-61800,0
test,row-62038,0
test,row-62076,0
test,row-62078,0
test,row-62467,2
test,row-62550,0
test,row-62855,0
test,row-62906,0
test,row-63014,0
test,row-63119,0
test,row-63135,0
test,row-63305,0
test,row-64390,0
test,row-64449,2
test,row-64725,0
test,row-64768,0
test,row-64970,0
test,row-64998,0
test,row-65117,0
test,row-65307,0
test,row-65373,0
test,row-65450,0
test,row-65531,0
test,row-65658,0
test,row-65815,2
test,row-65881,1
test,row-65971,0
test,row-66112,0
test,row-66557,0
test,row-66780,0
test,row-66880,0
test,row-67025,0
test,row-67032,0
test,row-67416,0
test,row-68085,0
test,row-68131,0
test,row-68193,0
test,row-68273,0
test,row-68345,0
test,row-68558,0
test,row-68689,2
test,row-69094,0
test,row-69103,0
test,row-69922,0
test,row-69927,0
test,row-69934,0
test,row-70001,0
test,row-70050,0
test,row-70452,0
test,row-70992,0
test,row-71217,0
test,row-72001,0
test,row-72054,0
test,row-72066,0
test,row-72780,2
test,row-72820,0
test,row-73264,2
test,row-73418,0
test,row-73507,0
test,row-73540,2
test,row-73726,0
test,row-74509,0
test,row-74772,0
test,row-74900,0
test,row-75078,0
test,row-75138,0
test,row-75373,0
test,row-75400,0
test,row-75517,0
test,row-75710,0
test,row-75720,2
test,row-75926,2
test,row-76284,2
test,row-76427,0
test,row-76539,0
test,row-76556,0
test,row-76740,0
test,row-76764,0
test,row-76889,2
test,row-76899,2
test,row-76982,0
test,row-77468,0
test,row-77570,0
test,row-77585,0
test,row-77705,0
test,row-77830,0
test,row-77832,0
test,row-77943,0
test,row-78222,0
test,row-78225,0
test,row-78294,0
test,row-78376,0
test,row-78380,2
test,row-78528,0
test,row-78622,0
test,row-79097,0
test,row-79558,0
test,row-79732,0
test,row-79864,0
test,row-80044,0
test,row-80758,0
test,row-80784,0
test,row-80927,0
test,row-81118,0
test,row-81247,0
test,row-81294,0
test,row-81678,0
test,row-81721,0
test,row-81946,0
test,row-81971,0
test,row-82487,0
test,row-82588,0
test,row-82713,0
test,row-82823,0
test,row-82958,0
test,row-83030,0
test,row-83247,1
test,row-83461,0
test,row-83488,0
test,row-83559,0
test,row-83629,0
test,row-83675,0
test,row-84067,0
test,row-84083,0
test,row-84171,0
test,row-84600,0
test,row-84682,0
test,row-84728,2
test,row-84899,0
test,row-84979,2
test,row-85228,0
test,row-85786,2
test,row-85840,0
test,row-86007,0
test,row-86099,2
test,row-86119,0
test,row-86300,2
test,row-86333,0
test,row-86425,0
test,row-86574,0
test,row-86993,0
test,row-87235,0
test,row-87655,0
test,row-87756,0
test,row-88047,1
test,row-88051,2
test,row-88098,0
test,row-88335,0
test,row-88544,0
test,row-88590,0
test,row-88686,2
test,row-88788,0
test,row-89137,0
test,row-89267,0
test,row-89354,0
test,row-89434,0
test,row-90174,0
test,row-90235,0
test,row-90388,0
test,row-90430,0
test,row-90721,0
test,row-90898,0
test,row-91012,0
test,row-91102,0
test,row-91699,0
test,row-91793,0
test,row-91934,0
test,row-92065,0
test,row-92092,2
test,row-92121,0
test,row-92472,0
test,row-92499,0
test,row-93236,0
test,row-93503,0
test,row-93526,0
test,row-93667,0
test,row-93679,0
test,row-94387,0
test,row-94712,0
test,row-94931,0
test,row-94973,2
test,row-95190,1
test,row-95550,0
test,row-95564,0
test,row-96310,0
test,row-96329,0
test,row-96430,0
test,row-96465,0
test,row-96945,0
test,row-97221,0
test,row-97335,0
test,row-97703,2
test,row-97774,0
test,row-97953,0
test,row-98272,0
test,row-98368,0
test,row-98470,0
test,row-98853,0
test,row-99084,0
test,row-99270,0
test,row-99408,0
test,row-99546,0
test,row-99731,0
test,row-99902,0
test,row-100089,2
test,row-100346,0
test,row-100489,0
test,row-100507,0
test,row-100584,0
test,row-101281,0
test,row-101404,0
test,row-101518,0
test,row-102059,0
test,row-102227,0
test,row-102622,0
test,row-102717,0
test,row-103073,0
test,row-103320,0
test,row-103379,0
test,row-103606,0
test,row-103714,0
test,row-103745,0
test,row-103792,0
test,row-103837,2
test,row-103996,0
test,row-104043,0
test,row-104074,0
test,row-104118,0
test,row-104208,0
test,row-104235,0
test,row-104251,0
test,row-104338,0
test,row-104390,0
test,row-104511,0
test,row-104513,0
test,row-104659,1
test,row-104787,0
test,row-104874,0
test,row-105150,0
test,row-105271,0
test,row-105567,0
test,row-105612,0
test,row-105699,0
test,row-105774,0
test,row-105851,0
test,row-105988,0
test,row-106026,0
test,row-106183,0
test,row-106329,1
test,row-106578,0
test,row-106722,0
test,row-106756,0
test,row-107001,0
test,row-107043,0
test,row-107148,0
test,row-107194,0
test,row-107272,0
test,row-107362,0
test,row-107377,0
test,row-107674,0
test,row-107722,0
test,row-107794,0
test,row-107845,2
test,row-107863,0
test,row-107873,0
test,row-108211,0
test,row-108310,0
test,row-108376,0
test,row-108597,2
test,row-108622,0
test,row-108804,0
test,row-109409,0
test,row-109427,0
test,row-109633,0
test,row-109811,0
test,row-110243,1
test,row-110301,0
test,row-110494,0
test,row-110602,0
test,row-110651,0
test,row-110803,0
test,row-110892,0
test,row-111343,0
test,row-111543,2
test,row-111581,0
test,row-111603,0
test,row-111851,0
test,row-111880,0
test,row-112168,0
test,row-112318,2
test,row-112532,0
test,row-112635,0
test,row-112651,0
test,row-112706,0
test,row-112993,0
test,row-113217,0
test,row-113453,0
test,row-113465,0
test,row-113634,0
test,row-113645,0
test,row-113814,0
test,row-113879,0
test,row-114042,0
test,row-114143,0
test,row-114174,0
test,row-114511,0
test,row-114782,0
test,row-114954,2
test,row-115134,0
test,row-115203,0
test,row-115667,2
test,row-115804,2
test,row-115863,0
test,row-115979,0
test,row-116110,0
test,row-116131,0
test,row-116201,0
test,row-116420,0
test,row-116498,0
test,row-116503,0
test,row-116561,0
test,row-116585,0
test,row-116711,2
test,row-116785,2
test,row-116829,0
test,row-117385,0
test,row-117447,0
test,row-117937,0
test,row-118156,0
test,row-118170,0
test,row-118253,0
test,row-118465,0
test,row-118484,0
test,row-118493,2
test,row-119026,0
test,row-119130,0
test,row-119615,0
test,row-119762,2
test,row-119805,1
test,row-119893,0
test,row-119935,0
test,row-120122,0
test,row-120216,0
test,row-120378,0
test,row-120516,0
test,row-120865,0
test,row-121117,0
test,row-121175,0
test,row-121227,0
test,row-121476,0
test,row-121708,2
test,row-121840,0
test,row-121999,0
test,row-122125,0
test,row-122479,2
test,row-122514,2
test,row-122611,0
test,row-122685,0
test,row-122687,0
test,row-122688,0
test,row-122775,1
test,row-123041,0
test,row-123046,0
test,row-123352,0
test,row-123626,0
test,row-123691,0
test,row-123882,0
test,row-123990,0
test,row-124200,0
test,row-124293,0
test,row-124356,0
test,row-124588,2
test,row-124938,0
test,row-124981,2
test,row-125091,2
test,row-125099,0
test,row-125590,0
test,row-126009,0
test,row-126217,2
test,row-126545,0
test,row-126546,2
test,row-126849,0
test,row-126877,0
test,row-126930,0
test,row-126963,2
test,row-127582,0
test,row-127642,0
test,row-127938,0
test,row-128228,2
test,row-128703,0
test,row-128896,0
test,row-129302,0
test,row-129402,0
test,row-129643,2
test,row-129734,0
test,row-129804,0
test,row-130196,0
test,row-130454,2
test,row-130666,0
test,row-131011,2
test,row-131188,0
test,row-131212,0
test,row-131275,0
test,row-131883,0
test,row-131963,0
test,row-132011,0
test,row-132105,0
test,row-132178,0
test,row-132307,0
test,row-132476,2
test,row-132969,0
test,row-133354,0
test,row-133405,2
test,row-133428,0
test,row-133441,0
test,row-133525,0
test,row-133797,0
test,row-133950,0
test,row-133967,0
test,row-134219,0
test,row-134405,0
test,row-134420,0
test,row-134446,0
test,row-134518,0
test,row-134949,2
test,row-135009,2
test,row-135063,0
test,row-135282,0
test,row-135375,0
test,row-135533,0
test,row-135748,0
test,row-135898,2
test,row-135991,0
test,row-136050,0
test,row-136112,2
test,row-136312,0
test,row-136361,0
test,row-136412,0
test,row-136683,0
test,row-136970,0
test,row-136972,0
test,row-137082,0
test,row-137107,0
test,row-137110,2
test,row-137267,0
test,row-137454,0
test,row-137545,0
test,row-137592,2
test,row-137661,0
test,row-137757,0
test,row-138097,0
test,row-138276,0
test,row-138322,0
test,row-138387,0
test,row-138522,0
test,row-138722,0
test,row-138723,0
test,row-138799,0
test,row-138864,0
test,row-139105,0
test,row-139188,0
test,row-139218,0
test,row-139302,0
test,row-139545,0
test,row-139641,2
test,row-139871,0
test,row-139872,0
test,row-140052,0
test,row-140093,0
test,row-140357,0
test,row-140480,0
test,row-141328,0
test,row-141345,0
test,row-141431,0
test,row-141505,2
test,row-141562,0
test,row-141581,2
test,row-141628,0
test,row-141644,1
test,row-141905,2
test,row-141941,0
test,row-141991,0
test,row-142313,0
test,row-142499,0
test,row-142525,0
test,row-142656,0
test,row-142801,0
test,row-142823,0
test,row-142943,0
test,row-143134,2
test,row-143234,0
test,row-143290,0
test,row-143324,0
test,row-143514,0
test,row-143521,2
test,row-143737,0
test,row-143787,0
test,row-143812,0
test,row-143892,0
test,row-144281,0
test,row-144397,0
test,row-144735,0
test,row-144798,0
test,row-145282,0
test,row-145327,0
test,row-145670,0
test,row-145884,0
test,row-146142,0
test,row-146316,0
test,row-146653,0
test,row-146716,0
test,row-146785,0
test,row-146879,0
test,row-146940,0
test,row-146949,0
test,row-147022,0
test,row-147518,0
test,row-147584,0
test,row-147670,2
test,row-147860,0
test,row-148322,0
test,row-148513,0
test,row-149252,0
test,row-149265,2
test,row-149288,0
test,row-149324,2
test,row-149540,0
test,row-149632,0
test,row-149689,0
test,row-149777,0
test,row-149843,0
test,row-149862,0
test,row-149943,0
test,row-150184,0
test,row-150306,2
test,row-151141,0
test,row-151323,2
test,row-151404,0
test,row-151758,0
test,row-151864,2
test,row-152103,0
test,row-152116,0
test,row-152382,0
test,row-152394,2
test,row-152427,2
test,row-152892,0
test,row-152948,2
test,row-153090,0
test,row-153695,2
test,row-153773,0
test,row-153941,0
test,row-153963,2
test,row-154127,0
test,row-154350,0
test,row-154417,2
test,row-154478,0
test,row-154723,2
test,row-154948,2
test,row-155000,0
test,row-155018,0
test,row-155092,2
test,row-155107,2
test,row-155192,0
test,row-155208,0
test,row-155217,0
test,row-155264,0
test,row-155558,2
test,row-155575,0
test,row-155726,0
test,row-155764,0
test,row-155795,0
test,row-155835,0
test,row-155860,0
test,row-156029,0
test,row-156093,0
test,row-156143,0
test,row-156192,0
test,row-156529,0
test,row-156577,2
test,row-156972,0
test,row-157272,0
test,row-157352,0
test,row-157869,0
test,row-158229,2
test,row-158296,0
test,row-158427,2
test,row-158512,0
test,row-158612,0
test,row-158691,0
test,row-158779,0
test,row-158948,0
test,row-159015,0
test,row-159046,0
test,row-159439,0
test,row-159569,0
test,row-159695,0
test,row-159707,2
test,row-159748,0
test,row-159998,0
test,row-160016,0
test,row-160094,1
test,row-160328,0
test,row-160647,0
test,row-161797,0
test,row-161839,0
test,row-162197,0
test,row-162230,2
test,row-162236,0
test,row-162419,0
test,row-162842,0
test,row-162938,0
test,row-162960,0
test,row-163043,0
test,row-163070,0
test,row-163265,0
test,row-163358,0
test,row-163515,0
test,row-163549,0
test,row-163589,0
test,row-163714,0
test,row-163973,0
test,row-164024,0
test,row-164592,0
test,row-164610,0
test,row-164736,0
test,row-164750,0
test,row-165621,1
test,row-165693,0
test,row-165837,0
test,row-166044,0
test,row-166081,2
test,row-166163,0
test,row-166187,0
test,row-166413,0
test,row-166559,0
test,row-166804,0
test,row-166946,1
test,row-167093,0
test,row-167106,0
test,row-167339,2
test,row-167438,0
test,row-167443,0
test,row-167558,2
test,row-167951,0
test,row-168318,0
test,row-168421,2
test,row-168622,2
test,row-169314,0
test,row-169457,0
test,row-169708,0
test,row-169766,0
test,row-169945,0
test,row-170214,0
test,row-170266,0
test,row-170383,0
test,row-170409,0
test,row-170615,0
test,row-170638,0
test,row-170715,0
test,row-170855,0
test,row-170865,0
test,row-170966,0
test,row-171058,0
test,row-171151,2
test,row-171342,0
test,row-171510,2
test,row-171607,2
test,row-171724,2
test,row-171878,0
test,row-172230,0
test,row-172314,2
test,row-172332,0
test,row-172421,0
test,row-172483,0
test,row-173357,0
test,row-173765,0
test,row-173771,0
test,row-173836,0
test,row-174168,0
test,row-174183,1
test,row-174241,0
test,row-174483,0
test,row-174577,2
test,row-174681,0
test,row-174760,0
test,row-175517,2
test,row-175569,0
test,row-175573,0
test,row-176035,2
test,row-176085,0
test,row-176188,0
test,row-176220,0
test,row-176224,2
test,row-176490,0
test,row-176715,0
test,row-176840,0
test,row-176948,0
test,row-177200,0
test,row-177394,0
test,row-177492,0
test,row-177870,0
test,row-177879,0
test,row-177901,0
test,row-178196,0
test,row-178422,0
test,row-178682,0
test,row-179505,2
test,row-179537,2
test,row-179644,2
test,row-179717,2
test,row-180560,0
test,row-180672,0
test,row-180832,0
test,row-181031,0
test,row-181130,0
test,row-181273,0
test,row-181299,0
test,row-181336,0
test,row-181551,0
test,row-181810,0
test,row-181868,0
test,row-181893,0
test,row-182035,2
test,row-182399,0
test,row-182553,0
test,row-182644,0
test,row-182758,0
test,row-182782,2
test,row-182801,0
test,row-183149,0
test,row-183268,0
test,row-183305,0
test,row-183457,2
test,row-183474,0
test,row-183546,0
test,row-183978,0
test,row-184085,0
test,row-184093,0
test,row-184147,0
test,row-184241,0
test,row-184523,0
test,row-184583,2
test,row-185089,0
test,row-185124,0
test,row-185197,1
test,row-185231,0
test,row-185255,0
test,row-185396,0
test,row-185419,0
test,row-185540,0
test,row-185554,0
test,row-185718,0
test,row-185907,0
test,row-185944,2
test,row-186646,0
test,row-186878,0
test,row-187640,0
test,row-187650,0
test,row-187654,0
test,row-187733,0
test,row-187837,2
test,row-187871,0
test,row-188086,0
test,row-188094,0
test,row-188208,0
test,row-188536,0
test,row-188757,0
test,row-188873,0
test,row-189077,0
test,row-189345,0
test,row-189373,1
test,row-189552,0
test,row-189803,0
test,row-189893,0
test,row-190257,0
test,row-190694,0
test,row-190984,0
test,row-191547,0
test,row-191604,0
test,row-191619,0
test,row-191630,0
test,row-191653,0
test,row-191664,2
test,row-191691,0
test,row-191898,0
test,row-192121,2
test,row-192208,0
test,row-192302,0
test,row-192878,0
test,row-192889,0
test,row-193028,0
test,row-193069,0
test,row-193452,0
test,row-193632,0
test,row-193882,0
test,row-194121,0
test,row-194162,0
test,row-194200,2
test,row-194231,0
test,row-194275,0
test,row-194327,1
test,row-194359,0
test,row-194611,2
test,row-194764,0
test,row-195167,0
test,row-195635,0
test,row-195658,0
test,row-195920,0
test,row-195967,2
test,row-196229,0
test,row-196582,0
test,row-196622,0
test,row-196759,0
test,row-196818,0
test,row-196966,0
test,row-197022,0
test,row-197136,0
test,row-197173,2
test,row-197314,0
test,row-197734,0
test,row-197966,0
test,row-198088,0
test,row-198134,0
test,row-198188,0
test,row-198191,0
test,row-198287,0
test,row-198694,0
test,row-198736,0
test,row-198832,0
test,row-198951,0
test,row-199058,0
test,row-199069,0
test,row-199399,0
test,row-199592,0
test,row-199620,2
test,row-199929,0
test,row-200005,0
test,row-200287,2
test,row-200460,2
test,row-200470,0
test,row-200588,0
test,row-200890,0
test,row-200894,0
test,row-201081,0
test,row-201335,0
test,row-201461,0
test,row-201604,0
test,row-201669,2
test,row-201972,0
test,row-202043,2
test,row-202888,0
test,row-203075,0
test,row-203656,2
test,row-203698,0
test,row-203802,2
test,row-203944,0
test,row-203963,0
test,row-203986,0
test,row-204218,0
test,row-204389,0
test,row-204557,0
test,row-204991,0
test,row-205043,0
test,row-205302,2
test,row-205374,0
test,row-205516,0
test,row-205752,0
test,row-205774,2
test,row-206795,0
test,row-206899,0
test,row-206918,0
test,row-206935,0
test,row-206951,0
test,row-206984,0
test,row-207505,0
test,row-207514,0
test,row-207652,0
test,row-207905,0
test,row-207912,2
test,row-208172,0
test,row-208498,0
test,row-208601,0
test,row-208921,0
test,row-209079,1
test,row-209349,0
test,row-209828,0
test,row-209984,0
test,row-210719,0
test,row-210722,2
test,row-210796,0
test,row-211181,0
test,row-211831,2
test,row-212465,2
test,row-212481,0
test,row-212519,2
test,row-212593,0
test,row-212680,0
test,row-212830,1
test,row-213136,0
test,row-213209,2
test,row-213294,0
test,row-213575,0
test,row-213703,0
test,row-213717,2
test,row-213815,0
test,row-214109,0
test,row-214252,0
test,row-214843,0
test,row-214873,0
test,row-214975,0
test,row-215148,0
test,row-215280,0
test,row-215468,0
test,row-215489,0
test,row-215499,0
test,row-215552,0
test,row-215555,2
test,row-216247,0
test,row-216511,0
test,row-217165,0
test,row-217203,0
test,row-217404,0
test,row-217491,0
test,row-217502,0
test,row-217505,0
test,row-217548,0
test,row-217834,0
test,row-217991,0
test,row-218320,0
test,row-218442,0
test,row-218778,0
test,row-219692,0
test,row-219741,0
test,row-220269,2
test,row-220449,2
test,row-220482,0
test,row-220582,0
test,row-220725,0
test,row-220767,0
test,row-220787,0
test,row-221384,0
test,row-221392,0
test,row-221470,0
test,row-221865,0
test,row-221879,0
test,row-221949,0
test,row-221981,0
test,row-222176,0
test,row-222288,0
test,row-222370,0
test,row-222468,0
test,row-222690,0
test,row-222895,0
test,row-222950,0
test,row-223347,0
test,row-223519,0
test,row-223627,0
test,row-223762,0
test,row-223814,0
test,row-224026,0
test,row-224037,0
test,row-224179,0
test,row-224900,0
test,row-224911,0
test,row-224945,0
test,row-225098,0
test,row-225292,0
test,row-225410,0
test,row-225446,0
test,row-225546,0
test,row-225601,0
test,row-225789,0
test,row-226052,0
test,row-226576,2
test,row-226841,0
test,row-227207,0
test,row-227327,0
test,row-227422,0
test,row-227451,0
test,row-227638,0
test,row-227921,0
test,row-228035,0
test,row-228051,0
test,row-228184,0
test,row-228246,0
test,row-228677,2
test,row-228859,0
test,row-228968,0
test,row-229215,0
test,row-229484,0
test,row-229599,0
test,row-229754,0
test,row-230281,2
test,row-230469,0
test,row-230512,0
test,row-230575,0
test,row-230639,2
test,row-230652,0
test,row-230877,2
test,row-231143,0
test,row-231260,0
test,row-231479,0
test,row-231595,0
test,row-231733,2
test,row-231898,2
test,row-231964,0
test,row-232074,0
test,row-232153,2
test,row-232238,0
test,row-232551,0
test,row-232555,0
test,row-232564,0
test,row-232835,0
test,row-233086,0
test,row-233112,0
test,row-233391,0
test,row-233427,0
test,row-233478,0
test,row-233514,0
test,row-233519,0
test,row-233618,0
test,row-233665,0
test,row-233691,2
test,row-233708,2
test,row-234059,0
test,row-234417,0
test,row-234584,0
test,row-234717,0
test,row-234842,0
test,row-234991,0
test,row-235070,0
test,row-235095,0
test,row-235241,2
test,row-235278,0
test,row-235926,0
test,row-236082,0
test,row-236148,0
test,row-236168,2
test,row-236356,0
test,row-236404,0
test,row-236826,0
test,row-236899,0
test,row-236912,0
test,row-237071,0
test,row-237162,0
test,row-237365,0
test,row-237610,0
test,row-237867,2
test,row-237873,0
test,row-237920,0
test,row-238091,0
test,row-238206,0
test,row-238352,0
test,row-238494,0
test,row-238643,0
test,row-238820,0
test,row-239178,0
test,row-239345,0
test,row-239361,0
test,row-239579,0
test,row-239743,0
test,row-239802,2
test,row-239900,2
test,row-240135,2
test,row-240568,0
test,row-240980,0
test,row-241241,0
test,row-241591,0
test,row-241733,0
test,row-242019,0
test,row-242238,0
test,row-242401,0
test,row-242693,0
test,row-242721,0
test,row-242730,0
test,row-242959,0
test,row-243141,0
test,row-243283,2
test,row-243387,0
test,row-243391,0
test,row-243586,0
test,row-243701,0
test,row-243737,0
test,row-243978,0
test,row-244204,2
test,row-244358,0
test,row-244360,0
test,row-244476,0
test,row-244779,0
test,row-244844,0
test,row-244856,0
test,row-244871,0
test,row-244892,0
test,row-245302,0
test,row-245320,0
test,row-245603,0
test,row-245731,1
test,row-245824,0
test,row-246017,0
test,row-246089,0
test,row-246201,0
test,row-246510,0
test,row-246646,0
test,row-246758,0
test,row-246846,0
test,row-246946,0
test,row-247008,0
test,row-247009,0
test,row-247261,2
test,row-247553,0
test,row-247856,2
test,row-247888,0
test,row-248079,0
test,row-248509,0
test,row-248540,0
test,row-248869,2
test,row-249065,0
test,row-249201,0
test,row-249204,0
test,row-249235,2
test,row-249538,0
test,row-249733,0
test,row-249871,0
test,row-250555,0
test,row-250693,0
test,row-250777,1
test,row-250886,0
test,row-250946,1
test,row-251582,0
test,row-251700,0
test,row-251703,1
test,row-251722,0
test,row-251852,0
test,row-251865,0
test,row-252015,0
test,row-253233,2
test,row-253357,0
test,row-253589,0
