split,sample_key,target_date,target_model_scale
train,2015-02-17,2015-02-17,-0.8169775009155273
train,2015-02-18,2015-02-18,-0.8123457431793213
train,2015-02-19,2015-02-19,-0.8137508630752563
train,2015-02-20,2015-02-20,-0.8082864284515381
train,2015-02-23,2015-02-23,-0.7900716662406921
train,2015-02-24,2015-02-24,-0.7943912148475647
train,2015-02-25,2015-02-25,-0.8119814991950989
train,2015-02-26,2015-02-26,-0.8034985661506653
train,2015-02-27,2015-02-27,-0.8136987686157227
train,2015-03-02,2015-03-02,-0.8104202151298523
train,2015-03-03,2015-03-03,-0.8090150356292725
train,2015-03-04,2015-03-04,-0.8132825493812561
train,2015-03-05,2015-03-05,-0.8243674635887146
train,2015-03-06,2015-03-06,-0.8233786225318909
train,2015-03-09,2015-03-09,-0.8205683827400208
train,2015-03-10,2015-03-10,-0.8342554569244385
train,2015-03-11,2015-03-11,-0.8460690975189209
train,2015-03-12,2015-03-12,-0.8345677852630615
train,2015-03-13,2015-03-13,-0.839043378829956
train,2015-03-16,2015-03-16,-0.8319656252861023
train,2015-03-17,2015-03-17,-0.8210887908935547
train,2015-03-18,2015-03-18,-0.8136467933654785
train,2015-03-19,2015-03-19,-0.8186948895454407
train,2015-03-20,2015-03-20,-0.8270216584205627
train,2015-03-23,2015-03-23,-0.8202041387557983
train,2015-03-24,2015-03-24,-0.8229103088378906
train,2015-03-25,2015-03-25,-0.8401362299919128
train,2015-03-26,2015-03-26,-0.8356606960296631
train,2015-03-27,2015-03-27,-0.8408128023147583
train,2015-03-30,2015-03-30,-0.824575662612915
train,2015-03-31,2015-03-31,-0.8346718549728394
train,2015-04-01,2015-04-01,-0.8356086015701294
train,2015-04-02,2015-04-02,-0.8300400376319885
train,2015-04-06,2015-04-06,-0.8194754719734192
train,2015-04-07,2015-04-07,-0.8264490962028503
train,2015-04-08,2015-04-08,-0.8285828828811646
train,2015-04-09,2015-04-09,-0.8235868811607361
train,2015-04-10,2015-04-10,-0.8207765221595764
train,2015-04-13,2015-04-13,-0.8220775723457336
train,2015-04-14,2015-04-14,-0.8249399065971375
train,2015-04-15,2015-04-15,-0.8224419355392456
train,2015-04-16,2015-04-16,-0.8256164789199829
train,2015-04-17,2015-04-17,-0.8330065011978149
train,2015-04-20,2015-04-20,-0.818174421787262
train,2015-04-21,2015-04-21,-0.8217653632164001
train,2015-04-22,2015-04-22,-0.8128661513328552
train,2015-04-23,2015-04-23,-0.807401716709137
train,2015-04-24,2015-04-24,-0.8042271733283997
train,2015-04-27,2015-04-27,-0.7918931841850281
train,2015-04-28,2015-04-28,-0.8027699589729309
train,2015-04-29,2015-04-29,-0.8127620816230774
train,2015-04-30,2015-04-30,-0.8309248089790344
train,2015-05-01,2015-05-01,-0.8111487627029419
train,2015-05-04,2015-05-04,-0.8124498128890991
train,2015-05-05,2015-05-05,-0.8275420069694519
train,2015-05-06,2015-05-06,-0.831653356552124
train,2015-05-07,2015-05-07,-0.8303523063659668
train,2015-05-08,2015-05-08,-0.8180704116821289
train,2015-05-11,2015-05-11,-0.8248358368873596
train,2015-05-12,2015-05-12,-0.8271777629852295
train,2015-05-13,2015-05-13,-0.8264490962028503
train,2015-05-14,2015-05-14,-0.8111487627029419
train,2015-05-15,2015-05-15,-0.8120855093002319
train,2015-05-18,2015-05-18,-0.8046955466270447
train,2015-05-19,2015-05-19,-0.8053200244903564
train,2015-05-20,2015-05-20,-0.8053721189498901
train,2015-05-21,2015-05-21,-0.7984504699707031
train,2015-05-22,2015-05-22,-0.7924656271934509
train,2015-05-26,2015-05-26,-0.8076619505882263
train,2015-05-27,2015-05-27,-0.7950677871704102
train,2015-05-28,2015-05-28,-0.7964208126068115
train,2015-05-29,2015-05-29,-0.8042271733283997
train,2015-06-01,2015-06-01,-0.8028740882873535
train,2015-06-02,2015-06-02,-0.8058924674987793
train,2015-06-03,2015-06-03,-0.8050598502159119
train,2015-06-04,2015-06-04,-0.8090150356292725
train,2015-06-05,2015-06-05,-0.8127100467681885
train,2015-06-08,2015-06-08,-0.8171336054801941
train,2015-06-09,2015-06-09,-0.8191112279891968
train,2015-06-10,2015-06-10,-0.8115130066871643
train,2015-06-11,2015-06-11,-0.8130223155021667
train,2015-06-12,2015-06-12,-0.820412278175354
train,2015-06-15,2015-06-15,-0.8217133283615112
train,2015-06-16,2015-06-16,-0.818174421787262
train,2015-06-17,2015-06-17,-0.8197357058525085
train,2015-06-18,2015-06-18,-0.816717267036438
train,2015-06-19,2015-06-19,-0.8233786225318909
train,2015-06-22,2015-06-22,-0.818122386932373
train,2015-06-23,2015-06-23,-0.8211408853530884
train,2015-06-24,2015-06-24,-0.8155202865600586
train,2015-06-25,2015-06-25,-0.8186948895454407
train,2015-06-26,2015-06-26,-0.8225980401039124
train,2015-06-29,2015-06-29,-0.8341513872146606
train,2015-06-30,2015-06-30,-0.8294676542282104
train,2015-07-01,2015-07-01,-0.8233786225318909
train,2015-07-02,2015-07-02,-0.8242113590240479
train,2015-07-06,2015-07-06,-0.826501190662384
train,2015-07-07,2015-07-07,-0.8281145095825195
train,2015-07-08,2015-07-08,-0.8443516492843628
train,2015-07-09,2015-07-09,-0.8573622107505798
train,2015-07-10,2015-07-10,-0.8406566977500916
train,2015-07-13,2015-07-13,-0.8282706141471863
train,2015-07-14,2015-07-14,-0.8285308480262756
train,2015-07-15,2015-07-15,-0.8222337365150452
train,2015-07-16,2015-07-16,-0.8134386539459229
train,2015-07-17,2015-07-17,-0.8076619505882263
train,2015-07-20,2015-07-20,-0.7949115633964539
train,2015-07-21,2015-07-21,-0.801781177520752
train,2015-07-22,2015-07-22,-0.8305605053901672
train,2015-07-23,2015-07-23,-0.8308727145195007
train,2015-07-24,2015-07-24,-0.8343075513839722
train,2015-07-27,2015-07-27,-0.8433108925819397
train,2015-07-28,2015-07-28,-0.8401362299919128
train,2015-07-29,2015-07-29,-0.8421659469604492
train,2015-07-30,2015-07-30,-0.8453925251960754
train,2015-07-31,2015-07-31,-0.8509610295295715
train,2015-08-03,2015-08-03,-0.8658450841903687
train,2015-08-04,2015-08-04,-0.8856211304664612
train,2015-08-05,2015-08-05,-0.8816659450531006
train,2015-08-06,2015-08-06,-0.8830710649490356
train,2015-08-07,2015-08-07,-0.8810414671897888
train,2015-08-10,2015-08-10,-0.859183669090271
train,2015-08-11,2015-08-11,-0.8916060328483582
train,2015-08-12,2015-08-12,-0.8824986815452576
train,2015-08-13,2015-08-13,-0.8829669952392578
train,2015-08-14,2015-08-14,-0.8787516355514526
train,2015-08-17,2015-08-17,-0.8725064992904663
train,2015-08-18,2015-08-18,-0.875941276550293
train,2015-08-19,2015-08-19,-0.8836955428123474
train,2015-08-20,2015-08-20,-0.8959775567054749
train,2015-08-21,2015-08-21,-0.9318345189094543
train,2015-08-24,2015-08-24,-0.9455737471580505
train,2015-08-25,2015-08-25,-0.9423471689224243
train,2015-08-26,2015-08-26,-0.9113820195198059
train,2015-08-27,2015-08-27,-0.894572377204895
train,2015-08-28,2015-08-28,-0.8926467895507812
train,2015-08-31,2015-08-31,-0.8954049944877625
train,2015-09-01,2015-09-01,-0.921634316444397
train,2015-09-02,2015-09-02,-0.8975908756256104
train,2015-09-03,2015-09-03,-0.9078431725502014
train,2015-09-04,2015-09-04,-0.913567841053009
train,2015-09-08,2015-09-08,-0.8977469801902771
train,2015-09-09,2015-09-09,-0.9089881181716919
train,2015-09-10,2015-09-10,-0.8963938355445862
train,2015-09-11,2015-09-11,-0.8878589868545532
train,2015-09-14,2015-09-14,-0.8821343183517456
train,2015-09-15,2015-09-15,-0.8770862221717834
train,2015-09-16,2015-09-16,-0.876409649848938
train,2015-09-17,2015-09-17,-0.8893681764602661
train,2015-09-18,2015-09-18,-0.8918141722679138
train,2015-09-21,2015-09-21,-0.8826547861099243
train,2015-09-22,2015-09-22,-0.8920744061470032
train,2015-09-23,2015-09-23,-0.8872864246368408
train,2015-09-24,2015-09-24,-0.8837476372718811
train,2015-09-25,2015-09-25,-0.8852568864822388
train,2015-09-28,2015-09-28,-0.8970704078674316
train,2015-09-29,2015-09-29,-0.9146606922149658
train,2015-09-30,2015-09-30,-0.9082074165344238
train,2015-10-01,2015-10-01,-0.9119544625282288
train,2015-10-02,2015-10-02,-0.9077910780906677
train,2015-10-05,2015-10-05,-0.905709445476532
train,2015-10-06,2015-10-06,-0.902951180934906
train,2015-10-07,2015-10-07,-0.905709445476532
train,2015-10-08,2015-10-08,-0.9123708009719849
train,2015-10-09,2015-10-09,-0.8987358212471008
train,2015-10-12,2015-10-12,-0.9014419317245483
train,2015-10-13,2015-10-13,-0.9004530906677246
train,2015-10-14,2015-10-14,-0.9086758494377136
train,2015-10-15,2015-10-15,-0.9000888466835022
train,2015-10-16,2015-10-16,-0.9043563008308411
train,2015-10-19,2015-10-19,-0.9007653594017029
train,2015-10-20,2015-10-20,-0.8901488780975342
train,2015-10-21,2015-10-21,-0.8902007937431335
train,2015-10-22,2015-10-22,-0.8811454772949219
train,2015-10-23,2015-10-23,-0.8625143766403198
train,2015-10-26,2015-10-26,-0.8822904229164124
train,2015-10-27,2015-10-27,-0.8860895037651062
train,2015-10-28,2015-10-28,-0.8615256547927856
train,2015-10-29,2015-10-29,-0.8549683094024658
train,2015-10-30,2015-10-30,-0.8603286147117615
train,2015-11-02,2015-11-02,-0.8515855669975281
train,2015-11-03,2015-11-03,-0.8443516492843628
train,2015-11-04,2015-11-04,-0.8473181128501892
train,2015-11-05,2015-11-05,-0.8529386520385742
train,2015-11-06,2015-11-06,-0.8522100448608398
train,2015-11-09,2015-11-09,-0.8547600507736206
train,2015-11-10,2015-11-10,-0.8745362162590027
train,2015-11-11,2015-11-11,-0.8779709339141846
train,2015-11-12,2015-11-12,-0.8800005912780762
train,2015-11-13,2015-11-13,-0.8975908756256104
train,2015-11-16,2015-11-16,-0.88801509141922
train,2015-11-17,2015-11-17,-0.8905651569366455
train,2015-11-18,2015-11-18,-0.8718299269676208
train,2015-11-19,2015-11-19,-0.8640756607055664
train,2015-11-20,2015-11-20,-0.8613694310188293
train,2015-11-23,2015-11-23,-0.8694360256195068
train,2015-11-24,2015-11-24,-0.8635551929473877
train,2015-11-25,2015-11-25,-0.8679788112640381
train,2015-11-27,2015-11-27,-0.8691237568855286
train,2015-11-30,2015-11-30,-0.866573691368103
train,2015-12-01,2015-12-01,-0.8715697526931763
train,2015-12-02,2015-12-02,-0.8770862221717834
train,2015-12-03,2015-12-03,-0.8827067613601685
train,2015-12-04,2015-12-04,-0.8627746105194092
train,2015-12-07,2015-12-07,-0.8666777610778809
train,2015-12-08,2015-12-08,-0.8669379353523254
train,2015-12-09,2015-12-09,-0.8805209994316101
train,2015-12-10,2015-12-10,-0.8776586651802063
train,2015-12-11,2015-12-11,-0.8932193517684937
train,2015-12-14,2015-12-14,-0.8968622088432312
train,2015-12-15,2015-12-15,-0.9072186946868896
train,2015-12-16,2015-12-16,-0.9027950763702393
train,2015-12-17,2015-12-17,-0.9150769710540771
train,2015-12-18,2015-12-18,-0.9304294586181641
train,2015-12-21,2015-12-21,-0.9236639738082886
train,2015-12-22,2015-12-22,-0.9241843223571777
train,2015-12-23,2015-12-23,-0.9170025587081909
train,2015-12-24,2015-12-24,-0.9200210571289062
train,2015-12-28,2015-12-28,-0.9263181090354919
train,2015-12-29,2015-12-29,-0.916326105594635
train,2015-12-30,2015-12-30,-0.9237159490585327
train,2015-12-31,2015-12-31,-0.9344366788864136
train,2016-01-04,2016-01-04,-0.9339683055877686
train,2016-01-05,2016-01-05,-0.9477075338363647
train,2016-01-06,2016-01-06,-0.9581679701805115
train,2016-01-07,2016-01-07,-0.9802858829498291
train,2016-01-08,2016-01-08,-0.9776317477226257
train,2016-01-11,2016-01-11,-0.9694610834121704
train,2016-01-12,2016-01-12,-0.9620190858840942
train,2016-01-13,2016-01-13,-0.9753938913345337
train,2016-01-14,2016-01-14,-0.9643089771270752
train,2016-01-15,2016-01-15,-0.9767469763755798
train,2016-01-19,2016-01-19,-0.9791929721832275
train,2016-01-20,2016-01-20,-0.9785163998603821
train,2016-01-21,2016-01-21,-0.9810664653778076
train,2016-01-22,2016-01-22,-0.9544209241867065
train,2016-01-25,2016-01-25,-0.9647252559661865
train,2016-01-26,2016-01-26,-0.9618629813194275
train,2016-01-27,2016-01-27,-0.9960546493530273
train,2016-01-28,2016-01-28,-0.9925678372383118
train,2016-01-29,2016-01-29,-0.975654125213623
train,2016-02-01,2016-02-01,-0.9803900122642517
train,2016-02-02,2016-02-02,-0.9905381202697754
train,2016-02-03,2016-02-03,-0.980806291103363
train,2016-02-04,2016-02-04,-0.9795052409172058
train,2016-02-05,2016-02-05,-0.9929322004318237
train,2016-02-08,2016-02-08,-0.9877799153327942
train,2016-02-09,2016-02-09,-0.9878841042518616
train,2016-02-10,2016-02-10,-0.9916311502456665
train,2016-02-11,2016-02-11,-0.9945974946022034
train,2016-02-12,2016-02-12,-0.9930883049964905
train,2016-02-16,2016-02-16,-0.9792971014976501
train,2016-02-17,2016-02-17,-0.9715948700904846
train,2016-02-18,2016-02-18,-0.9812746047973633
train,2016-02-19,2016-02-19,-0.9824195504188538
train,2016-02-22,2016-02-22,-0.9780480265617371
train,2016-02-23,2016-02-23,-0.9894452691078186
train,2016-02-24,2016-02-24,-0.9821073412895203
train,2016-02-25,2016-02-25,-0.9786725044250488
train,2016-02-26,2016-02-26,-0.9778919219970703
train,2016-02-29,2016-02-29,-0.9790368676185608
train,2016-03-01,2016-03-01,-0.9590526819229126
train,2016-03-02,2016-03-02,-0.9579077363014221
train,2016-03-03,2016-03-03,-0.9540045857429504
train,2016-03-04,2016-03-04,-0.9461461305618286
train,2016-03-07,2016-03-07,-0.9520790576934814
train,2016-03-08,2016-03-08,-0.9564505815505981
train,2016-03-09,2016-03-09,-0.9559822082519531
train,2016-03-10,2016-03-10,-0.9557219743728638
train,2016-03-11,2016-03-11,-0.9500493407249451
train,2016-03-14,2016-03-14,-0.9486963152885437
train,2016-03-15,2016-03-15,-0.9379755854606628
train,2016-03-16,2016-03-16,-0.9307417273521423
train,2016-03-17,2016-03-17,-0.9316264390945435
train,2016-03-18,2016-03-18,-0.9310019612312317
train,2016-03-21,2016-03-21,-0.9310539364814758
train,2016-03-22,2016-03-22,-0.9268385171890259
train,2016-03-23,2016-03-23,-0.9299089908599854
train,2016-03-24,2016-03-24,-0.9323030114173889
train,2016-03-28,2016-03-28,-0.9348009824752808
train,2016-03-29,2016-03-29,-0.9218425154685974
train,2016-03-30,2016-03-30,-0.9120585918426514
train,2016-03-31,2016-03-31,-0.915024995803833
train,2016-04-01,2016-04-01,-0.9098207950592041
train,2016-04-04,2016-04-04,-0.9039400219917297
train,2016-04-05,2016-04-05,-0.9107575416564941
train,2016-04-06,2016-04-06,-0.9047726988792419
train,2016-04-07,2016-04-07,-0.9173668026924133
train,2016-04-08,2016-04-08,-0.9167423248291016
train,2016-04-11,2016-04-11,-0.9148688912391663
train,2016-04-12,2016-04-12,-0.9074788689613342
train,2016-04-13,2016-04-13,-0.8991520404815674
train,2016-04-14,2016-04-14,-0.8988398313522339
train,2016-04-15,2016-04-15,-0.9105492830276489
train,2016-04-18,2016-04-18,-0.9228832721710205
train,2016-04-19,2016-04-19,-0.9258497357368469
train,2016-04-20,2016-04-20,-0.9247047901153564
train,2016-04-21,2016-04-21,-0.9307417273521423
train,2016-04-22,2016-04-22,-0.9322509765625
train,2016-04-25,2016-04-25,-0.9353734850883484
train,2016-04-26,2016-04-26,-0.9391725063323975
train,2016-04-27,2016-04-27,-0.9731560349464417
train,2016-04-28,2016-04-28,-0.988716721534729
train,2016-04-29,2016-04-29,-0.9943893551826477
train,2016-05-02,2016-05-02,-0.9949097633361816
train,2016-05-03,2016-05-03,-0.9868952631950378
train,2016-05-04,2016-05-04,-0.9920473694801331
train,2016-05-05,2016-05-05,-0.9969914555549622
train,2016-05-06,2016-05-06,-0.9996976256370544
train,2016-05-09,2016-05-09,-0.9993332624435425
train,2016-05-10,2016-05-10,-0.9960546493530273
train,2016-05-11,2016-05-11,-1.0007904767990112
train,2016-05-12,2016-05-12,-1.012083649635315
train,2016-05-13,2016-05-13,-1.011146903038025
train,2016-05-16,2016-05-16,-0.9936606884002686
train,2016-05-17,2016-05-17,-0.9956904053688049
train,2016-05-18,2016-05-18,-0.9901218414306641
train,2016-05-19,2016-05-19,-0.9919953942298889
train,2016-05-20,2016-05-20,-0.9866870641708374
train,2016-05-23,2016-05-23,-0.9803900122642517
train,2016-05-24,2016-05-24,-0.9727398157119751
train,2016-05-25,2016-05-25,-0.9637885093688965
train,2016-05-26,2016-05-26,-0.9596771597862244
train,2016-05-27,2016-05-27,-0.9599893689155579
train,2016-05-31,2016-05-31,-0.9625394940376282
train,2016-06-01,2016-06-01,-0.9698254466056824
train,2016-06-02,2016-06-02,-0.9736765027046204
train,2016-06-03,2016-06-03,-0.9726356863975525
train,2016-06-06,2016-06-06,-0.9689406752586365
train,2016-06-07,2016-06-07,-0.966858983039856
train,2016-06-08,2016-06-08,-0.967327356338501
train,2016-06-09,2016-06-09,-0.9636324048042297
train,2016-06-10,2016-06-10,-0.9678997993469238
train,2016-06-13,2016-06-13,-0.975654125213623
train,2016-06-14,2016-06-14,-0.9750296473503113
train,2016-06-15,2016-06-15,-0.9766949415206909
train,2016-06-16,2016-06-16,-0.9745612144470215
train,2016-06-17,2016-06-17,-0.9861146211624146
train,2016-06-20,2016-06-20,-0.9873115420341492
train,2016-06-21,2016-06-21,-0.9830961227416992
train,2016-06-22,2016-06-22,-0.9849696755409241
train,2016-06-23,2016-06-23,-0.9821073412895203
train,2016-06-24,2016-06-24,-0.99615877866745
train,2016-06-27,2016-06-27,-1.0032364130020142
train,2016-06-28,2016-06-28,-0.9951699376106262
train,2016-06-29,2016-06-29,-0.990954577922821
train,2016-06-30,2016-06-30,-0.9847094416618347
train,2016-07-01,2016-07-01,-0.9832002520561218
train,2016-07-05,2016-07-05,-0.9878841042518616
train,2016-07-06,2016-07-06,-0.9850737452507019
train,2016-07-07,2016-07-07,-0.9829400181770325
train,2016-07-08,2016-07-08,-0.9790889620780945
train,2016-07-11,2016-07-11,-0.9775275588035583
train,2016-07-12,2016-07-12,-0.9752377867698669
train,2016-07-13,2016-07-13,-0.9781001210212708
train,2016-07-14,2016-07-14,-0.9681079387664795
train,2016-07-15,2016-07-15,-0.9681600332260132
train,2016-07-18,2016-07-18,-0.9626955986022949
train,2016-07-19,2016-07-19,-0.9624874591827393
train,2016-07-20,2016-07-20,-0.9620190858840942
train,2016-07-21,2016-07-21,-0.9647773504257202
train,2016-07-22,2016-07-22,-0.968784511089325
train,2016-07-25,2016-07-25,-0.975654125213623
train,2016-07-26,2016-07-26,-0.9791409373283386
train,2016-07-27,2016-07-27,-0.9464584589004517
train,2016-07-28,2016-07-28,-0.9392246007919312
train,2016-07-29,2016-07-29,-0.9399011731147766
train,2016-08-01,2016-08-01,-0.9303253293037415
train,2016-08-02,2016-08-02,-0.938495934009552
train,2016-08-03,2016-08-03,-0.9316784143447876
train,2016-08-04,2016-08-04,-0.9312621355056763
train,2016-08-05,2016-08-05,-0.9228832721710205
train,2016-08-08,2016-08-08,-0.918251633644104
train,2016-08-09,2016-08-09,-0.915961742401123
train,2016-08-10,2016-08-10,-0.920177161693573
train,2016-08-11,2016-08-11,-0.9205414652824402
train,2016-08-12,2016-08-12,-0.919240415096283
train,2016-08-15,2016-08-15,-0.9124748706817627
train,2016-08-16,2016-08-16,-0.9129952788352966
train,2016-08-17,2016-08-17,-0.9138280153274536
train,2016-08-18,2016-08-18,-0.9145565629005432
train,2016-08-19,2016-08-19,-0.9130994081497192
train,2016-08-22,2016-08-22,-0.9175229668617249
train,2016-08-23,2016-08-23,-0.9157535433769226
train,2016-08-24,2016-08-24,-0.9200210571289062
train,2016-08-25,2016-08-25,-0.9224148988723755
train,2016-08-26,2016-08-26,-0.9256936311721802
train,2016-08-29,2016-08-29,-0.9263181090354919
train,2016-08-30,2016-08-30,-0.9305855631828308
train,2016-08-31,2016-08-31,-0.9300651550292969
train,2016-09-01,2016-09-01,-0.9267864227294922
train,2016-09-02,2016-09-02,-0.9215822219848633
train,2016-09-06,2016-09-06,-0.9217384457588196
train,2016-09-07,2016-09-07,-0.9183036088943481
train,2016-09-08,2016-09-08,-0.9330836534500122
train,2016-09-09,2016-09-09,-0.9455216526985168
train,2016-09-12,2016-09-12,-0.9334999322891235
train,2016-09-13,2016-09-13,-0.9204373955726624
train,2016-09-14,2016-09-14,-0.900557279586792
train,2016-09-15,2016-09-15,-0.8807811737060547
train,2016-09-16,2016-09-16,-0.8841639757156372
train,2016-09-19,2016-09-19,-0.8911375999450684
train,2016-09-20,2016-09-20,-0.8911896347999573
train,2016-09-21,2016-09-21,-0.8912937045097351
train,2016-09-22,2016-09-22,-0.8857252597808838
train,2016-09-23,2016-09-23,-0.8956653475761414
train,2016-09-26,2016-09-26,-0.8947805166244507
train,2016-09-27,2016-09-27,-0.8936876654624939
train,2016-09-28,2016-09-28,-0.8892120718955994
train,2016-09-29,2016-09-29,-0.8984235525131226
train,2016-09-30,2016-09-30,-0.8938958048820496
train,2016-10-03,2016-10-03,-0.8966541290283203
train,2016-10-04,2016-10-04,-0.8941560387611389
train,2016-10-05,2016-10-05,-0.8938958048820496
train,2016-10-06,2016-10-06,-0.8895242810249329
train,2016-10-07,2016-10-07,-0.8886395692825317
train,2016-10-10,2016-10-10,-0.8782831430435181
train,2016-10-11,2016-10-11,-0.8769820928573608
train,2016-10-12,2016-10-12,-0.8715697526931763
train,2016-10-13,2016-10-13,-0.8734431862831116
train,2016-10-14,2016-10-14,-0.8700605034828186
train,2016-10-17,2016-10-17,-0.8704768419265747
train,2016-10-18,2016-10-18,-0.8708931803703308
train,2016-10-19,2016-10-19,-0.8727146983146667
train,2016-10-20,2016-10-20,-0.873026967048645
train,2016-10-21,2016-10-21,-0.8754208087921143
train,2016-10-24,2016-10-24,-0.8699564933776855
train,2016-10-25,2016-10-25,-0.8668339252471924
train,2016-10-26,2016-10-26,-0.8806771636009216
train,2016-10-27,2016-10-27,-0.8864537477493286
train,2016-10-28,2016-10-28,-0.890408992767334
train,2016-10-31,2016-10-31,-0.891345739364624
train,2016-11-01,2016-11-01,-0.9020144939422607
train,2016-11-02,2016-11-02,-0.901494026184082
train,2016-11-03,2016-11-03,-0.9106534123420715
train,2016-11-04,2016-11-04,-0.9158056378364563
train,2016-11-07,2016-11-07,-0.907634973526001
train,2016-11-08,2016-11-08,-0.9042522311210632
train,2016-11-09,2016-11-09,-0.9051889777183533
train,2016-11-10,2016-11-10,-0.9212700128555298
train,2016-11-11,2016-11-11,-0.9179393649101257
train,2016-11-14,2016-11-14,-0.9320948719978333
train,2016-11-15,2016-11-15,-0.924808919429779
train,2016-11-16,2016-11-16,-0.9098207950592041
train,2016-11-17,2016-11-17,-0.9100289344787598
train,2016-11-18,2016-11-18,-0.9094564914703369
train,2016-11-21,2016-11-21,-0.9007653594017029
train,2016-11-22,2016-11-22,-0.9004011154174805
train,2016-11-23,2016-11-23,-0.9033674597740173
train,2016-11-25,2016-11-25,-0.9004530906677246
train,2016-11-28,2016-11-28,-0.9015980362892151
train,2016-11-29,2016-11-29,-0.9021705985069275
train,2016-11-30,2016-11-30,-0.9070625901222229
train,2016-12-01,2016-12-01,-0.9124228954315186
train,2016-12-02,2016-12-02,-0.9102891683578491
train,2016-12-05,2016-12-05,-0.9144004583358765
train,2016-12-06,2016-12-06,-0.9100289344787598
train,2016-12-07,2016-12-07,-0.9044083952903748
train,2016-12-08,2016-12-08,-0.8987358212471008
train,2016-12-09,2016-12-09,-0.8892120718955994
train,2016-12-12,2016-12-12,-0.8925947546958923
train,2016-12-13,2016-12-13,-0.8827587962150574
train,2016-12-14,2016-12-14,-0.8827587962150574
train,2016-12-15,2016-12-15,-0.8794801235198975
train,2016-12-16,2016-12-16,-0.878699541091919
train,2016-12-19,2016-12-19,-0.8752127289772034
train,2016-12-20,2016-12-20,-0.8735994100570679
train,2016-12-21,2016-12-21,-0.873026967048645
train,2016-12-22,2016-12-22,-0.8770341277122498
train,2016-12-23,2016-12-23,-0.8758372664451599
train,2016-12-27,2016-12-27,-0.8719860315322876
train,2016-12-28,2016-12-28,-0.874588131904602
train,2016-12-29,2016-12-29,-0.8747442364692688
train,2016-12-30,2016-12-30,-0.8794801235198975
train,2017-01-03,2017-01-03,-0.8777627944946289
train,2017-01-04,2017-01-04,-0.8784393668174744
train,2017-01-05,2017-01-05,-0.8753688335418701
train,2017-01-06,2017-01-06,-0.8686033487319946
train,2017-01-09,2017-01-09,-0.8629828095436096
train,2017-01-10,2017-01-10,-0.8623582720756531
train,2017-01-11,2017-01-11,-0.8590275645256042
train,2017-01-12,2017-01-12,-0.8616296648979187
train,2017-01-13,2017-01-13,-0.8627225160598755
train,2017-01-17,2017-01-17,-0.857726514339447
train,2017-01-18,2017-01-18,-0.8577786087989807
train,2017-01-19,2017-01-19,-0.8588714599609375
train,2017-01-20,2017-01-20,-0.857726514339447
train,2017-01-23,2017-01-23,-0.8573101758956909
train,2017-01-24,2017-01-24,-0.8578826189041138
train,2017-01-25,2017-01-25,-0.847942590713501
train,2017-01-26,2017-01-26,-0.8476303219795227
train,2017-01-27,2017-01-27,-0.8475782871246338
train,2017-01-30,2017-01-30,-0.8492436408996582
train,2017-01-31,2017-01-31,-0.8507007956504822
train,2017-02-01,2017-02-01,-0.8121895790100098
train,2017-02-02,2017-02-02,-0.8133345246315002
train,2017-02-03,2017-02-03,-0.8104721903800964
train,2017-02-06,2017-02-06,-0.8041751384735107
train,2017-02-07,2017-02-07,-0.7977218627929688
train,2017-02-08,2017-02-08,-0.7950677871704102
train,2017-02-09,2017-02-09,-0.7930901050567627
train,2017-02-10,2017-02-10,-0.7946513891220093
train,2017-02-13,2017-02-13,-0.7885624766349792
train,2017-02-14,2017-02-14,-0.7795591354370117
train,2017-02-15,2017-02-15,-0.777009129524231
train,2017-02-16,2017-02-16,-0.7778417468070984
train,2017-02-17,2017-02-17,-0.7759162187576294
train,2017-02-21,2017-02-21,-0.7708160877227783
train,2017-02-22,2017-02-22,-0.7686823606491089
train,2017-02-23,2017-02-23,-0.7717007994651794
train,2017-02-24,2017-02-24,-0.771024227142334
train,2017-02-27,2017-02-27,-0.7696191072463989
train,2017-02-28,2017-02-28,-0.7693068385124207
train,2017-03-01,2017-03-01,-0.7547350525856018
train,2017-03-02,2017-03-02,-0.7590544819831848
train,2017-03-03,2017-03-03,-0.7547870874404907
train,2017-03-06,2017-03-06,-0.7570769190788269
train,2017-03-07,2017-03-07,-0.7561401724815369
train,2017-03-08,2017-03-08,-0.7588463425636292
train,2017-03-09,2017-03-09,-0.7605117559432983
train,2017-03-10,2017-03-10,-0.7581177949905396
train,2017-03-13,2017-03-13,-0.7578055262565613
train,2017-03-14,2017-03-14,-0.7588983774185181
train,2017-03-15,2017-03-15,-0.7512481808662415
train,2017-03-16,2017-03-16,-0.7500512003898621
train,2017-03-17,2017-03-17,-0.7536941766738892
train,2017-03-20,2017-03-20,-0.7460439205169678
train,2017-03-21,2017-03-21,-0.7544748187065125
train,2017-03-22,2017-03-22,-0.746252179145813
train,2017-03-23,2017-03-23,-0.7488542795181274
train,2017-03-24,2017-03-24,-0.7503114342689514
train,2017-03-27,2017-03-27,-0.7490624189376831
train,2017-03-28,2017-03-28,-0.7338660955429077
train,2017-03-29,2017-03-29,-0.7322008013725281
train,2017-03-30,2017-03-30,-0.733189582824707
train,2017-03-31,2017-03-31,-0.7345947027206421
train,2017-04-03,2017-04-03,-0.7343865633010864
train,2017-04-04,2017-04-04,-0.7288179993629456
train,2017-04-05,2017-04-05,-0.7327211499214172
train,2017-04-06,2017-04-06,-0.7345947027206421
train,2017-04-07,2017-04-07,-0.7362600564956665
train,2017-04-10,2017-04-10,-0.7371447682380676
train,2017-04-11,2017-04-11,-0.7451592683792114
train,2017-04-12,2017-04-12,-0.7442745566368103
train,2017-04-13,2017-04-13,-0.748177707195282
train,2017-04-17,2017-04-17,-0.7441183924674988
train,2017-04-18,2017-04-18,-0.7473971247673035
train,2017-04-19,2017-04-19,-0.7501032948493958
train,2017-04-20,2017-04-20,-0.7409438490867615
train,2017-04-21,2017-04-21,-0.7418285608291626
train,2017-04-24,2017-04-24,-0.7346987724304199
train,2017-04-25,2017-04-25,-0.7300670146942139
train,2017-04-26,2017-04-26,-0.7344906330108643
train,2017-04-27,2017-04-27,-0.7339181900024414
train,2017-04-28,2017-04-28,-0.7346467971801758
train,2017-05-01,2017-05-01,-0.7193983793258667
train,2017-05-02,2017-05-02,-0.714558482170105
train,2017-05-03,2017-05-03,-0.7169003486633301
train,2017-05-04,2017-05-04,-0.719658613204956
train,2017-05-05,2017-05-05,-0.7070122957229614
train,2017-05-08,2017-05-08,-0.6859352588653564
train,2017-05-09,2017-05-09,-0.6808350682258606
train,2017-05-10,2017-05-10,-0.6846342086791992
train,2017-05-11,2017-05-11,-0.6810433268547058
train,2017-05-12,2017-05-12,-0.6698541641235352
train,2017-05-15,2017-05-15,-0.6719359159469604
train,2017-05-16,2017-05-16,-0.6731328964233398
train,2017-05-17,2017-05-17,-0.7002989053726196
train,2017-05-18,2017-05-18,-0.6883812546730042
train,2017-05-19,2017-05-19,-0.6856750845909119
train,2017-05-22,2017-05-22,-0.6808350682258606
train,2017-05-23,2017-05-23,-0.6818239092826843
train,2017-05-24,2017-05-24,-0.6842178702354431
train,2017-05-25,2017-05-25,-0.6814596652984619
train,2017-05-26,2017-05-26,-0.6828127503395081
train,2017-05-30,2017-05-30,-0.6825004816055298
train,2017-05-31,2017-05-31,-0.6872363090515137
train,2017-06-01,2017-06-01,-0.6850505471229553
train,2017-06-02,2017-06-02,-0.6732369661331177
train,2017-06-05,2017-06-05,-0.6811473965644836
train,2017-06-06,2017-06-06,-0.6784411668777466
train,2017-06-07,2017-06-07,-0.6736533045768738
train,2017-06-08,2017-06-08,-0.6756308674812317
train,2017-06-09,2017-06-09,-0.7069082856178284
train,2017-06-12,2017-06-12,-0.7254352569580078
train,2017-06-13,2017-06-13,-0.7193463444709778
train,2017-06-14,2017-06-14,-0.726788341999054
train,2017-06-15,2017-06-15,-0.731316089630127
train,2017-06-16,2017-06-16,-0.7418285608291626
train,2017-06-19,2017-06-19,-0.720647394657135
train,2017-06-20,2017-06-20,-0.727569043636322
train,2017-06-21,2017-06-21,-0.7230933904647827
train,2017-06-22,2017-06-22,-0.7243423461914062
train,2017-06-23,2017-06-23,-0.7209596633911133
train,2017-06-26,2017-06-26,-0.7233535647392273
train,2017-06-27,2017-06-27,-0.7342304587364197
train,2017-06-28,2017-06-28,-0.7233015298843384
train,2017-06-29,2017-06-29,-0.7344906330108643
train,2017-06-30,2017-06-30,-0.7327211499214172
train,2017-07-03,2017-07-03,-0.7354273796081543
train,2017-07-05,2017-07-05,-0.7323569059371948
train,2017-07-06,2017-07-06,-0.7394346594810486
train,2017-07-07,2017-07-07,-0.7318885326385498
train,2017-07-10,2017-07-10,-0.7273088097572327
train,2017-07-11,2017-07-11,-0.724862813949585
train,2017-07-12,2017-07-12,-0.7237699031829834
train,2017-07-13,2017-07-13,-0.7132053375244141
train,2017-07-14,2017-07-14,-0.7065960168838501
train,2017-07-17,2017-07-17,-0.7038898468017578
train,2017-07-18,2017-07-18,-0.7011836171150208
train,2017-07-19,2017-07-19,-0.6962916254997253
train,2017-07-20,2017-07-20,-0.6998305320739746
train,2017-07-21,2017-07-21,-0.700194776058197
train,2017-07-24,2017-07-24,-0.690723180770874
train,2017-07-25,2017-07-25,-0.6873403787612915
train,2017-07-26,2017-07-26,-0.6835933327674866
train,2017-07-27,2017-07-27,-0.6986855864524841
train,2017-07-28,2017-07-28,-0.7042020559310913
train,2017-07-31,2017-07-31,-0.7082093358039856
train,2017-08-01,2017-08-01,-0.7013397216796875
train,2017-08-02,2017-08-02,-0.6644418239593506
train,2017-08-03,2017-08-03,-0.6726124286651611
train,2017-08-04,2017-08-04,-0.6683449745178223
train,2017-08-07,2017-08-07,-0.6557508111000061
train,2017-08-08,2017-08-08,-0.6491414308547974
train,2017-08-09,2017-08-09,-0.6440412998199463
train,2017-08-10,2017-08-10,-0.6739134788513184
train,2017-08-11,2017-08-11,-0.6626724004745483
train,2017-08-14,2017-08-14,-0.650338351726532
train,2017-08-15,2017-08-15,-0.6412310004234314
train,2017-08-16,2017-08-16,-0.6446138024330139
train,2017-08-17,2017-08-17,-0.6606947779655457
train,2017-08-18,2017-08-18,-0.6625683307647705
train,2017-08-21,2017-08-21,-0.6640775203704834
train,2017-08-22,2017-08-22,-0.650702714920044
train,2017-08-23,2017-08-23,-0.6496618986129761
train,2017-08-24,2017-08-24,-0.6533568501472473
train,2017-08-25,2017-08-25,-0.6502863764762878
train,2017-08-28,2017-08-28,-0.6419075727462769
train,2017-08-29,2017-08-29,-0.634413480758667
train,2017-08-30,2017-08-30,-0.632123589515686
train,2017-08-31,2017-08-31,-0.6287409067153931
train,2017-09-01,2017-09-01,-0.6284806728363037
train,2017-09-05,2017-09-05,-0.6387329697608948
train,2017-09-06,2017-09-06,-0.6396176815032959
train,2017-09-07,2017-09-07,-0.6430004835128784
train,2017-09-08,2017-09-08,-0.6566874980926514
train,2017-09-11,2017-09-11,-0.6417514085769653
train,2017-09-12,2017-09-12,-0.6450821161270142
train,2017-09-13,2017-09-13,-0.6513792872428894
train,2017-09-14,2017-09-14,-0.6585090160369873
train,2017-09-15,2017-09-15,-0.6501822471618652
train,2017-09-18,2017-09-18,-0.6564793586730957
train,2017-09-19,2017-09-19,-0.6561671495437622
train,2017-09-20,2017-09-20,-0.6700103282928467
train,2017-09-21,2017-09-21,-0.6839576363563538
train,2017-09-22,2017-09-22,-0.6917639970779419
train,2017-09-25,2017-09-25,-0.698737621307373
train,2017-09-26,2017-09-26,-0.685258686542511
train,2017-09-27,2017-09-27,-0.6795861124992371
train,2017-09-28,2017-09-28,-0.6845301389694214
train,2017-09-29,2017-09-29,-0.6801586151123047
train,2017-10-02,2017-10-02,-0.6817718744277954
train,2017-10-03,2017-10-03,-0.6782850623130798
train,2017-10-04,2017-10-04,-0.6834893226623535
train,2017-10-05,2017-10-05,-0.673549234867096
train,2017-10-06,2017-10-06,-0.6740175485610962
train,2017-10-09,2017-10-09,-0.6712073087692261
train,2017-10-10,2017-10-10,-0.6708950996398926
train,2017-10-11,2017-10-11,-0.6675122976303101
train,2017-10-12,2017-10-12,-0.6703746318817139
train,2017-10-13,2017-10-13,-0.6652224063873291
train,2017-10-16,2017-10-16,-0.6501822471618652
train,2017-10-17,2017-10-17,-0.6471117734909058
train,2017-10-18,2017-10-18,-0.6508067846298218
train,2017-10-19,2017-10-19,-0.6704787611961365
train,2017-10-20,2017-10-20,-0.6690735816955566
train,2017-10-23,2017-10-23,-0.6694899201393127
train,2017-10-24,2017-10-24,-0.6646499633789062
train,2017-10-25,2017-10-25,-0.6682409048080444
train,2017-10-26,2017-10-26,-0.6630366444587708
train,2017-10-27,2017-10-27,-0.6336848735809326
train,2017-10-30,2017-10-30,-0.6145853996276855
train,2017-10-31,2017-10-31,-0.6025116443634033
train,2017-11-01,2017-11-01,-0.6137006878852844
train,2017-11-02,2017-11-02,-0.607351541519165
train,2017-11-03,2017-11-03,-0.584505021572113
train,2017-11-06,2017-11-06,-0.5753976702690125
train,2017-11-07,2017-11-07,-0.5724833011627197
train,2017-11-08,2017-11-08,-0.5650412440299988
train,2017-11-09,2017-11-09,-0.5669147372245789
train,2017-11-10,2017-11-10,-0.5732119083404541
train,2017-11-13,2017-11-13,-0.5768548250198364
train,2017-11-14,2017-11-14,-0.5905419588088989
train,2017-11-15,2017-11-15,-0.6023034453392029
train,2017-11-16,2017-11-16,-0.5917909145355225
train,2017-11-17,2017-11-17,-0.5967350006103516
train,2017-11-20,2017-11-20,-0.5976197123527527
train,2017-11-21,2017-11-21,-0.5811743140220642
train,2017-11-22,2017-11-22,-0.5717025995254517
train,2017-11-24,2017-11-24,-0.5716506242752075
train,2017-11-27,2017-11-27,-0.5762303471565247
train,2017-11-28,2017-11-28,-0.5815385580062866
train,2017-11-29,2017-11-29,-0.6002218127250671
train,2017-11-30,2017-11-30,-0.5878877639770508
train,2017-12-01,2017-12-01,-0.5920511484146118
train,2017-12-04,2017-12-04,-0.598556399345398
train,2017-12-05,2017-12-05,-0.5993890762329102
train,2017-12-06,2017-12-06,-0.6026678085327148
train,2017-12-07,2017-12-07,-0.6010544300079346
train,2017-12-08,2017-12-08,-0.60079425573349
train,2017-12-11,2017-12-11,-0.5836203098297119
train,2017-12-12,2017-12-12,-0.5886684060096741
train,2017-12-13,2017-12-13,-0.5857020020484924
train,2017-12-14,2017-12-14,-0.585962176322937
train,2017-12-15,2017-12-15,-0.5768548250198364
train,2017-12-18,2017-12-18,-0.5641044974327087
train,2017-12-19,2017-12-19,-0.5738884806632996
train,2017-12-20,2017-12-20,-0.5748772025108337
train,2017-12-21,2017-12-21,-0.5714424848556519
train,2017-12-22,2017-12-22,-0.5714424848556519
train,2017-12-26,2017-12-26,-0.5945491194725037
train,2017-12-27,2017-12-27,-0.5943930149078369
train,2017-12-28,2017-12-28,-0.5918949842453003
train,2017-12-29,2017-12-29,-0.6015228629112244
train,2018-01-02,2018-01-02,-0.5857540965080261
train,2018-01-03,2018-01-03,-0.5859102010726929
train,2018-01-04,2018-01-04,-0.5817468166351318
train,2018-01-05,2018-01-05,-0.571494460105896
train,2018-01-08,2018-01-08,-0.5748772025108337
train,2018-01-09,2018-01-09,-0.5749812722206116
train,2018-01-10,2018-01-10,-0.5751895308494568
train,2018-01-11,2018-01-11,-0.570037305355072
train,2018-01-12,2018-01-12,-0.5606176853179932
train,2018-01-16,2018-01-16,-0.5653014779090881
train,2018-01-17,2018-01-17,-0.5501571297645569
train,2018-01-18,2018-01-18,-0.5493245124816895
train,2018-01-19,2018-01-19,-0.5534878373146057
train,2018-01-22,2018-01-22,-0.5610860586166382
train,2018-01-23,2018-01-23,-0.5608779191970825
train,2018-01-24,2018-01-24,-0.5755537748336792
train,2018-01-25,2018-01-25,-0.5917388796806335
train,2018-01-26,2018-01-26,-0.5896572470664978
train,2018-01-29,2018-01-29,-0.6081321239471436
train,2018-01-30,2018-01-30,-0.6132843494415283
train,2018-01-31,2018-01-31,-0.6108904480934143
train,2018-02-01,2018-02-01,-0.6090689301490784
train,2018-02-02,2018-02-02,-0.646955668926239
train,2018-02-05,2018-02-05,-0.6678245663642883
train,2018-02-06,2018-02-06,-0.6337890028953552
train,2018-02-07,2018-02-07,-0.6519517302513123
train,2018-02-08,2018-02-08,-0.6747982501983643
train,2018-02-09,2018-02-09,-0.6682409048080444
train,2018-02-12,2018-02-12,-0.6354542970657349
train,2018-02-13,2018-02-13,-0.6269714832305908
train,2018-02-14,2018-02-14,-0.6112027168273926
train,2018-02-15,2018-02-15,-0.5819549560546875
train,2018-02-16,2018-02-16,-0.584869384765625
train,2018-02-20,2018-02-20,-0.5878877639770508
train,2018-02-21,2018-02-21,-0.5919470191001892
train,2018-02-22,2018-02-22,-0.584505021572113
train,2018-02-23,2018-02-23,-0.5688923597335815
train,2018-02-26,2018-02-26,-0.5508337020874023
train,2018-02-27,2018-02-27,-0.5538522005081177
train,2018-02-28,2018-02-28,-0.5552573204040527
train,2018-03-01,2018-03-01,-0.571494460105896
train,2018-03-02,2018-03-02,-0.5651973485946655
train,2018-03-05,2018-03-05,-0.5620227456092834
train,2018-03-06,2018-03-06,-0.5628034472465515
train,2018-03-07,2018-03-07,-0.5713383555412292
train,2018-03-08,2018-03-08,-0.5613982677459717
train,2018-03-09,2018-03-09,-0.5455774664878845
train,2018-03-12,2018-03-12,-0.5365221500396729
train,2018-03-13,2018-03-13,-0.5456295013427734
train,2018-03-14,2018-03-14,-0.5535919666290283
train,2018-03-15,2018-03-15,-0.5524991154670715
train,2018-03-16,2018-03-16,-0.5557777285575867
train,2018-03-19,2018-03-19,-0.5699331760406494
train,2018-03-20,2018-03-20,-0.5702454447746277
train,2018-03-21,2018-03-21,-0.5909062027931213
train,2018-03-22,2018-03-22,-0.6035004258155823
train,2018-03-23,2018-03-23,-0.6238489151000977
train,2018-03-26,2018-03-26,-0.5830998420715332
train,2018-03-27,2018-03-27,-0.6061546206474304
train,2018-03-28,2018-03-28,-0.6158344745635986
train,2018-03-29,2018-03-29,-0.6090689301490784
train,2018-04-02,2018-04-02,-0.614793598651886
train,2018-04-03,2018-04-03,-0.6058943867683411
train,2018-04-04,2018-04-04,-0.5891367793083191
train,2018-04-05,2018-04-05,-0.5829437375068665
train,2018-04-06,2018-04-06,-0.6059463620185852
train,2018-04-09,2018-04-09,-0.5972553491592407
train,2018-04-10,2018-04-10,-0.5806018710136414
train,2018-04-11,2018-04-11,-0.5848172903060913
train,2018-04-12,2018-04-12,-0.5759701132774353
train,2018-04-13,2018-04-13,-0.5728996396064758
train,2018-04-16,2018-04-16,-0.5672270059585571
train,2018-04-17,2018-04-17,-0.5546327829360962
train,2018-04-18,2018-04-18,-0.5567145347595215
train,2018-04-19,2018-04-19,-0.5829437375068665
train,2018-04-20,2018-04-20,-0.6197896003723145
train,2018-04-23,2018-04-23,-0.6222876310348511
train,2018-04-24,2018-04-24,-0.6342573761940002
train,2018-04-25,2018-04-25,-0.630562424659729
train,2018-04-26,2018-04-26,-0.6275959610939026
train,2018-04-27,2018-04-27,-0.6374839544296265
train,2018-04-30,2018-04-30,-0.622183620929718
train,2018-05-01,2018-05-01,-0.6021993160247803
train,2018-05-02,2018-05-02,-0.5633237957954407
train,2018-05-03,2018-05-03,-0.561658501625061
train,2018-05-04,2018-05-04,-0.5255412459373474
train,2018-05-07,2018-05-07,-0.5186195969581604
train,2018-05-08,2018-05-08,-0.5139878392219543
train,2018-05-09,2018-05-09,-0.5071703195571899
train,2018-05-10,2018-05-10,-0.49322307109832764
train,2018-05-11,2018-05-11,-0.5007691383361816
train,2018-05-14,2018-05-14,-0.5030590295791626
train,2018-05-15,2018-05-15,-0.5119581818580627
train,2018-05-16,2018-05-16,-0.5029029250144958
train,2018-05-17,2018-05-17,-0.5090958476066589
train,2018-05-18,2018-05-18,-0.5126347541809082
train,2018-05-21,2018-05-21,-0.5057651996612549
train,2018-05-22,2018-05-22,-0.5082111358642578
train,2018-05-23,2018-05-23,-0.501966118812561
train,2018-05-24,2018-05-24,-0.5030590295791626
train,2018-05-25,2018-05-25,-0.5008211731910706
train,2018-05-29,2018-05-29,-0.5043600797653198
train,2018-05-30,2018-05-30,-0.5064417719841003
train,2018-05-31,2018-05-31,-0.5097204446792603
train,2018-06-01,2018-06-01,-0.4921821653842926
train,2018-06-04,2018-06-04,-0.48390746116638184
train,2018-06-05,2018-06-05,-0.4762052595615387
train,2018-06-06,2018-06-06,-0.47271841764450073
train,2018-06-07,2018-06-07,-0.47542455792427063
train,2018-06-08,2018-06-08,-0.4845840334892273
train,2018-06-11,2018-06-11,-0.487030029296875
train,2018-06-12,2018-06-12,-0.48156559467315674
train,2018-06-13,2018-06-13,-0.4897882640361786
train,2018-06-14,2018-06-14,-0.4892677962779999
train,2018-06-15,2018-06-15,-0.4994681179523468
train,2018-06-18,2018-06-18,-0.49998849630355835
train,2018-06-19,2018-06-19,-0.5158613920211792
train,2018-06-20,2018-06-20,-0.5116459727287292
train,2018-06-21,2018-06-21,-0.5170583128929138
train,2018-06-22,2018-06-22,-0.5198686122894287
train,2018-06-25,2018-06-25,-0.534180223941803
train,2018-06-26,2018-06-26,-0.522418737411499
train,2018-06-27,2018-06-27,-0.5238237977027893
train,2018-06-28,2018-06-28,-0.5168501734733582
train,2018-06-29,2018-06-29,-0.5188798308372498
train,2018-07-02,2018-07-02,-0.5081071257591248
train,2018-07-03,2018-07-03,-0.5250728726387024
train,2018-07-05,2018-07-05,-0.5173706412315369
train,2018-07-06,2018-07-06,-0.5039957761764526
train,2018-07-09,2018-07-09,-0.49041274189949036
train,2018-07-10,2018-07-10,-0.49160969257354736
train,2018-07-11,2018-07-11,-0.5044640898704529
train,2018-07-12,2018-07-12,-0.48807084560394287
train,2018-07-13,2018-07-13,-0.4865095913410187
train,2018-07-16,2018-07-16,-0.488695353269577
train,2018-07-17,2018-07-17,-0.4858850836753845
train,2018-07-18,2018-07-18,-0.49134954810142517
train,2018-07-19,2018-07-19,-0.4836472272872925
train,2018-07-20,2018-07-20,-0.48593711853027344
train,2018-07-23,2018-07-23,-0.4850524067878723
train,2018-07-24,2018-07-24,-0.4778185486793518
train,2018-07-25,2018-07-25,-0.46834683418273926
train,2018-07-26,2018-07-26,-0.47152140736579895
train,2018-07-27,2018-07-27,-0.4883310794830322
train,2018-07-30,2018-07-30,-0.49389955401420593
train,2018-07-31,2018-07-31,-0.4919220209121704
train,2018-08-01,2018-08-01,-0.43358269333839417
train,2018-08-02,2018-08-02,-0.4029298424720764
train,2018-08-03,2018-08-03,-0.39980727434158325
train,2018-08-06,2018-08-06,-0.39418670535087585
train,2018-08-07,2018-08-07,-0.4043869972229004
train,2018-08-08,2018-08-08,-0.4036584198474884
train,2018-08-09,2018-08-09,-0.3951755166053772
train,2018-08-10,2018-08-10,-0.40220123529434204
train,2018-08-13,2018-08-13,-0.3952276110649109
train,2018-08-14,2018-08-14,-0.39064788818359375
train,2018-08-15,2018-08-15,-0.3880977928638458
train,2018-08-16,2018-08-16,-0.37206876277923584
train,2018-08-17,2018-08-17,-0.3498988449573517
train,2018-08-20,2018-08-20,-0.36093175411224365
train,2018-08-21,2018-08-21,-0.36311760544776917
train,2018-08-22,2018-08-22,-0.3630655109882355
train,2018-08-23,2018-08-23,-0.3607756197452545
train,2018-08-24,2018-08-24,-0.35728880763053894
train,2018-08-27,2018-08-27,-0.3480253219604492
train,2018-08-28,2018-08-28,-0.33886590600013733
train,2018-08-29,2018-08-29,-0.32179608941078186
train,2018-08-30,2018-08-30,-0.3111274242401123
train,2018-08-31,2018-08-31,-0.29759642481803894
train,2018-09-04,2018-09-04,-0.2937973439693451
train,2018-09-05,2018-09-05,-0.3015516698360443
train,2018-09-06,2018-09-06,-0.32117152214050293
train,2018-09-07,2018-09-07,-0.33053913712501526
train,2018-09-10,2018-09-10,-0.3459956645965576
train,2018-09-11,2018-09-11,-0.31726837158203125
train,2018-09-12,2018-09-12,-0.33173608779907227
train,2018-09-13,2018-09-13,-0.3039455711841583
train,2018-09-14,2018-09-14,-0.31732043623924255
train,2018-09-17,2018-09-17,-0.3483375608921051
train,2018-09-18,2018-09-18,-0.34646403789520264
train,2018-09-19,2018-09-19,-0.34578752517700195
train,2018-09-20,2018-09-20,-0.337148517370224
train,2018-09-21,2018-09-21,-0.3494824767112732
train,2018-09-24,2018-09-24,-0.3331933319568634
train,2018-09-25,2018-09-25,-0.3259073793888092
train,2018-09-26,2018-09-26,-0.3351188600063324
train,2018-09-27,2018-09-27,-0.3115437626838684
train,2018-09-28,2018-09-28,-0.3074323832988739
train,2018-10-01,2018-10-01,-0.2995220422744751
train,2018-10-02,2018-10-02,-0.2890094816684723
train,2018-10-03,2018-10-03,-0.2744896709918976
train,2018-10-04,2018-10-04,-0.2957229018211365
train,2018-10-05,2018-10-05,-0.31497856974601746
train,2018-10-08,2018-10-08,-0.31768471002578735
train,2018-10-09,2018-10-09,-0.3015516698360443
train,2018-10-10,2018-10-10,-0.35624799132347107
train,2018-10-11,2018-10-11,-0.36618804931640625
train,2018-10-12,2018-10-12,-0.3263237178325653
train,2018-10-15,2018-10-15,-0.3510437607765198
train,2018-10-16,2018-10-16,-0.32611557841300964
train,2018-10-17,2018-10-17,-0.3311116099357605
train,2018-10-18,2018-10-18,-0.3580174148082733
train,2018-10-19,2018-10-19,-0.34089556336402893
train,2018-10-22,2018-10-22,-0.3339219093322754
train,2018-10-23,2018-10-23,-0.3230971395969391
train,2018-10-24,2018-10-24,-0.3628573715686798
train,2018-10-25,2018-10-25,-0.338345468044281
train,2018-10-26,2018-10-26,-0.35656023025512695
train,2018-10-29,2018-10-29,-0.37768933176994324
train,2018-10-30,2018-10-30,-0.37217289209365845
train,2018-10-31,2018-10-31,-0.34323742985725403
train,2018-11-01,2018-11-01,-0.32575124502182007
train,2018-11-02,2018-11-02,-0.4024614691734314
train,2018-11-05,2018-11-05,-0.43311432003974915
train,2018-11-06,2018-11-06,-0.42176908254623413
train,2018-11-07,2018-11-07,-0.3896070420742035
train,2018-11-08,2018-11-08,-0.3972051739692688
train,2018-11-09,2018-11-09,-0.4181261360645294
train,2018-11-12,2018-11-12,-0.4717296063899994
train,2018-11-13,2018-11-13,-0.4818257987499237
train,2018-11-14,2018-11-14,-0.5100846886634827
train,2018-11-15,2018-11-15,-0.4860932230949402
train,2018-11-16,2018-11-16,-0.4750603139400482
train,2018-11-19,2018-11-19,-0.5149766802787781
train,2018-11-20,2018-11-20,-0.561190128326416
train,2018-11-21,2018-11-21,-0.5622310042381287
train,2018-11-23,2018-11-23,-0.5855979323387146
train,2018-11-26,2018-11-26,-0.5734720826148987
train,2018-11-27,2018-11-27,-0.5754496455192566
train,2018-11-28,2018-11-28,-0.5405814051628113
train,2018-11-29,2018-11-29,-0.5478152632713318
train,2018-11-30,2018-11-30,-0.552863359451294
train,2018-12-03,2018-12-03,-0.5203890204429626
train,2018-12-04,2018-12-04,-0.5626993179321289
train,2018-12-06,2018-12-06,-0.5729516744613647
train,2018-12-07,2018-12-07,-0.6053739190101624
train,2018-12-10,2018-12-10,-0.5995972156524658
train,2018-12-11,2018-12-11,-0.604645311832428
train,2018-12-12,2018-12-12,-0.6021993160247803
train,2018-12-13,2018-12-13,-0.5925715565681458
train,2018-12-14,2018-12-14,-0.6210386753082275
train,2018-12-17,2018-12-17,-0.6290531158447266
train,2018-12-18,2018-12-18,-0.6179681420326233
train,2018-12-19,2018-12-19,-0.6449260115623474
train,2018-12-20,2018-12-20,-0.6660551428794861
train,2018-12-21,2018-12-21,-0.697800874710083
train,2018-12-24,2018-12-24,-0.7180973291397095
train,2018-12-26,2018-12-26,-0.6642857193946838
train,2018-12-27,2018-12-27,-0.6695940494537354
train,2018-12-28,2018-12-28,-0.6691777110099792
train,2018-12-31,2018-12-31,-0.6613192558288574
train,2019-01-02,2019-01-02,-0.6603825688362122
train,2019-01-03,2019-01-03,-0.7422448992729187
train,2019-01-04,2019-01-04,-0.7106553316116333
train,2019-01-07,2019-01-07,-0.7123727202415466
train,2019-01-08,2019-01-08,-0.6976968050003052
train,2019-01-09,2019-01-09,-0.6843739748001099
train,2019-01-10,2019-01-10,-0.6818239092826843
train,2019-01-11,2019-01-11,-0.6896823048591614
train,2019-01-14,2019-01-14,-0.7015999555587769
train,2019-01-15,2019-01-15,-0.6856229901313782
train,2019-01-16,2019-01-16,-0.675891101360321
train,2019-01-17,2019-01-17,-0.6711032390594482
train,2019-01-18,2019-01-18,-0.6661071181297302
train,2019-01-22,2019-01-22,-0.6844260096549988
train,2019-01-23,2019-01-23,-0.6811994314193726
train,2019-01-24,2019-01-24,-0.6875485777854919
train,2019-01-25,2019-01-25,-0.6612152457237244
train,2019-01-28,2019-01-28,-0.6688133478164673
train,2019-01-29,2019-01-29,-0.677244246006012
train,2019-01-30,2019-01-30,-0.6222355961799622
train,2019-01-31,2019-01-31,-0.6160425543785095
train,2019-02-01,2019-02-01,-0.6156262159347534
train,2019-02-04,2019-02-04,-0.591010332107544
train,2019-02-05,2019-02-05,-0.5757619738578796
train,2019-02-06,2019-02-06,-0.5754496455192566
train,2019-02-07,2019-02-07,-0.5926235914230347
train,2019-02-08,2019-02-08,-0.5953818559646606
train,2019-02-11,2019-02-11,-0.6004820466041565
train,2019-02-12,2019-02-12,-0.592883825302124
train,2019-02-13,2019-02-13,-0.59657883644104
train,2019-02-14,2019-02-14,-0.593352198600769
train,2019-02-15,2019-02-15,-0.5953298211097717
train,2019-02-19,2019-02-19,-0.5926756858825684
train,2019-02-20,2019-02-20,-0.5869510173797607
train,2019-02-21,2019-02-21,-0.5919991135597229
train,2019-02-22,2019-02-22,-0.5820590257644653
train,2019-02-25,2019-02-25,-0.5755017399787903
train,2019-02-26,2019-02-26,-0.5749812722206116
train,2019-02-27,2019-02-27,-0.5721710324287415
train,2019-02-28,2019-02-28,-0.5811223387718201
train,2019-03-01,2019-03-01,-0.5716506242752075
train,2019-03-04,2019-03-04,-0.5670708417892456
train,2019-03-05,2019-03-05,-0.5687362551689148
train,2019-03-06,2019-03-06,-0.5739924907684326
train,2019-03-07,2019-03-07,-0.584505021572113
train,2019-03-08,2019-03-08,-0.5823712944984436
train,2019-03-11,2019-03-11,-0.5511980652809143
train,2019-03-12,2019-03-12,-0.540737509727478
train,2019-03-13,2019-03-13,-0.536574125289917
train,2019-03-14,2019-03-14,-0.5260616540908813
train,2019-03-15,2019-03-15,-0.5136235952377319
train,2019-03-18,2019-03-18,-0.5037355422973633
train,2019-03-19,2019-03-19,-0.5114898681640625
train,2019-03-20,2019-03-20,-0.5030069351196289
train,2019-03-21,2019-03-21,-0.4669417440891266
train,2019-03-22,2019-03-22,-0.48796674609184265
train,2019-03-25,2019-03-25,-0.49998849630355835
train,2019-03-26,2019-03-26,-0.5101367831230164
train,2019-03-27,2019-03-27,-0.5013936758041382
train,2019-03-28,2019-03-28,-0.5000925660133362
train,2019-03-29,2019-03-29,-0.49369141459465027
train,2019-04-01,2019-04-01,-0.4869779348373413
train,2019-04-02,2019-04-02,-0.4725102186203003
train,2019-04-03,2019-04-03,-0.46558859944343567
train,2019-04-04,2019-04-04,-0.4638191759586334
train,2019-04-05,2019-04-05,-0.457001656293869
train,2019-04-08,2019-04-08,-0.4408685564994812
train,2019-04-09,2019-04-09,-0.44399112462997437
train,2019-04-10,2019-04-10,-0.4381624162197113
train,2019-04-11,2019-04-11,-0.4468534588813782
train,2019-04-12,2019-04-12,-0.4472697973251343
train,2019-04-15,2019-04-15,-0.4453962743282318
train,2019-04-16,2019-04-16,-0.4452921748161316
train,2019-04-17,2019-04-17,-0.42509979009628296
train,2019-04-18,2019-04-18,-0.4213007092475891
train,2019-04-22,2019-04-22,-0.41781389713287354
train,2019-04-23,2019-04-23,-0.4024614691734314
train,2019-04-24,2019-04-24,-0.4041267931461334
train,2019-04-25,2019-04-25,-0.41391074657440186
train,2019-04-26,2019-04-26,-0.41901084780693054
train,2019-04-29,2019-04-29,-0.41739755868911743
train,2019-04-30,2019-04-30,-0.43790218234062195
train,2019-05-01,2019-05-01,-0.38664060831069946
train,2019-05-02,2019-05-02,-0.3937704265117645
train,2019-05-03,2019-05-03,-0.38023942708969116
train,2019-05-06,2019-05-06,-0.3972572684288025
train,2019-05-07,2019-05-07,-0.4265049397945404
train,2019-05-08,2019-05-08,-0.42629680037498474
train,2019-05-09,2019-05-09,-0.437641978263855
train,2019-05-10,2019-05-10,-0.45606493949890137
train,2019-05-13,2019-05-13,-0.5157052278518677
train,2019-05-14,2019-05-14,-0.5004048347473145
train,2019-05-15,2019-05-15,-0.4886433184146881
train,2019-05-16,2019-05-16,-0.4930148422718048
train,2019-05-17,2019-05-17,-0.4986354112625122
train,2019-05-20,2019-05-20,-0.5293923616409302
train,2019-05-21,2019-05-21,-0.5111255049705505
train,2019-05-22,2019-05-22,-0.5310056805610657
train,2019-05-23,2019-05-23,-0.5472428202629089
train,2019-05-24,2019-05-24,-0.5508337020874023
train,2019-05-28,2019-05-28,-0.5546848773956299
train,2019-05-29,2019-05-29,-0.5591084361076355
train,2019-05-30,2019-05-30,-0.5543205142021179
train,2019-05-31,2019-05-31,-0.5711301565170288
train,2019-06-03,2019-06-03,-0.580341637134552
train,2019-06-04,2019-06-04,-0.5473468899726868
train,2019-06-05,2019-06-05,-0.532254695892334
train,2019-06-06,2019-06-06,-0.5183073878288269
train,2019-06-07,2019-06-07,-0.4926505982875824
train,2019-06-10,2019-06-10,-0.48000431060791016
train,2019-06-11,2019-06-11,-0.46839892864227295
train,2019-06-12,2019-06-12,-0.47162550687789917
train,2019-06-13,2019-06-13,-0.471833735704422
train,2019-06-14,2019-06-14,-0.47917160391807556
train,2019-06-17,2019-06-17,-0.47318679094314575
train,2019-06-18,2019-06-18,-0.4494555592536926
train,2019-06-19,2019-06-19,-0.45247402787208557
train,2019-06-20,2019-06-20,-0.44419926404953003
train,2019-06-21,2019-06-21,-0.4477381706237793
train,2019-06-24,2019-06-24,-0.44877898693084717
train,2019-06-25,2019-06-25,-0.4644436538219452
train,2019-06-26,2019-06-26,-0.4424298405647278
train,2019-06-27,2019-06-27,-0.44274207949638367
train,2019-06-28,2019-06-28,-0.4522137939929962
train,2019-07-01,2019-07-01,-0.4333224594593048
train,2019-07-02,2019-07-02,-0.42718151211738586
train,2019-07-03,2019-07-03,-0.4184383749961853
train,2019-07-05,2019-07-05,-0.4193751811981201
train,2019-07-08,2019-07-08,-0.4412848949432373
train,2019-07-09,2019-07-09,-0.4349357485771179
train,2019-07-10,2019-07-10,-0.4245794117450714
train,2019-07-11,2019-07-11,-0.43228161334991455
train,2019-07-12,2019-07-12,-0.42421507835388184
train,2019-07-15,2019-07-15,-0.41427499055862427
train,2019-07-16,2019-07-16,-0.41797003149986267
train,2019-07-17,2019-07-17,-0.4239548444747925
train,2019-07-18,2019-07-18,-0.41193312406539917
train,2019-07-19,2019-07-19,-0.42791008949279785
train,2019-07-22,2019-07-22,-0.40381455421447754
train,2019-07-23,2019-07-23,-0.3953837454319
train,2019-07-24,2019-07-24,-0.39626842737197876
train,2019-07-25,2019-07-25,-0.4048553705215454
train,2019-07-26,2019-07-26,-0.4011083245277405
train,2019-07-29,2019-07-29,-0.3910122215747833
train,2019-07-30,2019-07-30,-0.3956959843635559
train,2019-07-31,2019-07-31,-0.37352603673934937
train,2019-08-01,2019-08-01,-0.39751747250556946
train,2019-08-02,2019-08-02,-0.4204680323600769
train,2019-08-05,2019-08-05,-0.47604912519454956
train,2019-08-06,2019-08-06,-0.457001656293869
train,2019-08-07,2019-08-07,-0.44638508558273315
train,2019-08-08,2019-08-08,-0.42353856563568115
train,2019-08-09,2019-08-09,-0.43623679876327515
train,2019-08-12,2019-08-12,-0.4388909935951233
train,2019-08-13,2019-08-13,-0.39470717310905457
train,2019-08-14,2019-08-14,-0.42707741260528564
train,2019-08-15,2019-08-15,-0.43233364820480347
train,2019-08-16,2019-08-16,-0.40756160020828247
train,2019-08-19,2019-08-19,-0.3875253200531006
train,2019-08-20,2019-08-20,-0.38747328519821167
train,2019-08-21,2019-08-21,-0.3756076991558075
train,2019-08-22,2019-08-22,-0.37654441595077515
train,2019-08-23,2019-08-23,-0.4276498854160309
train,2019-08-26,2019-08-26,-0.407613605260849
train,2019-08-27,2019-08-27,-0.41973942518234253
train,2019-08-28,2019-08-28,-0.41260969638824463
train,2019-08-29,2019-08-29,-0.3944990336894989
train,2019-08-30,2019-08-30,-0.3959040939807892
train,2019-09-03,2019-09-03,-0.4117249846458435
train,2019-09-04,2019-09-04,-0.3935622274875641
train,2019-09-05,2019-09-05,-0.37227699160575867
train,2019-09-06,2019-09-06,-0.3723810911178589
train,2019-09-09,2019-09-09,-0.3676452338695526
train,2019-09-10,2019-09-10,-0.3544785678386688
train,2019-09-11,2019-09-11,-0.31862151622772217
train,2019-09-12,2019-09-12,-0.3212236166000366
train,2019-09-13,2019-09-13,-0.34380990266799927
train,2019-09-16,2019-09-16,-0.33782508969306946
train,2019-09-17,2019-09-17,-0.3336617052555084
train,2019-09-18,2019-09-18,-0.32288891077041626
train,2019-09-19,2019-09-19,-0.3323085606098175
train,2019-09-20,2019-09-20,-0.3491182327270508
train,2019-09-23,2019-09-23,-0.3439660370349884
train,2019-09-24,2019-09-24,-0.34937846660614014
train,2019-09-25,2019-09-25,-0.3319442868232727
train,2019-09-26,2019-09-26,-0.337877094745636
train,2019-09-27,2019-09-27,-0.3434455692768097
train,2019-09-30,2019-09-30,-0.3166438639163971
train,2019-10-01,2019-10-01,-0.3134172856807709
train,2019-10-02,2019-10-02,-0.3427169919013977
train,2019-10-03,2019-10-03,-0.3330371379852295
train,2019-10-04,2019-10-04,-0.3008230924606323
train,2019-10-07,2019-10-07,-0.30056285858154297
train,2019-10-08,2019-10-08,-0.3144060969352722
train,2019-10-09,2019-10-09,-0.3007189929485321
train,2019-10-10,2019-10-10,-0.2847940921783447
train,2019-10-11,2019-10-11,-0.2529442012310028
train,2019-10-14,2019-10-14,-0.2547137141227722
train,2019-10-15,2019-10-15,-0.25757595896720886
train,2019-10-16,2019-10-16,-0.26252004504203796
train,2019-10-17,2019-10-17,-0.2577841877937317
train,2019-10-18,2019-10-18,-0.25190338492393494
train,2019-10-21,2019-10-21,-0.2305661290884018
train,2019-10-22,2019-10-22,-0.23342838883399963
train,2019-10-23,2019-10-23,-0.21667087078094482
train,2019-10-24,2019-10-24,-0.21458913385868073
train,2019-10-25,2019-10-25,-0.19897648692131042
train,2019-10-28,2019-10-28,-0.18612205982208252
train,2019-10-29,2019-10-29,-0.21609841287136078
train,2019-10-30,2019-10-30,-0.21625453233718872
train,2019-10-31,2019-10-31,-0.18763132393360138
train,2019-11-01,2019-11-01,-0.15088947117328644
train,2019-11-04,2019-11-04,-0.14214642345905304
train,2019-11-05,2019-11-05,-0.14407195150852203
train,2019-11-06,2019-11-06,-0.14349956810474396
train,2019-11-07,2019-11-07,-0.13210232555866241
train,2019-11-08,2019-11-08,-0.12840721011161804
train,2019-11-11,2019-11-11,-0.11768653243780136
train,2019-11-12,2019-11-12,-0.11893565207719803
train,2019-11-13,2019-11-13,-0.10587301105260849
train,2019-11-14,2019-11-14,-0.1153966635465622
train,2019-11-15,2019-11-15,-0.09915952384471893
train,2019-11-18,2019-11-18,-0.09218589216470718
train,2019-11-19,2019-11-19,-0.09640129655599594
train,2019-11-20,2019-11-20,-0.11253440380096436
train,2019-11-21,2019-11-21,-0.1186753436923027
train,2019-11-22,2019-11-22,-0.11987236887216568
train,2019-11-25,2019-11-25,-0.09598502516746521
train,2019-11-26,2019-11-26,-0.10680973529815674
train,2019-11-27,2019-11-27,-0.088334821164608
train,2019-11-29,2019-11-29,-0.09140528738498688
train,2019-12-02,2019-12-02,-0.1074863076210022
train,2019-12-03,2019-12-03,-0.13199813663959503
train,2019-12-04,2019-12-04,-0.12008058279752731
train,2019-12-05,2019-12-05,-0.10009640455245972
train,2019-12-06,2019-12-06,-0.07339873909950256
train,2019-12-09,2019-12-09,-0.09312260895967484
train,2019-12-10,2019-12-10,-0.0850040391087532
train,2019-12-11,2019-12-11,-0.07308649271726608
train,2019-12-12,2019-12-12,-0.06949557363986969
train,2019-12-13,2019-12-13,-0.050291988998651505
train,2019-12-16,2019-12-16,-0.02578016370534897
train,2019-12-17,2019-12-17,-0.022917749360203743
train,2019-12-18,2019-12-18,-0.026404645293951035
train,2019-12-19,2019-12-19,-0.02494747005403042
train,2019-12-20,2019-12-20,-0.02796584740281105
train,2019-12-23,2019-12-23,-0.00423462176695466
train,2019-12-24,2019-12-24,-0.0028295398224145174
train,2019-12-26,2019-12-26,0.026522330939769745
train,2019-12-27,2019-12-27,0.025949783623218536
train,2019-12-30,2019-12-30,0.03490104526281357
train,2019-12-31,2019-12-31,0.04598606005311012
train,2020-01-02,2020-01-02,0.0808543860912323
train,2020-01-03,2020-01-03,0.06565800309181213
train,2020-01-06,2020-01-06,0.07799196988344193
train,2020-01-07,2020-01-07,0.07065416127443314
train,2020-01-08,2020-01-08,0.0956343486905098
train,2020-01-09,2020-01-09,0.12914954125881195
train,2020-01-10,2020-01-10,0.1327923983335495
train,2020-01-13,2020-01-13,0.1672963947057724
train,2020-01-14,2020-01-14,0.14502233266830444
train,2020-01-15,2020-01-15,0.1380487084388733
train,2020-01-16,2020-01-16,0.15834513306617737
train,2020-01-17,2020-01-17,0.17650796473026276
train,2020-01-21,2020-01-21,0.16526682674884796
train,2020-01-22,2020-01-22,0.17114761471748352
train,2020-01-23,2020-01-23,0.1791100651025772
train,2020-01-24,2020-01-24,0.17432211339473724
train,2020-01-27,2020-01-27,0.12561070919036865
train,2020-01-28,2020-01-28,0.17109552025794983
train,2020-01-29,2020-01-29,0.20570355653762817
train,2020-01-30,2020-01-30,0.20325756072998047
train,2020-01-31,2020-01-31,0.128525048494339
train,2020-02-03,2020-02-03,0.1241014376282692
train,2020-02-04,2020-02-04,0.17713244259357452
train,2020-02-05,2020-02-05,0.1906634420156479
train,2020-02-06,2020-02-06,0.21023119986057281
train,2020-02-07,2020-02-07,0.18327337503433228
train,2020-02-10,2020-02-10,0.19118373095989227
train,2020-02-11,2020-02-11,0.18108753859996796
train,2020-02-12,2020-02-12,0.22058770060539246
train,2020-02-13,2020-02-13,0.20846177637577057
train,2020-02-14,2020-02-14,0.20887820422649384
train,2020-02-18,2020-02-18,0.17791303992271423
train,2020-02-19,2020-02-19,0.20195651054382324
train,2020-02-20,2020-02-20,0.18467846512794495
train,2020-02-21,2020-02-21,0.14694787561893463
train,2020-02-24,2020-02-24,0.06956116110086441
train,2020-02-25,2020-02-25,0.016998521983623505
train,2020-02-26,2020-02-26,0.040781840682029724
train,2020-02-27,2020-02-27,-0.05877489224076271
train,2020-02-28,2020-02-28,-0.05960758775472641
train,2020-03-02,2020-03-02,0.07283984869718552
train,2020-03-03,2020-03-03,0.02345186099410057
train,2020-03-04,2020-03-04,0.09329239279031754
train,2020-03-05,2020-03-05,0.042187079787254333
train,2020-03-06,2020-03-06,0.021942593157291412
train,2020-03-09,2020-03-09,-0.09702577441930771
train,2020-03-10,2020-03-10,0.002739012474194169
train,2020-03-11,2020-03-11,-0.04883481562137604
train,2020-03-12,2020-03-12,-0.19038955867290497
train,2020-03-13,2020-03-13,-0.03561605513095856
train,2020-03-16,2020-03-16,-0.221718892455101
train,2020-03-17,2020-03-17,-0.16629399359226227
train,2020-03-18,2020-03-18,-0.1985081285238266
train,2020-03-19,2020-03-19,-0.20834408700466156
train,2020-03-20,2020-03-20,-0.28921762108802795
train,2020-03-23,2020-03-23,-0.31456223130226135
train,2020-03-24,2020-03-24,-0.19741520285606384
train,2020-03-25,2020-03-25,-0.2044929414987564
train,2020-03-26,2020-03-26,-0.13725444674491882
train,2020-03-27,2020-03-27,-0.19293956458568573
train,2020-03-30,2020-03-30,-0.15614578127861023
train,2020-03-31,2020-03-31,-0.1588519960641861
train,2020-04-01,2020-04-01,-0.2284843921661377
train,2020-04-02,2020-04-02,-0.20756348967552185
train,2020-04-03,2020-04-03,-0.22588229179382324
train,2020-04-06,2020-04-06,-0.11628144979476929
train,2020-04-07,2020-04-07,-0.13210232555866241
train,2020-04-08,2020-04-08,-0.09754622727632523
train,2020-04-09,2020-04-09,-0.0875542163848877
train,2020-04-13,2020-04-13,-0.060179974883794785
train,2020-04-14,2020-04-14,0.01163818221539259
train,2020-04-15,2020-04-15,-0.0019968459382653236
train,2020-04-16,2020-04-16,0.00976473931223154
train,2020-04-17,2020-04-17,-0.010479748249053955
train,2020-04-20,2020-04-20,-0.04102848842740059
train,2020-04-21,2020-04-21,-0.08557658642530441
train,2020-04-22,2020-04-22,-0.0453479178249836
train,2020-04-23,2020-04-23,-0.05091647058725357
train,2020-04-24,2020-04-24,-0.009594961069524288
train,2020-04-27,2020-04-27,-0.008554053492844105
train,2020-04-28,2020-04-28,-0.032441556453704834
train,2020-04-29,2020-04-29,0.015177171677350998
train,2020-04-30,2020-04-30,0.04676666110754013
train,2020-05-01,2020-05-01,0.022150805220007896
train,2020-05-04,2020-05-04,0.043436042964458466
train,2020-05-05,2020-05-05,0.06633457541465759
train,2020-05-06,2020-05-06,0.08231156319379807
train,2020-05-07,2020-05-07,0.09849660843610764
train,2020-05-08,2020-05-08,0.1317516416311264
train,2020-05-11,2020-05-11,0.15714825689792633
train,2020-05-12,2020-05-12,0.13841304183006287
train,2020-05-13,2020-05-13,0.11884512007236481
train,2020-05-14,2020-05-14,0.12868116796016693
train,2020-05-15,2020-05-15,0.11915736645460129
train,2020-05-18,2020-05-18,0.156887948513031
train,2020-05-19,2020-05-19,0.1474163979291916
train,2020-05-20,2020-05-20,0.1791100651025772
train,2020-05-21,2020-05-21,0.16672399640083313
train,2020-05-22,2020-05-22,0.17734065651893616
train,2020-05-26,2020-05-26,0.16609951853752136
train,2020-05-27,2020-05-27,0.1732812076807022
train,2020-05-28,2020-05-28,0.17400987446308136
train,2020-05-29,2020-05-29,0.17239658534526825
train,2020-06-01,2020-06-01,0.19274508953094482
train,2020-06-02,2020-06-02,0.20049932599067688
train,2020-06-03,2020-06-03,0.2097628265619278
train,2020-06-04,2020-06-04,0.19519108533859253
train,2020-06-05,2020-06-05,0.24296577274799347
train,2020-06-08,2020-06-08,0.25316599011421204
train,2020-06-09,2020-06-09,0.307966411113739
train,2020-06-10,2020-06-10,0.3540237843990326
train,2020-06-11,2020-06-11,0.2658643126487732
train,2020-06-12,2020-06-12,0.280956506729126
train,2020-06-15,2020-06-15,0.3027622103691101
train,2020-06-16,2020-06-16,0.3500685393810272
train,2020-06-17,2020-06-17,0.3475185036659241
train,2020-06-18,2020-06-18,0.3482471704483032
train,2020-06-19,2020-06-19,0.33778664469718933
train,2020-06-22,2020-06-22,0.38540521264076233
train,2020-06-23,2020-06-23,0.42526954412460327
train,2020-06-24,2020-06-24,0.39159825444221497
train,2020-06-25,2020-06-25,0.4164744019508362
train,2020-06-26,2020-06-26,0.3581351637840271
train,2020-06-29,2020-06-29,0.4005495309829712
train,2020-06-30,2020-06-30,0.41626620292663574
train,2020-07-01,2020-07-01,0.41267529129981995
train,2020-07-02,2020-07-02,0.41267529129981995
train,2020-07-06,2020-07-06,0.46336448192596436
train,2020-07-07,2020-07-07,0.45732757449150085
train,2020-07-08,2020-07-08,0.5025001764297485
train,2020-07-09,2020-07-09,0.511035144329071
train,2020-07-10,2020-07-10,0.5145218968391418
train,2020-07-13,2020-07-13,0.5053104758262634
train,2020-07-14,2020-07-14,0.5382011532783508
train,2020-07-15,2020-07-15,0.5520963668823242
train,2020-07-16,2020-07-16,0.5270640850067139
train,2020-07-17,2020-07-17,0.5230047702789307
train,2020-07-20,2020-07-20,0.565263032913208
train,2020-07-21,2020-07-21,0.5370041728019714
train,2020-07-22,2020-07-22,0.5426767468452454
train,2020-07-23,2020-07-23,0.45051005482673645
train,2020-07-24,2020-07-24,0.4457221031188965
train,2020-07-27,2020-07-27,0.4914151430130005
train,2020-07-28,2020-07-28,0.45899295806884766
train,2020-07-29,2020-07-29,0.49620309472084045
train,2020-07-30,2020-07-30,0.5201424956321716
train,2020-07-31,2020-07-31,0.7297684550285339
train,2020-08-03,2020-08-03,0.7855055928230286
train,2020-08-04,2020-08-04,0.800649881362915
train,2020-08-05,2020-08-05,0.8089245557785034
train,2020-08-06,2020-08-06,0.8888612985610962
train,2020-08-07,2020-08-07,0.8307823538780212
train,2020-08-10,2020-08-10,0.8644015789031982
train,2020-08-11,2020-08-11,0.7946130037307739
train,2020-08-12,2020-08-12,0.8702823519706726
train,2020-08-13,2020-08-13,0.9119161367416382
train,2020-08-14,2020-08-14,0.909782350063324
train,2020-08-17,2020-08-17,0.9035372138023376
train,2020-08-18,2020-08-18,0.9234173893928528
train,2020-08-19,2020-08-19,0.9264357686042786
train,2020-08-20,2020-08-20,0.9798831939697266
train,2020-08-21,2020-08-21,1.1067620515823364
train,2020-08-24,2020-08-24,1.13772714138031
train,2020-08-25,2020-08-25,1.1162335872650146
train,2020-08-26,2020-08-26,1.1515703201293945
train,2020-08-27,2020-08-27,1.1200848817825317
train,2020-08-28,2020-08-28,1.1158695220947266
train,2020-08-31,2020-08-31,1.2039767503738403
train,2020-09-01,2020-09-01,1.310975432395935
train,2020-09-02,2020-09-02,1.253104567527771
train,2020-09-03,2020-09-03,1.0341110229492188
train,2020-09-04,2020-09-04,1.0357764959335327
train,2020-09-08,2020-09-08,0.8663271069526672
train,2020-09-09,2020-09-09,0.9600030779838562
train,2020-09-10,2020-09-10,0.8802743554115295
train,2020-09-11,2020-09-11,0.8492572903633118
train,2020-09-14,2020-09-14,0.9192019701004028
train,2020-09-15,2020-09-15,0.9229490160942078
train,2020-09-16,2020-09-16,0.8519634008407593
train,2020-09-17,2020-09-17,0.8147011995315552
train,2020-09-18,2020-09-18,0.7418421506881714
train,2020-09-21,2020-09-21,0.8092889189720154
train,2020-09-22,2020-09-22,0.8453020453453064
train,2020-09-23,2020-09-23,0.7476710081100464
train,2020-09-24,2020-09-24,0.7705695033073425
train,2020-09-25,2020-09-25,0.8550859689712524
train,2020-09-28,2020-09-28,0.9108752012252808
train,2020-09-29,2020-09-29,0.8927644491195679
train,2020-09-30,2020-09-30,0.928569495677948
train,2020-10-01,2020-10-01,0.9489701390266418
train,2020-10-02,2020-10-02,0.8704904317855835
train,2020-10-05,2020-10-05,0.942933201789856
train,2020-10-06,2020-10-06,0.8734049201011658
train,2020-10-07,2020-10-07,0.9133732914924622
train,2020-10-08,2020-10-08,0.9110834002494812
train,2020-10-09,2020-10-09,0.9527171850204468
train,2020-10-12,2020-10-12,1.107386589050293
train,2020-10-13,2020-10-13,1.0386908054351807
train,2020-10-14,2020-10-14,1.0405644178390503
train,2020-10-15,2020-10-15,1.0305722951889038
train,2020-10-16,2020-10-16,0.9953916668891907
train,2020-10-19,2020-10-19,0.9321085214614868
train,2020-10-20,2020-10-20,0.9639583230018616
train,2020-10-21,2020-10-21,0.9506354928016663
train,2020-10-22,2020-10-22,0.9273205399513245
train,2020-10-23,2020-10-23,0.91254061460495
train,2020-10-26,2020-10-26,0.9127488136291504
train,2020-10-27,2020-10-27,0.9450148940086365
train,2020-10-28,2020-10-28,0.8326036930084229
train,2020-10-29,2020-10-29,0.9183692932128906
train,2020-10-30,2020-10-30,0.7838922739028931
train,2020-11-02,2020-11-02,0.7820187211036682
train,2020-11-03,2020-11-03,0.8167830109596252
train,2020-11-04,2020-11-04,0.9106670022010803
train,2020-11-05,2020-11-05,0.9955998659133911
train,2020-11-06,2020-11-06,0.9885222315788269
train,2020-11-09,2020-11-09,0.939186155796051
train,2020-11-10,2020-11-10,0.9319003224372864
train,2020-11-11,2020-11-11,1.0051755905151367
train,2020-11-12,2020-11-12,0.999346911907196
train,2020-11-13,2020-11-13,1.0003877878189087
train,2020-11-16,2020-11-16,1.022037386894226
train,2020-11-17,2020-11-17,1.003093957901001
train,2020-11-18,2020-11-18,0.9747830033302307
train,2020-11-19,2020-11-19,0.9874812960624695
train,2020-11-20,2020-11-20,0.9604192972183228
train,2020-11-23,2020-11-23,0.8877684473991394
train,2020-11-24,2020-11-24,0.9152467250823975
train,2020-11-25,2020-11-25,0.9331492781639099
train,2020-11-27,2020-11-27,0.9448066353797913
train,2020-11-30,2020-11-30,0.9960163235664368
train,2020-12-01,2020-12-01,1.0724141597747803
train,2020-12-02,2020-12-02,1.0799082517623901
train,2020-12-03,2020-12-03,1.0769939422607422
train,2020-12-04,2020-12-04,1.062630295753479
train,2020-12-07,2020-12-07,1.093855619430542
train,2020-12-08,2020-12-08,1.106970191001892
train,2020-12-09,2020-12-09,1.0528463125228882
train,2020-12-10,2020-12-10,1.083238959312439
train,2020-12-11,2020-12-11,1.0659610033035278
train,2020-12-14,2020-12-14,1.0528463125228882
train,2020-12-15,2020-12-15,1.1798292398452759
train,2020-12-16,2020-12-16,1.1783720254898071
train,2020-12-17,2020-12-17,1.1968990564346313
train,2020-12-18,2020-12-18,1.154432773590088
train,2020-12-21,2020-12-21,1.1871150732040405
train,2020-12-22,2020-12-22,1.263096809387207
train,2020-12-23,2020-12-23,1.2439453601837158
train,2020-12-24,2020-12-24,1.264970302581787
train,2020-12-28,2020-12-28,1.3632259368896484
train,2020-12-29,2020-12-29,1.3253390789031982
train,2020-12-30,2020-12-30,1.301399827003479
train,2020-12-31,2020-12-31,1.2799584865570068
train,2021-01-04,2021-01-04,1.2116791009902954
train,2021-01-05,2021-01-05,1.2449859380722046
train,2021-01-06,2021-01-06,1.1531835794448853
train,2021-01-07,2021-01-07,1.243112564086914
train,2021-01-08,2021-01-08,1.2666356563568115
train,2021-01-11,2021-01-11,1.2027277946472168
train,2021-01-12,2021-01-12,1.1989808082580566
train,2021-01-13,2021-01-13,1.2424880266189575
train,2021-01-14,2021-01-14,1.2012706995010376
train,2021-01-15,2021-01-15,1.1644247770309448
train,2021-01-19,2021-01-19,1.178788423538208
train,2021-01-20,2021-01-20,1.2662192583084106
train,2021-01-21,2021-01-21,1.3669729232788086
train,2021-01-22,2021-01-22,1.4127702713012695
train,2021-01-25,2021-01-25,1.4929150342941284
train,2021-01-26,2021-01-26,1.4979112148284912
train,2021-01-27,2021-01-27,1.4750125408172607
train,2021-01-28,2021-01-28,1.371552586555481
train,2021-01-29,2021-01-29,1.264762282371521
train,2021-02-01,2021-02-01,1.3101428747177124
train,2021-02-02,2021-02-02,1.327837347984314
train,2021-02-03,2021-02-03,1.305979609489441
train,2021-02-04,2021-02-04,1.3777977228164673
train,2021-02-05,2021-02-05,1.3646830320358276
train,2021-02-08,2021-02-08,1.3678057193756104
train,2021-02-09,2021-02-09,1.3490703105926514
train,2021-02-10,2021-02-10,1.3361639976501465
train,2021-02-11,2021-02-11,1.330751657485962
train,2021-02-12,2021-02-12,1.3357475996017456
train,2021-02-16,2021-02-16,1.2903668880462646
train,2021-02-17,2021-02-17,1.2414470911026
train,2021-02-18,2021-02-18,1.2179242372512817
train,2021-02-19,2021-02-19,1.2212547063827515
train,2021-02-22,2021-02-22,1.1406935453414917
train,2021-02-23,2021-02-23,1.1377792358398438
train,2021-02-24,2021-02-24,1.1271625757217407
train,2021-02-25,2021-02-25,1.0364009141921997
train,2021-02-26,2021-02-26,1.042021632194519
train,2021-03-01,2021-03-01,1.1779557466506958
train,2021-03-02,2021-03-02,1.1223747730255127
train,2021-03-03,2021-03-03,1.0586750507354736
train,2021-03-04,2021-03-04,1.018498420715332
train,2021-03-05,2021-03-05,1.0453522205352783
train,2021-03-08,2021-03-08,0.940018892288208
train,2021-03-09,2021-03-09,1.0384825468063354
train,2021-03-10,2021-03-10,1.0153759717941284
train,2021-03-11,2021-03-11,1.0565932989120483
train,2021-03-12,2021-03-12,1.037233591079712
train,2021-03-15,2021-03-15,1.0988515615463257
train,2021-03-16,2021-03-16,1.131742238998413
train,2021-03-17,2021-03-17,1.1148806810379028
train,2021-03-18,2021-03-18,1.026825189590454
train,2021-03-19,2021-03-19,1.015584111213684
train,2021-03-22,2021-03-22,1.0863615274429321
train,2021-03-23,2021-03-23,1.0686671733856201
train,2021-03-24,2021-03-24,1.0176657438278198
train,2021-03-25,2021-03-25,1.0280741453170776
train,2021-03-26,2021-03-26,1.0409806966781616
train,2021-03-29,2021-03-29,1.0447276830673218
train,2021-03-30,2021-03-30,1.013710618019104
train,2021-03-31,2021-03-31,1.0605485439300537
train,2021-04-01,2021-04-01,1.0782428979873657
train,2021-04-05,2021-04-05,1.138611912727356
train,2021-04-06,2021-04-06,1.1450650691986084
train,2021-04-07,2021-04-07,1.1802456378936768
train,2021-04-08,2021-04-08,1.2314550876617432
train,2021-04-09,2021-04-09,1.2864116430282593
train,2021-04-12,2021-04-12,1.2497740983963013
train,2021-04-13,2021-04-13,1.316179633140564
train,2021-04-14,2021-04-14,1.2662192583084106
train,2021-04-15,2021-04-15,1.3176369667053223
train,2021-04-16,2021-04-16,1.3105592727661133
train,2021-04-19,2021-04-19,1.3247146606445312
train,2021-04-20,2021-04-20,1.2887015342712402
train,2021-04-21,2021-04-21,1.296820044517517
train,2021-04-22,2021-04-22,1.2643458843231201
train,2021-04-23,2021-04-23,1.3138900995254517
train,2021-04-26,2021-04-26,1.3222167491912842
train,2021-04-27,2021-04-27,1.3153470754623413
train,2021-04-28,2021-04-28,1.298485517501831
train,2021-04-29,2021-04-29,1.2964036464691162
train,2021-04-30,2021-04-30,1.2543537616729736
train,2021-05-03,2021-05-03,1.2768357992172241
train,2021-05-04,2021-05-04,1.1792047023773193
train,2021-05-05,2021-05-05,1.1844091415405273
train,2021-05-06,2021-05-06,1.2185487747192383
train,2021-05-07,2021-05-07,1.228332757949829
train,2021-05-10,2021-05-10,1.1583878993988037
train,2021-05-11,2021-05-11,1.1388200521469116
train,2021-05-12,2021-05-12,1.0734549760818481
train,2021-05-13,2021-05-13,1.1192522048950195
train,2021-05-14,2021-05-14,1.1708779335021973
train,2021-05-17,2021-05-17,1.146314024925232
train,2021-05-18,2021-05-18,1.1167540550231934
train,2021-05-19,2021-05-19,1.113423466682434
train,2021-05-20,2021-05-20,1.1679636240005493
train,2021-05-21,2021-05-21,1.1288279294967651
train,2021-05-24,2021-05-24,1.1635921001434326
train,2021-05-25,2021-05-25,1.1594287157058716
train,2021-05-26,2021-05-26,1.1583878993988037
train,2021-05-27,2021-05-27,1.125705361366272
train,2021-05-28,2021-05-28,1.1117581129074097
train,2021-06-01,2021-06-01,1.1048884391784668
train,2021-06-02,2021-06-02,1.12112557888031
train,2021-06-03,2021-06-03,1.0894840955734253
train,2021-06-04,2021-06-04,1.1384036540985107
train,2021-06-07,2021-06-07,1.138611912727356
train,2021-06-08,2021-06-08,1.1560980081558228
train,2021-06-09,2021-06-09,1.1642165184020996
train,2021-06-10,2021-06-10,1.1429834365844727
train,2021-06-11,2021-06-11,1.1687963008880615
train,2021-06-14,2021-06-14,1.2339529991149902
train,2021-06-15,2021-06-15,1.2164669036865234
train,2021-06-16,2021-06-16,1.227083444595337
train,2021-06-17,2021-06-17,1.2612230777740479
train,2021-06-18,2021-06-18,1.233536958694458
train,2021-06-21,2021-06-21,1.2718398571014404
train,2021-06-22,2021-06-22,1.3068121671676636
train,2021-06-23,2021-06-23,1.3009834289550781
train,2021-06-24,2021-06-24,1.2949466705322266
train,2021-06-25,2021-06-25,1.2887015342712402
train,2021-06-28,2021-06-28,1.3234657049179077
train,2021-06-29,2021-06-29,1.3557318449020386
train,2021-06-30,2021-06-30,1.3688466548919678
train,2021-07-01,2021-07-01,1.3752998113632202
train,2021-07-02,2021-07-02,1.4312973022460938
train,2021-07-06,2021-07-06,1.474179983139038
train,2021-07-07,2021-07-07,1.5272630453109741
train,2021-07-08,2021-07-08,1.4995765686035156
train,2021-07-09,2021-07-09,1.5385040044784546
train,2021-07-12,2021-07-12,1.5258057117462158
train,2021-07-13,2021-07-13,1.549536943435669
train,2021-07-14,2021-07-14,1.6226041316986084
train,2021-07-15,2021-07-15,1.6086567640304565
train,2021-07-16,2021-07-16,1.5651496648788452
train,2021-07-19,2021-07-19,1.4831310510635376
train,2021-07-20,2021-07-20,1.5601534843444824
train,2021-07-21,2021-07-21,1.5445407629013062
train,2021-07-22,2021-07-22,1.573684573173523
train,2021-07-23,2021-07-23,1.6103222370147705
train,2021-07-26,2021-07-26,1.6192736625671387
train,2021-07-27,2021-07-27,1.573060154914856
train,2021-07-28,2021-07-28,1.5357977151870728
train,2021-07-29,2021-07-29,1.549536943435669
train,2021-07-30,2021-07-30,1.5541167259216309
train,2021-08-02,2021-08-02,1.5470390319824219
train,2021-08-03,2021-08-03,1.5853420495986938
train,2021-08-04,2021-08-04,1.5768070220947266
train,2021-08-05,2021-08-05,1.5790969133377075
train,2021-08-06,2021-08-06,1.5599453449249268
train,2021-08-09,2021-08-09,1.5589045286178589
train,2021-08-10,2021-08-10,1.5487043857574463
train,2021-08-11,2021-08-11,1.5541167259216309
train,2021-08-12,2021-08-12,1.6171917915344238
train,2021-08-13,2021-08-13,1.62156343460083
train,2021-08-16,2021-08-16,1.6636133193969727
train,2021-08-17,2021-08-17,1.6442538499832153
train,2021-08-18,2021-08-18,1.5645251274108887
train,2021-08-19,2021-08-19,1.5716028213500977
train,2021-08-20,2021-08-20,1.602620005607605
train,2021-08-23,2021-08-23,1.6342618465423584
train,2021-08-24,2021-08-24,1.6323879957199097
train,2021-08-25,2021-08-25,1.6061588525772095
train,2021-08-26,2021-08-26,1.5890889167785645
train,2021-08-27,2021-08-27,1.6111550331115723
train,2021-08-30,2021-08-30,1.7052470445632935
train,2021-08-31,2021-08-31,1.6783934831619263
train,2021-09-01,2021-09-01,1.6925487518310547
train,2021-09-02,2021-09-02,1.7162799835205078
train,2021-09-03,2021-09-03,1.729811191558838
train,2021-09-07,2021-09-07,1.779563546180725
train,2021-09-08,2021-09-08,1.7466727495193481
train,2021-09-09,2021-09-09,1.7250233888626099
train,2021-09-10,2021-09-10,1.6188571453094482
train,2021-09-13,2021-09-13,1.63093101978302
train,2021-09-14,2021-09-14,1.6011626720428467
train,2021-09-15,2021-09-15,1.6201061010360718
train,2021-09-16,2021-09-16,1.6151100397109985
train,2021-09-17,2021-09-17,1.5582799911499023
train,2021-09-20,2021-09-20,1.4933314323425293
train,2021-09-21,2021-09-21,1.503531575202942
train,2021-09-22,2021-09-22,1.5539085865020752
train,2021-09-23,2021-09-23,1.5743091106414795
train,2021-09-24,2021-09-24,1.57618248462677
train,2021-09-27,2021-09-27,1.5439163446426392
train,2021-09-28,2021-09-28,1.4718900918960571
train,2021-09-29,2021-09-29,1.4910415410995483
train,2021-09-30,2021-09-30,1.4633550643920898
train,2021-10-01,2021-10-01,1.4872944355010986
train,2021-10-04,2021-10-04,1.4142272472381592
train,2021-10-05,2021-10-05,1.455236554145813
train,2021-10-06,2021-10-06,1.4737635850906372
train,2021-10-07,2021-10-07,1.5006171464920044
train,2021-10-08,2021-10-08,1.4924986362457275
train,2021-10-11,2021-10-11,1.4906251430511475
train,2021-10-12,2021-10-12,1.4635632038116455
train,2021-10-13,2021-10-13,1.451073169708252
train,2021-10-14,2021-10-14,1.5104011297225952
train,2021-10-15,2021-10-15,1.5328834056854248
train,2021-10-18,2021-10-18,1.568480372428894
train,2021-10-19,2021-10-19,1.614485502243042
train,2021-10-20,2021-10-20,1.6248939037322998
train,2021-10-21,2021-10-21,1.6294736862182617
train,2021-10-22,2021-10-22,1.6130285263061523
train,2021-10-25,2021-10-25,1.611987590789795
train,2021-10-26,2021-10-26,1.626143217086792
train,2021-10-27,2021-10-27,1.6163592338562012
train,2021-10-28,2021-10-28,1.6937980651855469
train,2021-10-29,2021-10-29,1.636135220527649
train,2021-11-01,2021-11-01,1.6186491250991821
train,2021-11-02,2021-11-02,1.6407150030136108
train,2021-11-03,2021-11-03,1.6713157892227173
train,2021-11-04,2021-11-04,1.660282850265503
train,2021-11-05,2021-11-05,1.666944146156311
train,2021-11-08,2021-11-08,1.6494580507278442
train,2021-11-09,2021-11-09,1.6571601629257202
train,2021-11-10,2021-11-10,1.5969994068145752
train,2021-11-11,2021-11-11,1.5959584712982178
train,2021-11-12,2021-11-12,1.6400904655456543
train,2021-11-15,2021-11-15,1.64029860496521
train,2021-11-16,2021-11-16,1.6611154079437256
train,2021-11-17,2021-11-17,1.712949514389038
train,2021-11-18,2021-11-18,1.8041272163391113
train,2021-11-19,2021-11-19,1.8599166870117188
train,2021-11-22,2021-11-22,1.86970055103302
train,2021-11-23,2021-11-23,1.8778191804885864
train,2021-11-24,2021-11-24,1.8888521194458008
train,2021-11-26,2021-11-26,1.7820614576339722
train,2021-11-29,2021-11-29,1.8534634113311768
train,2021-11-30,2021-11-30,1.9587968587875366
train,2021-12-01,2021-12-01,1.9477639198303223
train,2021-12-02,2021-12-02,1.9267386198043823
train,2021-12-03,2021-12-03,1.886770248413086
train,2021-12-06,2021-12-06,1.9592132568359375
train,2021-12-07,2021-12-07,2.081199884414673
train,2021-12-08,2021-12-08,2.162385940551758
train,2021-12-09,2021-12-09,2.1515610218048096
train,2021-12-10,2021-12-10,2.2533555030822754
train,2021-12-13,2021-12-13,2.1761250495910645
train,2021-12-14,2021-12-14,2.146773099899292
train,2021-12-15,2021-12-15,2.2502331733703613
train,2021-12-16,2021-12-16,2.103682041168213
train,2021-12-17,2021-12-17,2.08036732673645
train,2021-12-20,2021-12-20,2.051431894302368
train,2021-12-21,2021-12-21,2.1188786029815674
train,2021-12-22,2021-12-22,2.1740431785583496
train,2021-12-23,2021-12-23,2.187366008758545
train,2021-12-27,2021-12-27,2.271674394607544
train,2021-12-28,2021-12-28,2.2500247955322266
train,2021-12-29,2021-12-29,2.2518985271453857
train,2021-12-30,2021-12-30,2.2273342609405518
train,2021-12-31,2021-12-31,2.2142200469970703
train,2022-01-03,2022-01-03,2.3066465854644775
train,2022-01-04,2022-01-04,2.2585597038269043
train,2022-01-05,2022-01-05,2.15905499458313
train,2022-01-06,2022-01-06,2.0982697010040283
train,2022-01-07,2022-01-07,2.101808547973633
train,2022-01-10,2022-01-10,2.1022250652313232
train,2022-01-11,2022-01-11,2.162385940551758
train,2022-01-12,2022-01-12,2.171753406524658
train,2022-01-13,2022-01-13,2.1022250652313232
train,2022-01-14,2022-01-14,2.120543956756592
train,2022-01-18,2022-01-18,2.0524728298187256
train,2022-01-19,2022-01-19,1.978156328201294
train,2022-01-20,2022-01-20,1.9423513412475586
train,2022-01-21,2022-01-21,1.8986361026763916
train,2022-01-24,2022-01-24,1.8821905851364136
train,2022-01-25,2022-01-25,1.8438875675201416
train,2022-01-26,2022-01-26,1.8420140743255615
train,2022-01-27,2022-01-27,1.8322302103042603
train,2022-01-28,2022-01-28,2.0635056495666504
train,2022-01-31,2022-01-31,2.1561408042907715
train,2022-02-01,2022-02-01,2.152601957321167
train,2022-02-02,2022-02-02,2.178206443786621
train,2022-02-03,2022-02-03,2.117004871368408
train,2022-02-04,2022-02-04,2.1063883304595947
train,2022-02-07,2022-02-07,2.0911922454833984
train,2022-02-08,2022-02-08,2.15718150138855
train,2022-02-09,2022-02-09,2.187366008758545
train,2022-02-10,2022-02-10,2.1007678508758545
train,2022-02-11,2022-02-11,2.028325080871582
train,2022-02-14,2022-02-14,2.0333213806152344
train,2022-02-15,2022-02-15,2.114715099334717
train,2022-02-16,2022-02-16,2.1097192764282227
train,2022-02-17,2022-02-17,2.0333213806152344
train,2022-02-18,2022-02-18,2.0004305839538574
train,2022-02-22,2022-02-22,1.9383963346481323
train,2022-02-23,2022-02-23,1.8499246835708618
train,2022-02-24,2022-02-24,1.905505657196045
train,2022-02-25,2022-02-25,1.9494292736053467
train,2022-02-28,2022-02-28,1.9550496339797974
train,2022-03-01,2022-03-01,1.915081262588501
train,2022-03-02,2022-03-02,1.9850260019302368
train,2022-03-03,2022-03-03,1.978156328201294
train,2022-03-04,2022-03-04,1.9144567251205444
train,2022-03-07,2022-03-07,1.8338955640792847
train,2022-03-08,2022-03-08,1.7951761484146118
train,2022-03-09,2022-03-09,1.909877061843872
train,2022-03-10,2022-03-10,1.8176584243774414
train,2022-03-11,2022-03-11,1.7387622594833374
train,2022-03-14,2022-03-14,1.6532049179077148
train,2022-03-15,2022-03-15,1.7462563514709473
train,2022-03-16,2022-03-16,1.8399323225021362
train,2022-03-17,2022-03-17,1.8613736629486084
train,2022-03-18,2022-03-18,1.9313184022903442
train,2022-03-21,2022-03-21,1.960462212562561
train,2022-03-22,2022-03-22,2.0320723056793213
train,2022-03-23,2022-03-23,2.0610077381134033
train,2022-03-24,2022-03-24,2.1413609981536865
train,2022-03-25,2022-03-25,2.1548917293548584
train,2022-03-28,2022-03-28,2.173210620880127
train,2022-03-29,2022-03-29,2.2431554794311523
train,2022-03-30,2022-03-30,2.218383312225342
train,2022-03-31,2022-03-31,2.152601957321167
train,2022-04-01,2022-04-01,2.1463568210601807
train,2022-04-04,2022-04-04,2.232330560684204
train,2022-04-05,2022-04-05,2.1619694232940674
train,2022-04-06,2022-04-06,2.094731092453003
train,2022-04-07,2022-04-07,2.101184129714966
train,2022-04-08,2022-04-08,2.058509588241577
train,2022-04-11,2022-04-11,1.968164324760437
train,2022-04-12,2022-04-12,2.0079245567321777
train,2022-04-13,2022-04-13,2.06496262550354
train,2022-04-14,2022-04-14,1.9585884809494019
train,2022-04-18,2022-04-18,1.9540090560913086
train,2022-04-19,2022-04-19,2.002511978149414
train,2022-04-20,2022-04-20,1.9989732503890991
train,2022-04-21,2022-04-21,1.9821115732192993
train,2022-04-22,2022-04-22,1.885729432106018
train,2022-04-25,2022-04-25,1.9084199666976929
train,2022-04-26,2022-04-26,1.7818533182144165
train,2022-04-27,2022-04-27,1.777065634727478
train,2022-04-28,2022-04-28,1.9242407083511353
train,2022-04-29,2022-04-29,1.799547553062439
train,2022-05-02,2022-05-02,1.80600106716156
train,2022-05-03,2022-05-03,1.8376424312591553
train,2022-05-04,2022-05-04,1.9737850427627563
train,2022-05-05,2022-05-05,1.7812288999557495
train,2022-05-06,2022-05-06,1.7918453216552734
train,2022-05-09,2022-05-09,1.6831812858581543
train,2022-05-10,2022-05-10,1.734182596206665
train,2022-05-11,2022-05-11,1.5674394369125366
train,2022-05-12,2022-05-12,1.4854209423065186
train,2022-05-13,2022-05-13,1.580137848854065
train,2022-05-16,2022-05-16,1.5474551916122437
train,2022-05-17,2022-05-17,1.6244778633117676
train,2022-05-18,2022-05-18,1.4491997957229614
train,2022-05-19,2022-05-19,1.3769651651382446
train,2022-05-20,2022-05-20,1.3819611072540283
train,2022-05-23,2022-05-23,1.4968702793121338
train,2022-05-24,2022-05-24,1.4396238327026367
train,2022-05-25,2022-05-25,1.442954659461975
train,2022-05-26,2022-05-26,1.510817527770996
train,2022-05-27,2022-05-27,1.6328045129776
train,2022-05-31,2022-05-31,1.6161508560180664
train,2022-06-01,2022-06-01,1.6134449243545532
train,2022-06-02,2022-06-02,1.6654870510101318
train,2022-06-03,2022-06-03,1.544124722480774
train,2022-06-06,2022-06-06,1.5599453449249268
train,2022-06-07,2022-06-07,1.6134449243545532
train,2022-06-08,2022-06-08,1.5978323221206665
train,2022-06-09,2022-06-09,1.487086296081543
train,2022-06-10,2022-06-10,1.3723855018615723
train,2022-06-13,2022-06-13,1.263096809387207
train,2022-06-14,2022-06-14,1.2814154624938965
train,2022-06-15,2022-06-15,1.3369965553283691
train,2022-06-16,2022-06-16,1.2252099514007568
train,2022-06-17,2022-06-17,1.2564352750778198
train,2022-06-21,2022-06-21,1.3461560010910034
train,2022-06-22,2022-06-22,1.3353314399719238
train,2022-06-23,2022-06-23,1.3961167335510254
train,2022-06-24,2022-06-24,1.4666858911514282
train,2022-06-27,2022-06-27,1.4666858911514282
train,2022-06-28,2022-06-28,1.3788386583328247
train,2022-06-29,2022-06-29,1.4161007404327393
train,2022-06-30,2022-06-30,1.363850474357605
train,2022-07-01,2022-07-01,1.409855604171753
train,2022-07-05,2022-07-05,1.4646040201187134
train,2022-07-06,2022-07-06,1.4929150342941284
train,2022-07-07,2022-07-07,1.5643171072006226
train,2022-07-08,2022-07-08,1.5786805152893066
train,2022-07-11,2022-07-11,1.5335078239440918
train,2022-07-12,2022-07-12,1.5541167259216309
train,2022-07-13,2022-07-13,1.5464146137237549
train,2022-07-14,2022-07-14,1.6084487438201904
train,2022-07-15,2022-07-15,1.643837332725525
train,2022-07-18,2022-07-18,1.5793052911758423
train,2022-07-19,2022-07-19,1.6611154079437256
train,2022-07-20,2022-07-20,1.703581690788269
train,2022-07-21,2022-07-21,1.751668930053711
train,2022-07-22,2022-07-22,1.7254395484924316
train,2022-07-25,2022-07-25,1.7017083168029785
train,2022-07-26,2022-07-26,1.6736056804656982
train,2022-07-27,2022-07-27,1.7816449403762817
train,2022-07-28,2022-07-28,1.7933026552200317
train,2022-07-29,2022-07-29,1.9007174968719482
train,2022-08-01,2022-08-01,1.8799006938934326
train,2022-08-02,2022-08-02,1.8486753702163696
train,2022-08-03,2022-08-03,1.9760748147964478
train,2022-08-04,2022-08-04,1.9694132804870605
train,2022-08-05,2022-08-05,1.9598376750946045
train,2022-08-08,2022-08-08,1.9498454332351685
train,2022-08-09,2022-08-09,1.9508862495422363
train,2022-08-10,2022-08-10,2.0408153533935547
train,2022-08-11,2022-08-11,2.025202751159668
train,2022-08-12,2022-08-12,2.100351572036743
train,2022-08-15,2022-08-15,2.123041868209839
train,2022-08-16,2022-08-16,2.11971116065979
train,2022-08-17,2022-08-17,2.151352882385254
train,2022-08-18,2022-08-18,2.1430258750915527
train,2022-08-19,2022-08-19,2.088277816772461
train,2022-08-22,2022-08-22,2.0060513019561768
train,2022-08-23,2022-08-23,1.9989732503890991
train,2022-08-24,2022-08-24,2.005218267440796
train,2022-08-25,2022-08-25,2.057260513305664
train,2022-08-26,2022-08-26,1.9238243103027344
train,2022-08-29,2022-08-29,1.8771946430206299
train,2022-08-30,2022-08-30,1.8257769346237183
train,2022-08-31,2022-08-31,1.79059636592865
train,2022-09-01,2022-09-01,1.80600106716156
train,2022-09-02,2022-09-02,1.761244535446167
train,2022-09-06,2022-09-06,1.734598994255066
train,2022-09-07,2022-09-07,1.7643672227859497
train,2022-09-08,2022-09-08,1.7331418991088867
train,2022-09-09,2022-09-09,1.7937188148498535
train,2022-09-12,2022-09-12,1.919869065284729
train,2022-09-13,2022-09-13,1.7202352285385132
train,2022-09-14,2022-09-14,1.7508361339569092
train,2022-09-15,2022-09-15,1.6896344423294067
train,2022-09-16,2022-09-16,1.6548702716827393
train,2022-09-19,2022-09-19,1.7335580587387085
train,2022-09-20,2022-09-20,1.7839348316192627
train,2022-09-21,2022-09-21,1.7177373170852661
train,2022-09-22,2022-09-22,1.6973369121551514
val,2022-09-23,2022-09-23,1.6492496728897095
val,2022-09-26,2022-09-26,1.6563276052474976
val,2022-09-27,2022-09-27,1.676936149597168
val,2022-09-28,2022-09-28,1.6369677782058716
val,2022-09-29,2022-09-29,1.4837555885314941
val,2022-09-30,2022-09-30,1.394659399986267
val,2022-10-03,2022-10-03,1.4831310510635376
val,2022-10-04,2022-10-04,1.5591129064559937
val,2022-10-05,2022-10-05,1.5653576850891113
val,2022-10-06,2022-10-06,1.5451653003692627
val,2022-10-07,2022-10-07,1.434003233909607
val,2022-10-10,2022-10-10,1.4408727884292603
val,2022-10-11,2022-10-11,1.4108965396881104
val,2022-10-12,2022-10-12,1.397573709487915
val,2022-10-13,2022-10-13,1.4943723678588867
val,2022-10-14,2022-10-14,1.3984065055847168
val,2022-10-17,2022-10-17,1.482298493385315
val,2022-10-18,2022-10-18,1.510193109512329
val,2022-10-19,2022-10-19,1.51248300075531
val,2022-10-20,2022-10-20,1.5026990175247192
val,2022-10-21,2022-10-21,1.5834685564041138
val,2022-10-24,2022-10-24,1.6288491487503052
val,2022-10-25,2022-10-25,1.6890099048614502
val,2022-10-26,2022-10-26,1.6267677545547485
val,2022-10-27,2022-10-27,1.5320508480072021
val,2022-10-28,2022-10-28,1.7597875595092773
val,2022-10-31,2022-10-31,1.7098268270492554
val,2022-11-01,2022-11-01,1.6538293361663818
val,2022-11-02,2022-11-02,1.5368386507034302
val,2022-11-03,2022-11-03,1.4088150262832642
val,2022-11-04,2022-11-04,1.3984065055847168
val,2022-11-07,2022-11-07,1.4096475839614868
val,2022-11-08,2022-11-08,1.421721339225769
val,2022-11-09,2022-11-09,1.3253390789031982
val,2022-11-10,2022-11-10,1.5751416683197021
val,2022-11-11,2022-11-11,1.6340534687042236
val,2022-11-14,2022-11-14,1.604493498802185
val,2022-11-15,2022-11-15,1.641131043434143
val,2022-11-16,2022-11-16,1.6151100397109985
val,2022-11-17,2022-11-17,1.6552866697311401
val,2022-11-18,2022-11-18,1.6671521663665771
val,2022-11-21,2022-11-21,1.5988729000091553
val,2022-11-22,2022-11-22,1.6440454721450806
val,2022-11-23,2022-11-23,1.6625727415084839
val,2022-11-25,2022-11-25,1.6009546518325806
val,2022-11-28,2022-11-28,1.51997709274292
val,2022-11-29,2022-11-29,1.4564855098724365
val,2022-11-30,2022-11-30,1.5992892980575562
val,2022-12-01,2022-12-01,1.6051180362701416
val,2022-12-02,2022-12-02,1.5947095155715942
val,2022-12-05,2022-12-05,1.5701457262039185
val,2022-12-06,2022-12-06,1.4927070140838623
val,2022-12-07,2022-12-07,1.4516977071762085
val,2022-12-08,2022-12-08,1.4872944355010986
val,2022-12-09,2022-12-09,1.477094292640686
val,2022-12-12,2022-12-12,1.5255976915359497
val,2022-12-13,2022-12-13,1.5459980964660645
val,2022-12-14,2022-12-14,1.4989521503448486
val,2022-12-15,2022-12-15,1.359270691871643
val,2022-12-16,2022-12-16,1.3178449869155884
val,2022-12-19,2022-12-19,1.2732969522476196
val,2022-12-20,2022-12-20,1.2718398571014404
val,2022-12-21,2022-12-21,1.33741295337677
val,2022-12-22,2022-12-22,1.2703825235366821
val,2022-12-23,2022-12-23,1.2626804113388062
val,2022-12-27,2022-12-27,1.2245855331420898
val,2022-12-28,2022-12-28,1.141526222229004
val,2022-12-29,2022-12-29,1.2158424854278564
val,2022-12-30,2022-12-30,1.222503662109375
val,2023-01-03,2023-01-03,1.1213338375091553
val,2023-01-04,2023-01-04,1.1481876373291016
val,2023-01-05,2023-01-05,1.1202929019927979
val,2023-01-06,2023-01-06,1.2160505056381226
val,2023-01-09,2023-01-09,1.227083444595337
val,2023-01-10,2023-01-10,1.2391573190689087
val,2023-01-11,2023-01-11,1.296612024307251
val,2023-01-12,2023-01-12,1.2949466705322266
val,2023-01-13,2023-01-13,1.3230493068695068
val,2023-01-17,2023-01-17,1.3476133346557617
val,2023-01-18,2023-01-18,1.3324171304702759
val,2023-01-19,2023-01-19,1.3336660861968994
val,2023-01-20,2023-01-20,1.3877897262573242
val,2023-01-23,2023-01-23,1.455236554145813
val,2023-01-24,2023-01-24,1.484796404838562
val,2023-01-25,2023-01-25,1.4708491563796997
val,2023-01-26,2023-01-26,1.5145647525787354
val,2023-01-27,2023-01-27,1.5555737018585205
val,2023-01-30,2023-01-30,1.4945803880691528
val,2023-01-31,2023-01-31,1.5214340686798096
val,2023-02-01,2023-02-01,1.5451653003692627
val,2023-02-02,2023-02-02,1.657368540763855
val,2023-02-03,2023-02-03,1.7339744567871094
val,2023-02-06,2023-02-06,1.6763116121292114
val,2023-02-07,2023-02-07,1.737096905708313
val,2023-02-08,2023-02-08,1.6802668571472168
val,2023-02-09,2023-02-09,1.6584091186523438
val,2023-02-10,2023-02-10,1.6613234281539917
val,2023-02-13,2023-02-13,1.720443606376648
val,2023-02-14,2023-02-14,1.7069125175476074
val,2023-02-15,2023-02-15,1.75125253200531
val,2023-02-16,2023-02-16,1.717529296875
val,2023-02-17,2023-02-17,1.693381667137146
val,2023-02-21,2023-02-21,1.6086567640304565
val,2023-02-22,2023-02-22,1.6176081895828247
val,2023-02-23,2023-02-23,1.6278083324432373
val,2023-02-24,2023-02-24,1.5718111991882324
val,2023-02-27,2023-02-27,1.5969994068145752
val,2023-02-28,2023-02-28,1.5863828659057617
val,2023-03-01,2023-03-01,1.5426673889160156
val,2023-03-02,2023-03-02,1.5551576614379883
val,2023-03-03,2023-03-03,1.6617399454116821
val,2023-03-06,2023-03-06,1.720027208328247
val,2023-03-07,2023-03-07,1.6736056804656982
val,2023-03-08,2023-03-08,1.7000428438186646
val,2023-03-09,2023-03-09,1.6525803804397583
val,2023-03-10,2023-03-10,1.609073281288147
val,2023-03-13,2023-03-13,1.6500824689865112
val,2023-03-14,2023-03-14,1.6942142248153687
val,2023-03-15,2023-03-15,1.7025411128997803
val,2023-03-16,2023-03-16,1.7620774507522583
val,2023-03-17,2023-03-17,1.7443829774856567
val,2023-03-20,2023-03-20,1.79434335231781
val,2023-03-21,2023-03-21,1.8334791660308838
val,2023-03-22,2023-03-22,1.8032947778701782
val,2023-03-23,2023-03-23,1.82619309425354
val,2023-03-24,2023-03-24,1.8536715507507324
val,2023-03-27,2023-03-27,1.8126622438430786
val,2023-03-28,2023-03-28,1.799547553062439
val,2023-03-29,2023-03-29,1.8644963502883911
val,2023-03-30,2023-03-30,1.8975951671600342
val,2023-03-31,2023-03-31,1.9504698514938354
val,2023-04-03,2023-04-03,1.9769073724746704
val,2023-04-04,2023-04-04,1.96566641330719
val,2023-04-05,2023-04-05,1.9267386198043823
val,2023-04-06,2023-04-06,1.9454740285873413
val,2023-04-10,2023-04-10,1.8907254934310913
val,2023-04-11,2023-04-11,1.8651208877563477
val,2023-04-12,2023-04-12,1.8505491018295288
val,2023-04-13,2023-04-13,1.9642090797424316
val,2023-04-14,2023-04-14,1.9569233655929565
val,2023-04-17,2023-04-17,1.9573395252227783
val,2023-04-18,2023-04-18,1.9831525087356567
val,2023-04-19,2023-04-19,2.0073001384735107
val,2023-04-20,2023-04-20,1.9868993759155273
val,2023-04-21,2023-04-21,1.9529681205749512
val,2023-04-24,2023-04-24,1.9594212770462036
val,2023-04-25,2023-04-25,1.926946997642517
val,2023-04-26,2023-04-26,1.9267386198043823
val,2023-04-27,2023-04-27,2.0235373973846436
val,2023-04-28,2023-04-28,2.0499744415283203
val,2023-05-01,2023-05-01,2.0481009483337402
val,2023-05-02,2023-05-02,2.026243209838867
val,2023-05-03,2023-05-03,2.0035529136657715
val,2023-05-04,2023-05-04,1.9689968824386597
val,2023-05-05,2023-05-05,2.1309523582458496
val,2023-05-08,2023-05-08,2.129495143890381
val,2023-05-09,2023-05-09,2.09348201751709
val,2023-05-10,2023-05-10,2.130743980407715
val,2023-05-11,2023-05-11,2.1346993446350098
val,2023-05-12,2023-05-12,2.110135555267334
val,2023-05-15,2023-05-15,2.099727153778076
val,2023-05-16,2023-05-16,2.099727153778076
val,2023-05-17,2023-05-17,2.112633466720581
val,2023-05-18,2023-05-18,2.1617612838745117
val,2023-05-19,2023-05-19,2.1640512943267822
val,2023-05-22,2023-05-22,2.14406681060791
val,2023-05-23,2023-05-23,2.0891103744506836
val,2023-05-24,2023-05-24,2.0949389934539795
val,2023-05-25,2023-05-25,2.1188786029815674
val,2023-05-26,2023-05-26,2.1696715354919434
val,2023-05-30,2023-05-30,2.208599328994751
val,2023-05-31,2023-05-31,2.2075583934783936
val,2023-06-01,2023-06-01,2.2666783332824707
val,2023-06-02,2023-06-02,2.284580707550049
val,2023-06-05,2023-06-05,2.2560617923736572
val,2023-06-06,2023-06-06,2.2483596801757812
val,2023-06-07,2023-06-07,2.219424247741699
val,2023-06-08,2023-06-08,2.2766706943511963
val,2023-06-09,2023-06-09,2.2847890853881836
val,2023-06-12,2023-06-12,2.343700647354126
val,2023-06-13,2023-06-13,2.3337085247039795
val,2023-06-14,2023-06-14,2.347031354904175
val,2023-06-15,2023-06-15,2.389914035797119
val,2023-06-16,2023-06-16,2.3672237396240234
val,2023-06-20,2023-06-20,2.3690972328186035
val,2023-06-21,2023-06-21,2.3472397327423096
val,2023-06-22,2023-06-22,2.410522937774658
val,2023-06-23,2023-06-23,2.4038612842559814
val,2023-06-26,2023-06-26,2.374509811401367
val,2023-06-27,2023-06-27,2.432588815689087
val,2023-06-28,2023-06-28,2.4573609828948975
val,2023-06-29,2023-06-29,2.4644386768341064
val,2023-06-30,2023-06-30,2.555616617202759
val,2023-07-03,2023-07-03,2.5241832733154297
val,2023-07-05,2023-07-05,2.500659942626953
val,2023-07-06,2023-07-06,2.5106520652770996
val,2023-07-07,2023-07-07,2.487128973007202
val,2023-07-10,2023-07-10,2.444038152694702
val,2023-07-11,2023-07-11,2.4330050945281982
val,2023-07-12,2023-07-12,2.4681856632232666
val,2023-07-13,2023-07-13,2.4842145442962646
val,2023-07-14,2023-07-14,2.487337350845337
val,2023-07-17,2023-07-17,2.556033134460449
val,2023-07-18,2023-07-18,2.5506203174591064
val,2023-07-19,2023-07-19,2.5791397094726562
val,2023-07-20,2023-07-20,2.538130521774292
val,2023-07-21,2023-07-21,2.5133583545684814
val,2023-07-24,2023-07-24,2.5302200317382812
val,2023-07-25,2023-07-25,2.548330545425415
val,2023-07-26,2023-07-26,2.5666494369506836
val,2023-07-27,2023-07-27,2.540004014968872
val,2023-07-28,2023-07-28,2.5943360328674316
val,2023-07-31,2023-07-31,2.6072423458099365
val,2023-08-01,2023-08-01,2.5897562503814697
val,2023-08-02,2023-08-02,2.5266811847686768
val,2023-08-03,2023-08-03,2.4973292350769043
val,2023-08-04,2023-08-04,2.3062305450439453
val,2023-08-07,2023-08-07,2.240865468978882
val,2023-08-08,2023-08-08,2.260641574859619
val,2023-08-09,2023-08-09,2.227126359939575
val,2023-08-10,2023-08-10,2.2225465774536133
val,2023-08-11,2023-08-11,2.218799352645874
val,2023-08-14,2023-08-14,2.25356388092041
val,2023-08-15,2023-08-15,2.211721658706665
val,2023-08-16,2023-08-16,2.1934030055999756
val,2023-08-17,2023-08-17,2.1399035453796387
val,2023-08-18,2023-08-18,2.15010404586792
val,2023-08-21,2023-08-21,2.178206443786621
val,2023-08-22,2023-08-22,2.207141876220703
val,2023-08-23,2023-08-23,2.2881195545196533
val,2023-08-24,2023-08-24,2.1894478797912598
val,2023-08-25,2023-08-25,2.2358694076538086
val,2023-08-28,2023-08-28,2.2687599658966064
val,2023-08-29,2023-08-29,2.3505702018737793
val,2023-08-30,2023-08-30,2.424053907394409
val,2023-08-31,2023-08-31,2.428633451461792
val,2023-09-01,2023-09-01,2.4617326259613037
val,2023-09-05,2023-09-05,2.466728448867798
val,2023-09-06,2023-09-06,2.3253819942474365
val,2023-09-07,2023-09-07,2.2140116691589355
val,2023-09-08,2023-09-08,2.2269179821014404
val,2023-09-11,2023-09-11,2.2514820098876953
val,2023-09-12,2023-09-12,2.1877825260162354
val,2023-09-13,2023-09-13,2.144275188446045
val,2023-09-14,2023-09-14,2.1761250495910645
val,2023-09-15,2023-09-15,2.16092848777771
val,2023-09-18,2023-09-18,2.2225465774536133
val,2023-09-19,2023-09-19,2.2454452514648438
val,2023-09-20,2023-09-20,2.1709208488464355
val,2023-09-21,2023-09-21,2.13844633102417
val,2023-09-22,2023-09-22,2.156348705291748
val,2023-09-25,2023-09-25,2.1832027435302734
val,2023-09-26,2023-09-26,2.0974373817443848
val,2023-09-27,2023-09-27,2.065587282180786
val,2023-09-28,2023-09-28,2.07099986076355
val,2023-09-29,2023-09-29,2.081824541091919
val,2023-10-02,2023-10-02,2.1346993446350098
val,2023-10-03,2023-10-03,2.1065964698791504
val,2023-10-04,2023-10-04,2.1328258514404297
val,2023-10-05,2023-10-05,2.1588470935821533
val,2023-10-06,2023-10-06,2.212554693222046
val,2023-10-09,2023-10-09,2.2437798976898193
val,2023-10-10,2023-10-10,2.2312896251678467
val,2023-10-11,2023-10-11,2.260641574859619
val,2023-10-12,2023-10-12,2.2795848846435547
val,2023-10-13,2023-10-13,2.240865468978882
val,2023-10-16,2023-10-16,2.2381591796875
val,2023-10-17,2023-10-17,2.2054765224456787
val,2023-10-18,2023-10-18,2.178206443786621
val,2023-10-19,2023-10-19,2.1702964305877686
val,2023-10-20,2023-10-20,2.116588830947876
val,2023-10-23,2023-10-23,2.119086742401123
val,2023-10-24,2023-10-24,2.1282460689544678
val,2023-10-25,2023-10-25,2.0795347690582275
val,2023-10-26,2023-10-26,1.9918955564498901
val,2023-10-27,2023-10-27,2.0195820331573486
val,2023-10-30,2023-10-30,2.0626728534698486
val,2023-10-31,2023-10-31,2.072665214538574
val,2023-11-01,2023-11-01,2.1392791271209717
val,2023-11-02,2023-11-02,2.2142200469970703
val,2023-11-03,2023-11-03,2.195068120956421
val,2023-11-06,2023-11-06,2.2487757205963135
val,2023-11-07,2023-11-07,2.302691698074341
val,2023-11-08,2023-11-08,2.324965476989746
val,2023-11-09,2023-11-09,2.3149735927581787
val,2023-11-10,2023-11-10,2.3980326652526855
val,2023-11-13,2023-11-13,2.3647258281707764
val,2023-11-14,2023-11-14,2.419682502746582
val,2023-11-15,2023-11-15,2.4315478801727295
val,2023-11-16,2023-11-16,2.4669368267059326
val,2023-11-17,2023-11-17,2.466520309448242
val,2023-11-20,2023-11-20,2.5031580924987793
val,2023-11-21,2023-11-21,2.4862964153289795
val,2023-11-22,2023-11-22,2.500243663787842
val,2023-11-24,2023-11-24,2.472349166870117
val,2023-11-27,2023-11-27,2.468601942062378
val,2023-11-28,2023-11-28,2.481300115585327
val,2023-11-29,2023-11-29,2.4598588943481445
val,2023-11-30,2023-11-30,2.4719326496124268
val,2023-12-01,2023-12-01,2.498786687850952
val,2023-12-04,2023-12-04,2.4611077308654785
val,2023-12-05,2023-12-05,2.5441672801971436
val,2023-12-06,2023-12-06,2.521268844604492
val,2023-12-07,2023-12-07,2.561861753463745
val,2023-12-08,2023-12-08,2.5918381214141846
val,2023-12-11,2023-12-11,2.539170980453491
val,2023-12-12,2023-12-12,2.57102108001709
val,2023-12-13,2023-12-13,2.6386759281158447
val,2023-12-14,2023-12-14,2.641798496246338
val,2023-12-15,2023-12-15,2.6305575370788574
val,2023-12-18,2023-12-18,2.5955848693847656
val,2023-12-19,2023-12-19,2.6174428462982178
val,2023-12-20,2023-12-20,2.573519229888916
val,2023-12-21,2023-12-21,2.5703964233398438
val,2023-12-22,2023-12-22,2.547914505004883
val,2023-12-26,2023-12-26,2.5364651679992676
val,2023-12-27,2023-12-27,2.538546562194824
val,2023-12-28,2023-12-28,2.5474979877471924
val,2023-12-29,2023-12-29,2.5256402492523193
val,2024-01-02,2024-01-02,2.382211923599243
val,2024-01-03,2024-01-03,2.353276491165161
val,2024-01-04,2024-01-04,2.304565191268921
val,2024-01-05,2024-01-05,2.2893686294555664
val,2024-01-08,2024-01-08,2.3805465698242188
val,2024-01-09,2024-01-09,2.3718035221099854
val,2024-01-10,2024-01-10,2.3936612606048584
val,2024-01-11,2024-01-11,2.3811709880828857
val,2024-01-12,2024-01-12,2.388040781021118
val,2024-01-16,2024-01-16,2.3403701782226562
val,2024-01-17,2024-01-17,2.32059383392334
val,2024-01-18,2024-01-18,2.4444546699523926
val,2024-01-19,2024-01-19,2.5054478645324707
val,2024-01-22,2024-01-22,2.5539512634277344
val,2024-01-23,2024-01-23,2.5808048248291016
val,2024-01-24,2024-01-24,2.5666494369506836
val,2024-01-25,2024-01-25,2.5597798824310303
val,2024-01-26,2024-01-26,2.523350477218628
val,2024-01-29,2024-01-29,2.508986711502075
val,2024-01-30,2024-01-30,2.4321722984313965
val,2024-01-31,2024-01-31,2.3563990592956543
val,2024-02-01,2024-02-01,2.4076085090637207
val,2024-02-02,2024-02-02,2.3865835666656494
val,2024-02-05,2024-02-05,2.424678325653076
val,2024-02-06,2024-02-06,2.458401918411255
val,2024-02-07,2024-02-07,2.4606916904449463
val,2024-02-08,2024-02-08,2.4380013942718506
val,2024-02-09,2024-02-09,2.4490342140197754
val,2024-02-12,2024-02-12,2.4136452674865723
val,2024-02-13,2024-02-13,2.3697216510772705
val,2024-02-14,2024-02-14,2.3511946201324463
val,2024-02-15,2024-02-15,2.3451578617095947
val,2024-02-16,2024-02-16,2.312891721725464
val,2024-02-20,2024-02-20,2.297279119491577
val,2024-02-21,2024-02-21,2.3131000995635986
val,2024-02-22,2024-02-22,2.355774402618408
val,2024-02-23,2024-02-23,2.31726336479187
val,2024-02-26,2024-02-26,2.288952589035034
val,2024-02-27,2024-02-27,2.3195533752441406
val,2024-02-28,2024-02-28,2.2943646907806396
val,2024-02-29,2024-02-29,2.2804174423217773
val,2024-03-01,2024-03-01,2.2577271461486816
val,2024-03-04,2024-03-04,2.162802219390869
val,2024-03-05,2024-03-05,2.059134006500244
val,2024-03-06,2024-03-06,2.0383172035217285
val,2024-03-07,2024-03-07,2.0358192920684814
val,2024-03-08,2024-03-08,2.0718321800231934
val,2024-03-11,2024-03-11,2.113882541656494
val,2024-03-12,2024-03-12,2.1238744258880615
val,2024-03-13,2024-03-13,2.0801591873168945
val,2024-03-14,2024-03-14,2.119086742401123
val,2024-03-15,2024-03-15,2.1111762523651123
val,2024-03-18,2024-03-18,2.1340749263763428
val,2024-03-19,2024-03-19,2.1832027435302734
val,2024-03-20,2024-03-20,2.2371182441711426
val,2024-03-21,2024-03-21,2.0851550102233887
val,2024-03-22,2024-03-22,2.1040985584259033
val,2024-03-25,2024-03-25,2.0743305683135986
val,2024-03-26,2024-03-26,2.0505993366241455
val,2024-03-27,2024-03-27,2.125539779663086
val,2024-03-28,2024-03-28,2.087445020675659
val,2024-04-01,2024-04-01,2.057260513305664
val,2024-04-02,2024-04-02,2.0324883460998535
val,2024-04-03,2024-04-03,2.0493500232696533
val,2024-04-04,2024-04-04,2.0320723056793213
val,2024-04-05,2024-04-05,2.0478930473327637
val,2024-04-08,2024-04-08,2.024369955062866
val,2024-04-09,2024-04-09,2.0497665405273438
val,2024-04-10,2024-04-10,2.010422468185425
val,2024-04-11,2024-04-11,2.161552906036377
val,2024-04-12,2024-04-12,2.1929867267608643
val,2024-04-15,2024-04-15,2.112633466720581
val,2024-04-16,2024-04-16,2.043729782104492
val,2024-04-17,2024-04-17,2.0150022506713867
val,2024-04-18,2024-04-18,1.9950180053710938
val,2024-04-19,2024-04-19,1.9525517225265503
val,2024-04-22,2024-04-22,1.970037817955017
val,2024-04-23,2024-04-23,1.9921035766601562
val,2024-04-24,2024-04-24,2.0362355709075928
val,2024-04-25,2024-04-25,2.0543460845947266
val,2024-04-26,2024-04-26,2.0420644283294678
val,2024-04-29,2024-04-29,2.129495143890381
val,2024-04-30,2024-04-30,2.0635056495666504
val,2024-05-01,2024-05-01,2.0420644283294678
val,2024-05-02,2024-05-02,2.11971116065979
val,2024-05-03,2024-05-03,2.3351659774780273
val,2024-05-06,2024-05-06,2.3004019260406494
val,2024-05-07,2024-05-07,2.314765214920044
val,2024-05-08,2024-05-08,2.321843147277832
val,2024-05-09,2024-05-09,2.359938144683838
val,2024-05-10,2024-05-10,2.328296422958374
val,2024-05-13,2024-05-13,2.3955347537994385
test,2024-05-14,2024-05-14,2.4194741249084473
test,2024-05-15,2024-05-15,2.4671449661254883
test,2024-05-16,2024-05-16,2.4696428775787354
test,2024-05-17,2024-05-17,2.4702672958374023
test,2024-05-20,2024-05-20,2.4946229457855225
test,2024-05-21,2024-05-21,2.521893262863159
test,2024-05-22,2024-05-22,2.491708517074585
test,2024-05-23,2024-05-23,2.408025026321411
test,2024-05-24,2024-05-24,2.4725570678710938
test,2024-05-28,2024-05-28,2.4727654457092285
test,2024-05-29,2024-05-29,2.4790103435516357
test,2024-05-30,2024-05-30,2.4998271465301514
test,2024-05-31,2024-05-31,2.5198116302490234
test,2024-06-03,2024-06-03,2.5568654537200928
test,2024-06-04,2024-06-04,2.5635271072387695
test,2024-06-05,2024-06-05,2.5951685905456543
test,2024-06-06,2024-06-06,2.5662331581115723
test,2024-06-07,2024-06-07,2.6164019107818604
test,2024-06-10,2024-06-10,2.5379221439361572
test,2024-06-11,2024-06-11,2.8299827575683594
test,2024-06-12,2024-06-12,2.953218936920166
test,2024-06-13,2024-06-13,2.9775748252868652
test,2024-06-14,2024-06-14,2.941145420074463
test,2024-06-17,2024-06-17,3.0281598567962646
test,2024-06-18,2024-06-18,2.9786155223846436
test,2024-06-20,2024-06-20,2.8826494216918945
test,2024-06-21,2024-06-21,2.8370609283447266
test,2024-06-24,2024-06-24,2.8505918979644775
test,2024-06-25,2024-06-25,2.8699514865875244
test,2024-06-26,2024-06-26,2.956965684890747
test,2024-06-27,2024-06-27,2.9746601581573486
test,2024-06-28,2024-06-28,2.902217388153076
test,2024-07-01,2024-07-01,3.029824733734131
test,2024-07-02,2024-07-02,3.103100538253784
test,2024-07-03,2024-07-03,3.129746198654175
test,2024-07-05,2024-07-05,3.2294585704803467
test,2024-07-08,2024-07-08,3.260267734527588
test,2024-07-09,2024-07-09,3.278170108795166
test,2024-07-10,2024-07-10,3.367682933807373
test,2024-07-11,2024-07-11,3.255063533782959
test,2024-07-12,2024-07-12,3.316889762878418
test,2024-07-15,2024-07-15,3.397242546081543
test,2024-07-16,2024-07-16,3.4059858322143555
test,2024-07-17,2024-07-17,3.2823336124420166
test,2024-07-18,2024-07-18,3.1844940185546875
test,2024-07-19,2024-07-19,3.1872003078460693
test,2024-07-22,2024-07-22,3.179914951324463
test,2024-07-23,2024-07-23,3.201772451400757
test,2024-07-24,2024-07-24,3.067087173461914
test,2024-07-25,2024-07-25,3.04522967338562
test,2024-07-26,2024-07-26,3.055013656616211
test,2024-07-29,2024-07-29,3.060842514038086
test,2024-07-30,2024-07-30,3.0724997520446777
test,2024-07-31,2024-07-31,3.1407792568206787
test,2024-08-01,2024-08-01,3.063340425491333
test,2024-08-02,2024-08-02,3.0945656299591064
test,2024-08-05,2024-08-05,2.874114990234375
test,2024-08-06,2024-08-06,2.831648349761963
test,2024-08-07,2024-08-07,2.885564088821411
test,2024-08-08,2024-08-08,2.95821475982666
test,2024-08-09,2024-08-09,3.0192086696624756
test,2024-08-12,2024-08-12,3.0460619926452637
test,2024-08-13,2024-08-13,3.123917579650879
test,2024-08-14,2024-08-14,3.1332848072052
test,2024-08-15,2024-08-15,3.195735454559326
test,2024-08-16,2024-08-16,3.223422050476074
test,2024-08-19,2024-08-19,3.2200913429260254
test,2024-08-20,2024-08-20,3.2329976558685303
test,2024-08-21,2024-08-21,3.2307076454162598
test,2024-08-22,2024-08-22,3.1917800903320312
test,2024-08-23,2024-08-23,3.2398669719696045
test,2024-08-26,2024-08-26,3.2469446659088135
test,2024-08-27,2024-08-27,3.264639139175415
test,2024-08-28,2024-08-28,3.232581615447998
test,2024-08-29,2024-08-29,3.3012771606445312
test,2024-08-30,2024-08-30,3.2848315238952637
test,2024-09-03,2024-09-03,3.1551427841186523
test,2024-09-04,2024-09-04,3.1151740550994873
test,2024-09-05,2024-09-05,3.147023916244507
test,2024-09-06,2024-09-06,3.1145496368408203
test,2024-09-09,2024-09-09,3.1164231300354004
test,2024-09-10,2024-09-10,3.0997698307037354
test,2024-09-11,2024-09-11,3.1528525352478027
test,2024-09-12,2024-09-12,3.1551427841186523
test,2024-09-13,2024-09-13,3.149521827697754
test,2024-09-16,2024-09-16,3.020873785018921
test,2024-09-17,2024-09-17,3.0306577682495117
test,2024-09-18,2024-09-18,3.1118433475494385
test,2024-09-19,2024-09-19,3.282125234603882
test,2024-09-20,2024-09-20,3.2681782245635986
test,2024-09-23,2024-09-23,3.2321648597717285
test,2024-09-24,2024-09-24,3.2509000301361084
test,2024-09-25,2024-09-25,3.2300829887390137
test,2024-09-26,2024-09-26,3.2540230751037598
test,2024-09-27,2024-09-27,3.259643316268921
test,2024-09-30,2024-09-30,3.3680989742279053
test,2024-10-01,2024-10-01,3.226752996444702
test,2024-10-02,2024-10-02,3.2386181354522705
test,2024-10-03,2024-10-03,3.2155115604400635
test,2024-10-04,2024-10-04,3.23903489112854
test,2024-10-07,2024-10-07,3.132660150527954
test,2024-10-08,2024-10-08,3.2175934314727783
test,2024-10-09,2024-10-09,3.2960729598999023
test,2024-10-10,2024-10-10,3.2856643199920654
test,2024-10-11,2024-10-11,3.2546474933624268
test,2024-10-14,2024-10-14,3.3327107429504395
test,2024-10-15,2024-10-15,3.385793447494507
test,2024-10-16,2024-10-16,3.3427023887634277
test,2024-10-17,2024-10-17,3.3504045009613037
test,2024-10-18,2024-10-18,3.4097328186035156
test,2024-10-21,2024-10-21,3.440541982650757
test,2024-10-22,2024-10-22,3.427635669708252
test,2024-10-23,2024-10-23,3.32146954536438
test,2024-10-24,2024-10-24,3.317514181137085
test,2024-10-25,2024-10-25,3.3350002765655518
test,2024-10-28,2024-10-28,3.3764257431030273
test,2024-10-29,2024-10-29,3.382046699523926
test,2024-10-30,2024-10-30,3.307730197906494
test,2024-10-31,2024-10-31,3.2205073833465576
test,2024-11-01,2024-11-01,3.1580569744110107
test,2024-11-04,2024-11-04,3.139321804046631
test,2024-11-05,2024-11-05,3.1692981719970703
test,2024-11-06,2024-11-06,3.154101610183716
test,2024-11-07,2024-11-07,3.253190040588379
test,2024-11-08,2024-11-08,3.242365598678589
test,2024-11-11,2024-11-11,3.185535192489624
test,2024-11-12,2024-11-12,3.185535192489624
test,2024-11-13,2024-11-13,3.204061985015869
test,2024-11-14,2024-11-14,3.26859450340271
test,2024-11-15,2024-11-15,3.201564073562622
test,2024-11-18,2024-11-18,3.2644314765930176
test,2024-11-19,2024-11-19,3.269843339920044
test,2024-11-20,2024-11-20,3.2848315238952637
test,2024-11-21,2024-11-21,3.2748398780822754
test,2024-11-22,2024-11-22,3.3029420375823975
test,2024-11-25,2024-11-25,3.3653926849365234
test,2024-11-26,2024-11-26,3.4109818935394287
test,2024-11-27,2024-11-27,3.4082753658294678
test,2024-11-29,2024-11-29,3.4582364559173584
test,2024-12-02,2024-12-02,3.505282163619995
test,2024-12-03,2024-12-03,3.568981885910034
test,2024-12-04,2024-12-04,3.5764760971069336
test,2024-12-05,2024-12-05,3.5771007537841797
test,2024-12-06,2024-12-06,3.57293701171875
test,2024-12-09,2024-12-09,3.6543312072753906
test,2024-12-10,2024-12-10,3.675564765930176
test,2024-12-11,2024-12-11,3.648919105529785
test,2024-12-12,2024-12-12,3.6795198917388916
test,2024-12-13,2024-12-13,3.683058500289917
test,2024-12-16,2024-12-16,3.743635654449463
test,2024-12-17,2024-12-17,3.794428825378418
test,2024-12-18,2024-12-18,3.6813933849334717
test,2024-12-19,2024-12-19,3.7176146507263184
test,2024-12-20,2024-12-20,3.8154542446136475
test,2024-12-23,2024-12-23,3.831691265106201
test,2024-12-24,2024-12-24,3.8926846981048584
test,2024-12-26,2024-12-26,3.9097540378570557
test,2024-12-27,2024-12-27,3.8383522033691406
test,2024-12-30,2024-12-30,3.7677834033966064
test,2024-12-31,2024-12-31,3.730729341506958
test,2025-01-02,2025-01-02,3.5939621925354004
test,2025-01-03,2025-01-03,3.5837621688842773
test,2025-01-06,2025-01-06,3.617901563644409
test,2025-01-07,2025-01-07,3.5598230361938477
test,2025-01-08,2025-01-08,3.5700230598449707
test,2025-01-10,2025-01-10,3.448244094848633
test,2025-01-13,2025-01-13,3.397242546081543
test,2025-01-14,2025-01-14,3.3739278316497803
test,2025-01-15,2025-01-15,3.4694771766662598
test,2025-01-16,2025-01-16,3.2694272994995117
test,2025-01-17,2025-01-17,3.305232286453247
test,2025-01-21,2025-01-21,3.1524364948272705
test,2025-01-22,2025-01-22,3.177208662033081
test,2025-01-23,2025-01-23,3.1736695766448975
test,2025-01-24,2025-01-24,3.155350685119629
test,2025-01-27,2025-01-27,3.302734375
test,2025-01-28,2025-01-28,3.4775960445404053
test,2025-01-29,2025-01-29,3.5004947185516357
test,2025-01-30,2025-01-30,3.463648557662964
test,2025-01-31,2025-01-31,3.4305496215820312
test,2025-02-03,2025-02-03,3.264223098754883
test,2025-02-04,2025-02-04,3.363936185836792
test,2025-02-05,2025-02-05,3.3570661544799805
test,2025-02-06,2025-02-06,3.372678756713867
test,2025-02-07,2025-02-07,3.256312608718872
test,2025-02-10,2025-02-10,3.2567286491394043
test,2025-02-11,2025-02-11,3.3601884841918945
test,2025-02-12,2025-02-12,3.448660373687744
test,2025-02-13,2025-02-13,3.5456669330596924
test,2025-02-14,2025-02-14,3.609575033187866
test,2025-02-18,2025-02-18,3.6068687438964844
test,2025-02-19,2025-02-19,3.6151952743530273
test,2025-02-20,2025-02-20,3.6351799964904785
test,2025-02-21,2025-02-21,3.6293511390686035
test,2025-02-24,2025-02-24,3.6616170406341553
test,2025-02-25,2025-02-25,3.6603682041168213
test,2025-02-26,2025-02-26,3.5213115215301514
test,2025-02-27,2025-02-27,3.4576120376586914
test,2025-02-28,2025-02-28,3.5521202087402344
test,2025-03-03,2025-03-03,3.4728078842163086
test,2025-03-04,2025-03-04,3.4290924072265625
test,2025-03-05,2025-03-05,3.425137758255005
test,2025-03-06,2025-03-06,3.416602849960327
test,2025-03-07,2025-03-07,3.494457721710205
test,2025-03-10,2025-03-10,3.253190040588379
test,2025-03-11,2025-03-11,3.1149656772613525
test,2025-03-12,2025-03-12,3.0346128940582275
test,2025-03-13,2025-03-13,2.8826494216918945
test,2025-03-14,2025-03-14,2.9619622230529785
test,2025-03-17,2025-03-17,2.972578525543213
test,2025-03-18,2025-03-18,2.9453084468841553
test,2025-03-19,2025-03-19,2.99839186668396
test,2025-03-20,2025-03-20,2.9746601581573486
test,2025-03-21,2025-03-21,3.061466932296753
test,2025-03-24,2025-03-24,3.1126761436462402
test,2025-03-25,2025-03-25,3.1755430698394775
test,2025-03-26,2025-03-26,3.1293294429779053
test,2025-03-27,2025-03-27,3.1776247024536133
test,2025-03-28,2025-03-28,3.0537641048431396
test,2025-03-31,2025-03-31,3.141819715499878
test,2025-04-01,2025-04-01,3.1638855934143066
test,2025-04-02,2025-04-02,3.178457736968994
test,2025-04-03,2025-04-03,2.7475481033325195
test,2025-04-04,2025-04-04,2.4392502307891846
test,2025-04-07,2025-04-07,2.2951974868774414
test,2025-04-08,2025-04-08,2.1070127487182617
test,2025-04-09,2025-04-09,2.657202959060669
test,2025-04-10,2025-04-10,2.4817166328430176
test,2025-04-11,2025-04-11,2.6426310539245605
test,2025-04-14,2025-04-14,2.7336010932922363
test,2025-04-15,2025-04-15,2.7256906032562256
test,2025-04-16,2025-04-16,2.561861753463745
test,2025-04-17,2025-04-17,2.6182751655578613
test,2025-04-21,2025-04-21,2.538754940032959
test,2025-04-22,2025-04-22,2.6757302284240723
test,2025-04-23,2025-04-23,2.776899814605713
test,2025-04-24,2025-04-24,2.855379343032837
test,2025-04-25,2025-04-25,2.8743226528167725
test,2025-04-28,2025-04-28,2.892225503921509
test,2025-04-29,2025-04-29,2.9144997596740723
test,2025-04-30,2025-04-30,2.9413530826568604
test,2025-05-01,2025-05-01,2.958423137664795
test,2025-05-02,2025-05-02,2.7925126552581787
test,2025-05-05,2025-05-05,2.6580355167388916
test,2025-05-06,2025-05-06,2.650125026702881
test,2025-05-07,2025-05-07,2.603079080581665
test,2025-05-08,2025-05-08,2.628892183303833
test,2025-05-09,2025-05-09,2.6505415439605713
test,2025-05-12,2025-05-12,2.9057564735412598
test,2025-05-13,2025-05-13,2.9503042697906494
test,2025-05-14,2025-05-14,2.937814712524414
test,2025-05-15,2025-05-15,2.9194955825805664
test,2025-05-16,2025-05-16,2.9155404567718506
test,2025-05-19,2025-05-19,2.8639142513275146
test,2025-05-20,2025-05-20,2.823946237564087
test,2025-05-21,2025-05-21,2.724649429321289
test,2025-05-22,2025-05-22,2.7094533443450928
test,2025-05-23,2025-05-23,2.5826785564422607
test,2025-05-27,2025-05-27,2.685514211654663
test,2025-05-28,2025-05-28,2.6898856163024902
test,2025-05-29,2025-05-29,2.6801016330718994
test,2025-05-30,2025-05-30,2.6988365650177
test,2025-06-02,2025-06-02,2.7165310382843018
test,2025-06-03,2025-06-03,2.749213695526123
test,2025-06-04,2025-06-04,2.7398459911346436
test,2025-06-05,2025-06-05,2.6942570209503174
test,2025-06-06,2025-06-06,2.762744665145874
test,2025-06-09,2025-06-09,2.711326837539673
test,2025-06-10,2025-06-10,2.7367234230041504
test,2025-06-11,2025-06-11,2.6557457447052
test,2025-06-12,2025-06-12,2.6644887924194336
test,2025-06-13,2025-06-13,2.6072423458099365
test,2025-06-16,2025-06-16,2.648251533508301
test,2025-06-17,2025-06-17,2.5903806686401367
test,2025-06-18,2025-06-18,2.6099486351013184
test,2025-06-20,2025-06-20,2.7019591331481934
test,2025-06-23,2025-06-23,2.712367534637451
test,2025-06-24,2025-06-24,2.687387704849243
test,2025-06-25,2025-06-25,2.713616371154785
test,2025-06-26,2025-06-26,2.7019591331481934
test,2025-06-27,2025-06-27,2.703624725341797
test,2025-06-30,2025-06-30,2.7887656688690186
test,2025-07-01,2025-07-01,2.843930244445801
test,2025-07-02,2025-07-02,2.9401042461395264
test,2025-07-03,2025-07-03,2.9632112979888916
test,2025-07-07,2025-07-07,2.888270378112793
test,2025-07-08,2025-07-08,2.889519214630127
test,2025-07-09,2025-07-09,2.9130425453186035
test,2025-07-10,2025-07-10,2.9394795894622803
test,2025-07-11,2025-07-11,2.9134585857391357
test,2025-07-14,2025-07-14,2.860583543777466
test,2025-07-15,2025-07-15,2.870784282684326
test,2025-07-16,2025-07-16,2.89264178276062
test,2025-07-17,2025-07-17,2.8897275924682617
test,2025-07-18,2025-07-18,2.913874626159668
test,2025-07-21,2025-07-21,2.940937042236328
test,2025-07-22,2025-07-22,2.980905055999756
test,2025-07-23,2025-07-23,2.975700855255127
test,2025-07-24,2025-07-24,2.9675824642181396
test,2025-07-25,2025-07-25,2.970080614089966
test,2025-07-28,2025-07-28,2.9736196994781494
test,2025-07-29,2025-07-29,2.9157488346099854
test,2025-07-30,2025-07-30,2.869535207748413
test,2025-07-31,2025-07-31,2.838726043701172
test,2025-08-01,2025-08-01,2.7306864261627197
test,2025-08-04,2025-08-04,2.7508788108825684
test,2025-08-05,2025-08-05,2.7419276237487793
test,2025-08-06,2025-08-06,2.956965684890747
test,2025-08-07,2025-08-07,3.098104238510132
test,2025-08-08,2025-08-08,3.2921175956726074
test,2025-08-11,2025-08-11,3.2469446659088135
test,2025-08-12,2025-08-12,3.2983624935150146
test,2025-08-13,2025-08-13,3.374969005584717
test,2025-08-14,2025-08-14,3.3635194301605225
test,2025-08-15,2025-08-15,3.338747262954712
test,2025-08-18,2025-08-18,3.3241758346557617
test,2025-08-19,2025-08-19,3.31730580329895
test,2025-08-20,2025-08-20,3.2225892543792725
test,2025-08-21,2025-08-21,3.1994822025299072
test,2025-08-22,2025-08-22,3.259018898010254
test,2025-08-25,2025-08-25,3.2465286254882812
test,2025-08-26,2025-08-26,3.2912847995758057
test,2025-08-27,2025-08-27,3.3158490657806396
test,2025-08-28,2025-08-28,3.3589396476745605
test,2025-08-29,2025-08-29,3.3501968383789062
test,2025-09-02,2025-09-02,3.2998197078704834
test,2025-09-03,2025-09-03,3.4819674491882324
test,2025-09-04,2025-09-04,3.50923752784729
test,2025-09-05,2025-09-05,3.50736403465271
test,2025-09-08,2025-09-08,3.4696855545043945
test,2025-09-09,2025-09-09,3.3962020874023438
test,2025-09-10,2025-09-10,3.2388265132904053
test,2025-09-11,2025-09-11,3.3062729835510254
test,2025-09-12,2025-09-12,3.3903732299804688
test,2025-09-15,2025-09-15,3.4451217651367188
test,2025-09-16,2025-09-16,3.4753057956695557
test,2025-09-17,2025-09-17,3.4927926063537598
test,2025-09-18,2025-09-18,3.4696855545043945
test,2025-09-19,2025-09-19,3.628309965133667
test,2025-09-22,2025-09-22,3.8485522270202637
test,2025-09-23,2025-09-23,3.814204454421997
test,2025-09-24,2025-09-24,3.7700729370117188
test,2025-09-25,2025-09-25,3.8649978637695312
test,2025-09-26,2025-09-26,3.835646629333496
test,2025-09-29,2025-09-29,3.814204454421997
test,2025-09-30,2025-09-30,3.8183681964874268
test,2025-10-01,2025-10-01,3.8354382514953613
test,2025-10-02,2025-10-02,3.870410442352295
test,2025-10-03,2025-10-03,3.888936996459961
test,2025-10-06,2025-10-06,3.861250877380371
test,2025-10-07,2025-10-07,3.856879472732544
test,2025-10-08,2025-10-08,3.889770030975342
test,2025-10-09,2025-10-09,3.806086301803589
test,2025-10-10,2025-10-10,3.6235225200653076
test,2025-10-13,2025-10-13,3.673274517059326
test,2025-10-14,2025-10-14,3.675564765930176
test,2025-10-15,2025-10-15,3.7082467079162598
test,2025-10-16,2025-10-16,3.668903112411499
test,2025-10-17,2025-10-17,3.7696566581726074
test,2025-10-20,2025-10-20,3.9767842292785645
test,2025-10-21,2025-10-21,3.9878172874450684
test,2025-10-22,2025-10-22,3.8978888988494873
test,2025-10-23,2025-10-23,3.9214112758636475
test,2025-10-24,2025-10-24,3.988858461380005
test,2025-10-27,2025-10-27,4.113551139831543
test,2025-10-28,2025-10-28,4.117506504058838
test,2025-10-29,2025-10-29,4.132078647613525
test,2025-10-30,2025-10-30,4.16746711730957
test,2025-10-31,2025-10-31,4.146025657653809
test,2025-11-03,2025-11-03,4.118546962738037
test,2025-11-04,2025-11-04,4.139156341552734
test,2025-11-05,2025-11-05,4.141238212585449
test,2025-11-06,2025-11-06,4.133535385131836
test,2025-11-07,2025-11-07,4.106473445892334
test,2025-11-10,2025-11-10,4.126457691192627
test,2025-11-11,2025-11-11,4.247611999511719
test,2025-11-12,2025-11-12,4.21055793762207
test,2025-11-13,2025-11-13,4.199733734130859
test,2025-11-14,2025-11-14,4.188492298126221
test,2025-11-17,2025-11-17,4.085448265075684
test,2025-11-18,2025-11-18,4.0850324630737305
test,2025-11-19,2025-11-19,4.108346939086914
test,2025-11-20,2025-11-20,4.06026029586792
test,2025-11-21,2025-11-21,4.16934061050415
test,2025-11-24,2025-11-24,4.26155948638916
test,2025-11-25,2025-11-25,4.283417224884033
test,2025-11-26,2025-11-26,4.295490741729736
test,2025-11-28,2025-11-28,4.3225531578063965
test,2025-12-01,2025-12-01,4.411024570465088
test,2025-12-02,2025-12-02,4.475348949432373
test,2025-12-03,2025-12-03,4.432882308959961
test,2025-12-04,2025-12-04,4.361064434051514
test,2025-12-05,2025-12-05,4.3210954666137695
test,2025-12-08,2025-12-08,4.3025689125061035
test,2025-12-09,2025-12-09,4.287788391113281
test,2025-12-10,2025-12-10,4.3210954666137695
test,2025-12-11,2025-12-11,4.305482864379883
test,2025-12-12,2025-12-12,4.310687065124512
test,2025-12-15,2025-12-15,4.223880290985107
test,2025-12-16,2025-12-16,4.234289169311523
test,2025-12-17,2025-12-17,4.176626205444336
test,2025-12-18,2025-12-18,4.18391227722168
test,2025-12-19,2025-12-19,4.2147216796875
test,2025-12-22,2025-12-22,4.158515930175781
test,2025-12-23,2025-12-23,4.187450885772705
test,2025-12-24,2025-12-24,4.217635631561279
test,2025-12-26,2025-12-26,4.209100723266602
test,2025-12-29,2025-12-29,4.21659517288208
test,2025-12-30,2025-12-30,4.202439308166504
test,2025-12-31,2025-12-31,4.177042484283447
