dataset_id,split,row_order,sample_key,y_true
ch2_ecommerce_behavior,train,0,C08375,0.0
ch2_ecommerce_behavior,train,1,C09128,0.0
ch2_ecommerce_behavior,train,2,C06488,1.0
ch2_ecommerce_behavior,train,3,C08515,0.0
ch2_ecommerce_behavior,train,4,C00367,0.0
ch2_ecommerce_behavior,train,5,C06361,0.0
ch2_ecommerce_behavior,train,6,C00743,0.0
ch2_ecommerce_behavior,train,7,C02141,1.0
ch2_ecommerce_behavior,train,8,C00379,0.0
ch2_ecommerce_behavior,train,9,C05519,0.0
ch2_ecommerce_behavior,train,10,C07466,0.0
ch2_ecommerce_behavior,train,11,C03434,0.0
ch2_ecommerce_behavior,train,12,C06210,1.0
ch2_ecommerce_behavior,train,13,C04475,0.0
ch2_ecommerce_behavior,train,14,C02952,1.0
ch2_ecommerce_behavior,train,15,C06754,0.0
ch2_ecommerce_behavior,train,16,C07135,0.0
ch2_ecommerce_behavior,train,17,C08688,0.0
ch2_ecommerce_behavior,train,18,C00579,0.0
ch2_ecommerce_behavior,train,19,C05353,0.0
ch2_ecommerce_behavior,train,20,C08233,0.0
ch2_ecommerce_behavior,train,21,C08967,0.0
ch2_ecommerce_behavior,train,22,C05200,0.0
ch2_ecommerce_behavior,train,23,C03809,0.0
ch2_ecommerce_behavior,train,24,C08512,0.0
ch2_ecommerce_behavior,train,25,C06375,0.0
ch2_ecommerce_behavior,train,26,C09999,1.0
ch2_ecommerce_behavior,train,27,C07109,0.0
ch2_ecommerce_behavior,train,28,C09921,0.0
ch2_ecommerce_behavior,train,29,C01341,0.0
ch2_ecommerce_behavior,train,30,C02010,1.0
ch2_ecommerce_behavior,train,31,C08599,0.0
ch2_ecommerce_behavior,train,32,C06860,0.0
ch2_ecommerce_behavior,train,33,C07117,0.0
ch2_ecommerce_behavior,train,34,C09926,0.0
ch2_ecommerce_behavior,train,35,C01448,0.0
ch2_ecommerce_behavior,train,36,C01612,1.0
ch2_ecommerce_behavior,train,37,C04795,0.0
ch2_ecommerce_behavior,train,38,C06973,1.0
ch2_ecommerce_behavior,train,39,C00960,0.0
ch2_ecommerce_behavior,train,40,C07549,1.0
ch2_ecommerce_behavior,train,41,C00883,0.0
ch2_ecommerce_behavior,train,42,C01852,0.0
ch2_ecommerce_behavior,train,43,C05901,0.0
ch2_ecommerce_behavior,train,44,C08189,0.0
ch2_ecommerce_behavior,train,45,C08702,1.0
ch2_ecommerce_behavior,train,46,C01621,0.0
ch2_ecommerce_behavior,train,47,C03096,0.0
ch2_ecommerce_behavior,train,48,C04516,0.0
ch2_ecommerce_behavior,train,49,C06104,0.0
ch2_ecommerce_behavior,train,50,C06784,0.0
ch2_ecommerce_behavior,train,51,C06081,0.0
ch2_ecommerce_behavior,train,52,C04141,0.0
ch2_ecommerce_behavior,train,53,C08695,0.0
ch2_ecommerce_behavior,train,54,C04952,1.0
ch2_ecommerce_behavior,train,55,C07032,0.0
ch2_ecommerce_behavior,train,56,C09769,1.0
ch2_ecommerce_behavior,train,57,C02404,0.0
ch2_ecommerce_behavior,train,58,C04479,0.0
ch2_ecommerce_behavior,train,59,C01411,0.0
ch2_ecommerce_behavior,train,60,C00253,0.0
ch2_ecommerce_behavior,train,61,C06362,0.0
ch2_ecommerce_behavior,train,62,C07961,1.0
ch2_ecommerce_behavior,train,63,C03836,0.0
ch2_ecommerce_behavior,train,64,C00939,0.0
ch2_ecommerce_behavior,train,65,C08119,0.0
ch2_ecommerce_behavior,train,66,C07152,1.0
ch2_ecommerce_behavior,train,67,C09609,0.0
ch2_ecommerce_behavior,train,68,C04398,0.0
ch2_ecommerce_behavior,train,69,C05931,0.0
ch2_ecommerce_behavior,train,70,C00683,0.0
ch2_ecommerce_behavior,train,71,C03123,0.0
ch2_ecommerce_behavior,train,72,C09063,0.0
ch2_ecommerce_behavior,train,73,C09036,0.0
ch2_ecommerce_behavior,train,74,C01717,0.0
ch2_ecommerce_behavior,train,75,C01578,0.0
ch2_ecommerce_behavior,train,76,C01136,0.0
ch2_ecommerce_behavior,train,77,C01481,0.0
ch2_ecommerce_behavior,train,78,C03435,0.0
ch2_ecommerce_behavior,train,79,C02698,0.0
ch2_ecommerce_behavior,train,80,C01317,1.0
ch2_ecommerce_behavior,train,81,C04747,0.0
ch2_ecommerce_behavior,train,82,C02585,0.0
ch2_ecommerce_behavior,train,83,C09808,0.0
ch2_ecommerce_behavior,train,84,C02678,0.0
ch2_ecommerce_behavior,train,85,C04701,0.0
ch2_ecommerce_behavior,train,86,C09074,1.0
ch2_ecommerce_behavior,train,87,C05698,0.0
ch2_ecommerce_behavior,train,88,C06528,0.0
ch2_ecommerce_behavior,train,89,C05668,0.0
ch2_ecommerce_behavior,train,90,C01492,0.0
ch2_ecommerce_behavior,train,91,C04881,0.0
ch2_ecommerce_behavior,train,92,C01128,0.0
ch2_ecommerce_behavior,train,93,C06003,0.0
ch2_ecommerce_behavior,train,94,C04105,0.0
ch2_ecommerce_behavior,train,95,C04306,0.0
ch2_ecommerce_behavior,train,96,C08528,0.0
ch2_ecommerce_behavior,train,97,C07824,0.0
ch2_ecommerce_behavior,train,98,C00383,0.0
ch2_ecommerce_behavior,train,99,C03426,0.0
ch2_ecommerce_behavior,train,100,C01807,0.0
ch2_ecommerce_behavior,train,101,C06318,1.0
ch2_ecommerce_behavior,train,102,C02854,0.0
ch2_ecommerce_behavior,train,103,C02118,0.0
ch2_ecommerce_behavior,train,104,C09792,0.0
ch2_ecommerce_behavior,train,105,C05315,0.0
ch2_ecommerce_behavior,train,106,C02439,0.0
ch2_ecommerce_behavior,train,107,C00835,1.0
ch2_ecommerce_behavior,train,108,C06252,1.0
ch2_ecommerce_behavior,train,109,C07274,0.0
ch2_ecommerce_behavior,train,110,C03423,0.0
ch2_ecommerce_behavior,train,111,C07800,0.0
ch2_ecommerce_behavior,train,112,C05546,0.0
ch2_ecommerce_behavior,train,113,C06470,1.0
ch2_ecommerce_behavior,train,114,C07199,0.0
ch2_ecommerce_behavior,train,115,C09733,0.0
ch2_ecommerce_behavior,train,116,C09420,0.0
ch2_ecommerce_behavior,train,117,C06091,0.0
ch2_ecommerce_behavior,train,118,C08848,0.0
ch2_ecommerce_behavior,train,119,C01102,0.0
ch2_ecommerce_behavior,train,120,C04869,0.0
ch2_ecommerce_behavior,train,121,C07981,0.0
ch2_ecommerce_behavior,train,122,C07028,0.0
ch2_ecommerce_behavior,train,123,C02916,0.0
ch2_ecommerce_behavior,train,124,C05561,0.0
ch2_ecommerce_behavior,train,125,C05583,0.0
ch2_ecommerce_behavior,train,126,C02276,0.0
ch2_ecommerce_behavior,train,127,C05895,0.0
ch2_ecommerce_behavior,train,128,C06885,0.0
ch2_ecommerce_behavior,train,129,C00933,1.0
ch2_ecommerce_behavior,train,130,C06251,0.0
ch2_ecommerce_behavior,train,131,C09668,0.0
ch2_ecommerce_behavior,train,132,C06153,0.0
ch2_ecommerce_behavior,train,133,C08403,1.0
ch2_ecommerce_behavior,train,134,C01115,0.0
ch2_ecommerce_behavior,train,135,C08368,0.0
ch2_ecommerce_behavior,train,136,C09154,0.0
ch2_ecommerce_behavior,train,137,C07811,1.0
ch2_ecommerce_behavior,train,138,C03982,0.0
ch2_ecommerce_behavior,train,139,C03590,0.0
ch2_ecommerce_behavior,train,140,C09428,0.0
ch2_ecommerce_behavior,train,141,C02204,0.0
ch2_ecommerce_behavior,train,142,C05717,1.0
ch2_ecommerce_behavior,train,143,C07738,0.0
ch2_ecommerce_behavior,train,144,C00131,0.0
ch2_ecommerce_behavior,train,145,C00897,0.0
ch2_ecommerce_behavior,train,146,C09885,0.0
ch2_ecommerce_behavior,train,147,C03600,0.0
ch2_ecommerce_behavior,train,148,C08371,0.0
ch2_ecommerce_behavior,train,149,C06621,0.0
ch2_ecommerce_behavior,train,150,C06471,0.0
ch2_ecommerce_behavior,train,151,C01701,0.0
ch2_ecommerce_behavior,train,152,C08857,0.0
ch2_ecommerce_behavior,train,153,C02689,0.0
ch2_ecommerce_behavior,train,154,C04790,0.0
ch2_ecommerce_behavior,train,155,C07584,0.0
ch2_ecommerce_behavior,train,156,C03851,0.0
ch2_ecommerce_behavior,train,157,C07858,0.0
ch2_ecommerce_behavior,train,158,C03624,0.0
ch2_ecommerce_behavior,train,159,C06511,0.0
ch2_ecommerce_behavior,train,160,C02815,0.0
ch2_ecommerce_behavior,train,161,C08192,0.0
ch2_ecommerce_behavior,train,162,C04073,1.0
ch2_ecommerce_behavior,train,163,C07375,1.0
ch2_ecommerce_behavior,train,164,C04783,0.0
ch2_ecommerce_behavior,train,165,C06632,0.0
ch2_ecommerce_behavior,train,166,C03908,0.0
ch2_ecommerce_behavior,train,167,C08039,0.0
ch2_ecommerce_behavior,train,168,C04665,0.0
ch2_ecommerce_behavior,train,169,C03915,0.0
ch2_ecommerce_behavior,train,170,C00157,0.0
ch2_ecommerce_behavior,train,171,C07099,0.0
ch2_ecommerce_behavior,train,172,C05170,0.0
ch2_ecommerce_behavior,train,173,C04945,0.0
ch2_ecommerce_behavior,train,174,C07300,0.0
ch2_ecommerce_behavior,train,175,C00340,0.0
ch2_ecommerce_behavior,train,176,C04616,0.0
ch2_ecommerce_behavior,train,177,C06923,1.0
ch2_ecommerce_behavior,train,178,C08496,0.0
ch2_ecommerce_behavior,train,179,C04342,0.0
ch2_ecommerce_behavior,train,180,C05860,0.0
ch2_ecommerce_behavior,train,181,C03324,0.0
ch2_ecommerce_behavior,train,182,C08322,0.0
ch2_ecommerce_behavior,train,183,C08836,0.0
ch2_ecommerce_behavior,train,184,C05008,0.0
ch2_ecommerce_behavior,train,185,C02764,0.0
ch2_ecommerce_behavior,train,186,C07384,0.0
ch2_ecommerce_behavior,train,187,C04630,1.0
ch2_ecommerce_behavior,train,188,C05590,0.0
ch2_ecommerce_behavior,train,189,C07327,0.0
ch2_ecommerce_behavior,train,190,C00802,0.0
ch2_ecommerce_behavior,train,191,C05695,0.0
ch2_ecommerce_behavior,train,192,C07784,0.0
ch2_ecommerce_behavior,train,193,C06319,0.0
ch2_ecommerce_behavior,train,194,C02288,0.0
ch2_ecommerce_behavior,train,195,C05577,0.0
ch2_ecommerce_behavior,train,196,C05650,0.0
ch2_ecommerce_behavior,train,197,C00461,0.0
ch2_ecommerce_behavior,train,198,C08226,0.0
ch2_ecommerce_behavior,train,199,C02416,0.0
ch2_ecommerce_behavior,train,200,C02134,0.0
ch2_ecommerce_behavior,train,201,C05580,0.0
ch2_ecommerce_behavior,train,202,C07214,0.0
ch2_ecommerce_behavior,train,203,C00811,0.0
ch2_ecommerce_behavior,train,204,C09324,1.0
ch2_ecommerce_behavior,train,205,C05665,0.0
ch2_ecommerce_behavior,train,206,C02828,1.0
ch2_ecommerce_behavior,train,207,C08156,0.0
ch2_ecommerce_behavior,train,208,C04842,0.0
ch2_ecommerce_behavior,train,209,C00894,0.0
ch2_ecommerce_behavior,train,210,C02366,1.0
ch2_ecommerce_behavior,train,211,C07909,0.0
ch2_ecommerce_behavior,train,212,C09408,0.0
ch2_ecommerce_behavior,train,213,C09664,0.0
ch2_ecommerce_behavior,train,214,C08130,1.0
ch2_ecommerce_behavior,train,215,C08971,0.0
ch2_ecommerce_behavior,train,216,C09971,0.0
ch2_ecommerce_behavior,train,217,C00678,0.0
ch2_ecommerce_behavior,train,218,C09391,0.0
ch2_ecommerce_behavior,train,219,C02444,1.0
ch2_ecommerce_behavior,train,220,C04933,0.0
ch2_ecommerce_behavior,train,221,C05951,0.0
ch2_ecommerce_behavior,train,222,C08336,0.0
ch2_ecommerce_behavior,train,223,C01287,0.0
ch2_ecommerce_behavior,train,224,C01345,0.0
ch2_ecommerce_behavior,train,225,C07550,0.0
ch2_ecommerce_behavior,train,226,C06459,0.0
ch2_ecommerce_behavior,train,227,C02339,0.0
ch2_ecommerce_behavior,train,228,C01501,0.0
ch2_ecommerce_behavior,train,229,C07863,0.0
ch2_ecommerce_behavior,train,230,C03351,1.0
ch2_ecommerce_behavior,train,231,C09145,0.0
ch2_ecommerce_behavior,train,232,C04331,0.0
ch2_ecommerce_behavior,train,233,C03015,0.0
ch2_ecommerce_behavior,train,234,C05136,0.0
ch2_ecommerce_behavior,train,235,C03792,0.0
ch2_ecommerce_behavior,train,236,C05181,0.0
ch2_ecommerce_behavior,train,237,C08576,0.0
ch2_ecommerce_behavior,train,238,C00804,0.0
ch2_ecommerce_behavior,train,239,C07846,1.0
ch2_ecommerce_behavior,train,240,C07053,1.0
ch2_ecommerce_behavior,train,241,C04339,0.0
ch2_ecommerce_behavior,train,242,C08386,1.0
ch2_ecommerce_behavior,train,243,C04175,0.0
ch2_ecommerce_behavior,train,244,C09104,0.0
ch2_ecommerce_behavior,train,245,C07252,0.0
ch2_ecommerce_behavior,train,246,C05586,0.0
ch2_ecommerce_behavior,train,247,C03265,0.0
ch2_ecommerce_behavior,train,248,C06505,0.0
ch2_ecommerce_behavior,train,249,C09950,1.0
ch2_ecommerce_behavior,train,250,C08044,0.0
ch2_ecommerce_behavior,train,251,C01669,0.0
ch2_ecommerce_behavior,train,252,C07479,0.0
ch2_ecommerce_behavior,train,253,C01322,0.0
ch2_ecommerce_behavior,train,254,C07430,0.0
ch2_ecommerce_behavior,train,255,C03019,1.0
ch2_ecommerce_behavior,train,256,C05168,0.0
ch2_ecommerce_behavior,train,257,C04295,0.0
ch2_ecommerce_behavior,train,258,C03163,0.0
ch2_ecommerce_behavior,train,259,C02435,0.0
ch2_ecommerce_behavior,train,260,C09013,1.0
ch2_ecommerce_behavior,train,261,C05444,1.0
ch2_ecommerce_behavior,train,262,C01154,0.0
ch2_ecommerce_behavior,train,263,C02676,0.0
ch2_ecommerce_behavior,train,264,C09481,0.0
ch2_ecommerce_behavior,train,265,C00849,1.0
ch2_ecommerce_behavior,train,266,C03453,0.0
ch2_ecommerce_behavior,train,267,C07741,0.0
ch2_ecommerce_behavior,train,268,C09853,1.0
ch2_ecommerce_behavior,train,269,C01434,0.0
ch2_ecommerce_behavior,train,270,C06336,1.0
ch2_ecommerce_behavior,train,271,C06280,0.0
ch2_ecommerce_behavior,train,272,C07144,0.0
ch2_ecommerce_behavior,train,273,C00839,0.0
ch2_ecommerce_behavior,train,274,C03450,0.0
ch2_ecommerce_behavior,train,275,C06661,0.0
ch2_ecommerce_behavior,train,276,C07611,0.0
ch2_ecommerce_behavior,train,277,C08626,1.0
ch2_ecommerce_behavior,train,278,C09221,0.0
ch2_ecommerce_behavior,train,279,C02159,0.0
ch2_ecommerce_behavior,train,280,C08262,0.0
ch2_ecommerce_behavior,train,281,C02897,0.0
ch2_ecommerce_behavior,train,282,C05880,0.0
ch2_ecommerce_behavior,train,283,C06207,0.0
ch2_ecommerce_behavior,train,284,C06029,0.0
ch2_ecommerce_behavior,train,285,C00937,0.0
ch2_ecommerce_behavior,train,286,C06601,0.0
ch2_ecommerce_behavior,train,287,C01101,0.0
ch2_ecommerce_behavior,train,288,C07629,0.0
ch2_ecommerce_behavior,train,289,C08728,0.0
ch2_ecommerce_behavior,train,290,C01963,0.0
ch2_ecommerce_behavior,train,291,C04822,0.0
ch2_ecommerce_behavior,train,292,C05915,1.0
ch2_ecommerce_behavior,train,293,C04438,0.0
ch2_ecommerce_behavior,train,294,C00304,0.0
ch2_ecommerce_behavior,train,295,C02274,0.0
ch2_ecommerce_behavior,train,296,C04897,0.0
ch2_ecommerce_behavior,train,297,C02213,0.0
ch2_ecommerce_behavior,train,298,C03888,0.0
ch2_ecommerce_behavior,train,299,C06580,0.0
ch2_ecommerce_behavior,train,300,C01916,0.0
ch2_ecommerce_behavior,train,301,C07362,0.0
ch2_ecommerce_behavior,train,302,C02961,0.0
ch2_ecommerce_behavior,train,303,C03934,0.0
ch2_ecommerce_behavior,train,304,C05663,1.0
ch2_ecommerce_behavior,train,305,C07307,0.0
ch2_ecommerce_behavior,train,306,C05761,0.0
ch2_ecommerce_behavior,train,307,C07960,0.0
ch2_ecommerce_behavior,train,308,C00020,0.0
ch2_ecommerce_behavior,train,309,C02352,0.0
ch2_ecommerce_behavior,train,310,C05517,0.0
ch2_ecommerce_behavior,train,311,C00782,0.0
ch2_ecommerce_behavior,train,312,C04406,0.0
ch2_ecommerce_behavior,train,313,C03212,0.0
ch2_ecommerce_behavior,train,314,C03551,0.0
ch2_ecommerce_behavior,train,315,C06425,1.0
ch2_ecommerce_behavior,train,316,C01724,1.0
ch2_ecommerce_behavior,train,317,C05794,0.0
ch2_ecommerce_behavior,train,318,C00951,0.0
ch2_ecommerce_behavior,train,319,C03238,0.0
ch2_ecommerce_behavior,train,320,C02514,1.0
ch2_ecommerce_behavior,train,321,C03245,0.0
ch2_ecommerce_behavior,train,322,C03646,1.0
ch2_ecommerce_behavior,train,323,C08213,0.0
ch2_ecommerce_behavior,train,324,C06965,0.0
ch2_ecommerce_behavior,train,325,C05728,0.0
ch2_ecommerce_behavior,train,326,C09583,0.0
ch2_ecommerce_behavior,train,327,C01424,0.0
ch2_ecommerce_behavior,train,328,C01089,0.0
ch2_ecommerce_behavior,train,329,C06731,0.0
ch2_ecommerce_behavior,train,330,C08950,0.0
ch2_ecommerce_behavior,train,331,C09376,0.0
ch2_ecommerce_behavior,train,332,C05345,0.0
ch2_ecommerce_behavior,train,333,C08591,1.0
ch2_ecommerce_behavior,train,334,C07041,0.0
ch2_ecommerce_behavior,train,335,C06208,0.0
ch2_ecommerce_behavior,train,336,C04048,0.0
ch2_ecommerce_behavior,train,337,C05310,0.0
ch2_ecommerce_behavior,train,338,C09401,0.0
ch2_ecommerce_behavior,train,339,C00095,0.0
ch2_ecommerce_behavior,train,340,C03358,0.0
ch2_ecommerce_behavior,train,341,C00148,0.0
ch2_ecommerce_behavior,train,342,C09223,0.0
ch2_ecommerce_behavior,train,343,C07455,0.0
ch2_ecommerce_behavior,train,344,C05446,0.0
ch2_ecommerce_behavior,train,345,C00271,0.0
ch2_ecommerce_behavior,train,346,C00841,0.0
ch2_ecommerce_behavior,train,347,C00924,0.0
ch2_ecommerce_behavior,train,348,C02917,0.0
ch2_ecommerce_behavior,train,349,C06895,0.0
ch2_ecommerce_behavior,train,350,C03599,0.0
ch2_ecommerce_behavior,train,351,C00500,0.0
ch2_ecommerce_behavior,train,352,C04287,0.0
ch2_ecommerce_behavior,train,353,C09172,0.0
ch2_ecommerce_behavior,train,354,C04049,0.0
ch2_ecommerce_behavior,train,355,C09773,0.0
ch2_ecommerce_behavior,train,356,C05639,0.0
ch2_ecommerce_behavior,train,357,C08001,0.0
ch2_ecommerce_behavior,train,358,C07731,1.0
ch2_ecommerce_behavior,train,359,C07218,0.0
ch2_ecommerce_behavior,train,360,C02422,0.0
ch2_ecommerce_behavior,train,361,C04906,0.0
ch2_ecommerce_behavior,train,362,C05994,0.0
ch2_ecommerce_behavior,train,363,C05996,0.0
ch2_ecommerce_behavior,train,364,C05889,0.0
ch2_ecommerce_behavior,train,365,C04999,0.0
ch2_ecommerce_behavior,train,366,C09509,1.0
ch2_ecommerce_behavior,train,367,C03177,0.0
ch2_ecommerce_behavior,train,368,C01848,1.0
ch2_ecommerce_behavior,train,369,C07935,1.0
ch2_ecommerce_behavior,train,370,C04597,0.0
ch2_ecommerce_behavior,train,371,C04953,1.0
ch2_ecommerce_behavior,train,372,C02259,0.0
ch2_ecommerce_behavior,train,373,C02638,0.0
ch2_ecommerce_behavior,train,374,C04028,0.0
ch2_ecommerce_behavior,train,375,C06383,0.0
ch2_ecommerce_behavior,train,376,C07933,0.0
ch2_ecommerce_behavior,train,377,C04658,0.0
ch2_ecommerce_behavior,train,378,C00662,0.0
ch2_ecommerce_behavior,train,379,C09497,0.0
ch2_ecommerce_behavior,train,380,C04939,0.0
ch2_ecommerce_behavior,train,381,C01039,1.0
ch2_ecommerce_behavior,train,382,C06258,0.0
ch2_ecommerce_behavior,train,383,C06884,0.0
ch2_ecommerce_behavior,train,384,C01929,0.0
ch2_ecommerce_behavior,train,385,C08877,0.0
ch2_ecommerce_behavior,train,386,C04810,0.0
ch2_ecommerce_behavior,train,387,C05142,0.0
ch2_ecommerce_behavior,train,388,C00954,0.0
ch2_ecommerce_behavior,train,389,C08127,0.0
ch2_ecommerce_behavior,train,390,C09615,0.0
ch2_ecommerce_behavior,train,391,C07490,0.0
ch2_ecommerce_behavior,train,392,C01296,1.0
ch2_ecommerce_behavior,train,393,C09965,0.0
ch2_ecommerce_behavior,train,394,C06694,0.0
ch2_ecommerce_behavior,train,395,C02150,0.0
ch2_ecommerce_behavior,train,396,C05805,0.0
ch2_ecommerce_behavior,train,397,C02279,0.0
ch2_ecommerce_behavior,train,398,C04883,0.0
ch2_ecommerce_behavior,train,399,C05690,1.0
ch2_ecommerce_behavior,train,400,C03496,0.0
ch2_ecommerce_behavior,train,401,C00670,0.0
ch2_ecommerce_behavior,train,402,C05819,0.0
ch2_ecommerce_behavior,train,403,C06217,0.0
ch2_ecommerce_behavior,train,404,C01705,1.0
ch2_ecommerce_behavior,train,405,C06910,0.0
ch2_ecommerce_behavior,train,406,C07649,0.0
ch2_ecommerce_behavior,train,407,C07651,0.0
ch2_ecommerce_behavior,train,408,C06175,0.0
ch2_ecommerce_behavior,train,409,C03648,0.0
ch2_ecommerce_behavior,train,410,C08282,0.0
ch2_ecommerce_behavior,train,411,C05627,0.0
ch2_ecommerce_behavior,train,412,C06128,0.0
ch2_ecommerce_behavior,train,413,C09798,0.0
ch2_ecommerce_behavior,train,414,C09695,0.0
ch2_ecommerce_behavior,train,415,C07908,0.0
ch2_ecommerce_behavior,train,416,C09342,1.0
ch2_ecommerce_behavior,train,417,C02095,0.0
ch2_ecommerce_behavior,train,418,C02508,1.0
ch2_ecommerce_behavior,train,419,C04969,0.0
ch2_ecommerce_behavior,train,420,C06368,0.0
ch2_ecommerce_behavior,train,421,C06032,0.0
ch2_ecommerce_behavior,train,422,C00979,1.0
ch2_ecommerce_behavior,train,423,C02372,0.0
ch2_ecommerce_behavior,train,424,C07264,0.0
ch2_ecommerce_behavior,train,425,C04584,0.0
ch2_ecommerce_behavior,train,426,C05530,0.0
ch2_ecommerce_behavior,train,427,C01999,0.0
ch2_ecommerce_behavior,train,428,C07055,1.0
ch2_ecommerce_behavior,train,429,C03678,1.0
ch2_ecommerce_behavior,train,430,C00462,0.0
ch2_ecommerce_behavior,train,431,C08624,0.0
ch2_ecommerce_behavior,train,432,C06410,1.0
ch2_ecommerce_behavior,train,433,C01216,1.0
ch2_ecommerce_behavior,train,434,C01491,1.0
ch2_ecommerce_behavior,train,435,C05654,0.0
ch2_ecommerce_behavior,train,436,C03276,0.0
ch2_ecommerce_behavior,train,437,C09632,0.0
ch2_ecommerce_behavior,train,438,C07270,0.0
ch2_ecommerce_behavior,train,439,C04394,0.0
ch2_ecommerce_behavior,train,440,C02614,0.0
ch2_ecommerce_behavior,train,441,C02786,0.0
ch2_ecommerce_behavior,train,442,C09029,1.0
ch2_ecommerce_behavior,train,443,C08927,0.0
ch2_ecommerce_behavior,train,444,C00336,1.0
ch2_ecommerce_behavior,train,445,C08463,0.0
ch2_ecommerce_behavior,train,446,C09364,0.0
ch2_ecommerce_behavior,train,447,C04865,0.0
ch2_ecommerce_behavior,train,448,C09819,0.0
ch2_ecommerce_behavior,train,449,C07230,0.0
ch2_ecommerce_behavior,train,450,C04115,1.0
ch2_ecommerce_behavior,train,451,C07197,0.0
ch2_ecommerce_behavior,train,452,C05287,0.0
ch2_ecommerce_behavior,train,453,C09445,0.0
ch2_ecommerce_behavior,train,454,C08263,0.0
ch2_ecommerce_behavior,train,455,C05083,0.0
ch2_ecommerce_behavior,train,456,C05263,0.0
ch2_ecommerce_behavior,train,457,C08025,0.0
ch2_ecommerce_behavior,train,458,C09341,0.0
ch2_ecommerce_behavior,train,459,C00085,0.0
ch2_ecommerce_behavior,train,460,C06756,0.0
ch2_ecommerce_behavior,train,461,C04930,0.0
ch2_ecommerce_behavior,train,462,C07009,0.0
ch2_ecommerce_behavior,train,463,C00918,0.0
ch2_ecommerce_behavior,train,464,C08854,0.0
ch2_ecommerce_behavior,train,465,C06120,0.0
ch2_ecommerce_behavior,train,466,C06917,0.0
ch2_ecommerce_behavior,train,467,C09728,0.0
ch2_ecommerce_behavior,train,468,C03240,0.0
ch2_ecommerce_behavior,train,469,C03736,1.0
ch2_ecommerce_behavior,train,470,C02463,0.0
ch2_ecommerce_behavior,train,471,C04728,1.0
ch2_ecommerce_behavior,train,472,C08892,0.0
ch2_ecommerce_behavior,train,473,C00969,0.0
ch2_ecommerce_behavior,train,474,C04086,1.0
ch2_ecommerce_behavior,train,475,C04114,0.0
ch2_ecommerce_behavior,train,476,C04654,0.0
ch2_ecommerce_behavior,train,477,C05308,0.0
ch2_ecommerce_behavior,train,478,C07791,0.0
ch2_ecommerce_behavior,train,479,C07988,1.0
ch2_ecommerce_behavior,train,480,C00732,1.0
ch2_ecommerce_behavior,train,481,C02553,1.0
ch2_ecommerce_behavior,train,482,C03811,0.0
ch2_ecommerce_behavior,train,483,C01643,0.0
ch2_ecommerce_behavior,train,484,C00391,1.0
ch2_ecommerce_behavior,train,485,C02767,0.0
ch2_ecommerce_behavior,train,486,C00090,0.0
ch2_ecommerce_behavior,train,487,C08614,1.0
ch2_ecommerce_behavior,train,488,C02977,0.0
ch2_ecommerce_behavior,train,489,C06196,0.0
ch2_ecommerce_behavior,train,490,C01627,0.0
ch2_ecommerce_behavior,train,491,C09708,1.0
ch2_ecommerce_behavior,train,492,C07122,1.0
ch2_ecommerce_behavior,train,493,C00100,0.0
ch2_ecommerce_behavior,train,494,C01695,0.0
ch2_ecommerce_behavior,train,495,C08318,0.0
ch2_ecommerce_behavior,train,496,C02385,0.0
ch2_ecommerce_behavior,train,497,C03191,0.0
ch2_ecommerce_behavior,train,498,C03843,1.0
ch2_ecommerce_behavior,train,499,C08922,0.0
ch2_ecommerce_behavior,train,500,C08145,0.0
ch2_ecommerce_behavior,train,501,C02301,1.0
ch2_ecommerce_behavior,train,502,C00435,0.0
ch2_ecommerce_behavior,train,503,C01508,0.0
ch2_ecommerce_behavior,train,504,C08436,0.0
ch2_ecommerce_behavior,train,505,C06640,0.0
ch2_ecommerce_behavior,train,506,C01600,0.0
ch2_ecommerce_behavior,train,507,C04929,1.0
ch2_ecommerce_behavior,train,508,C02490,1.0
ch2_ecommerce_behavior,train,509,C00749,1.0
ch2_ecommerce_behavior,train,510,C00521,0.0
ch2_ecommerce_behavior,train,511,C00796,1.0
ch2_ecommerce_behavior,train,512,C06156,0.0
ch2_ecommerce_behavior,train,513,C03449,0.0
ch2_ecommerce_behavior,train,514,C07035,0.0
ch2_ecommerce_behavior,train,515,C04527,0.0
ch2_ecommerce_behavior,train,516,C03983,1.0
ch2_ecommerce_behavior,train,517,C04247,0.0
ch2_ecommerce_behavior,train,518,C08013,0.0
ch2_ecommerce_behavior,train,519,C09023,0.0
ch2_ecommerce_behavior,train,520,C06897,0.0
ch2_ecommerce_behavior,train,521,C00045,0.0
ch2_ecommerce_behavior,train,522,C02049,0.0
ch2_ecommerce_behavior,train,523,C03570,0.0
ch2_ecommerce_behavior,train,524,C02387,0.0
ch2_ecommerce_behavior,train,525,C08669,0.0
ch2_ecommerce_behavior,train,526,C02980,0.0
ch2_ecommerce_behavior,train,527,C08320,0.0
ch2_ecommerce_behavior,train,528,C08522,0.0
ch2_ecommerce_behavior,train,529,C05740,1.0
ch2_ecommerce_behavior,train,530,C07621,1.0
ch2_ecommerce_behavior,train,531,C02682,0.0
ch2_ecommerce_behavior,train,532,C05124,0.0
ch2_ecommerce_behavior,train,533,C08831,0.0
ch2_ecommerce_behavior,train,534,C00211,0.0
ch2_ecommerce_behavior,train,535,C00342,0.0
ch2_ecommerce_behavior,train,536,C01844,0.0
ch2_ecommerce_behavior,train,537,C09818,0.0
ch2_ecommerce_behavior,train,538,C04191,0.0
ch2_ecommerce_behavior,train,539,C09297,0.0
ch2_ecommerce_behavior,train,540,C08871,0.0
ch2_ecommerce_behavior,train,541,C00329,0.0
ch2_ecommerce_behavior,train,542,C06615,1.0
ch2_ecommerce_behavior,train,543,C02667,0.0
ch2_ecommerce_behavior,train,544,C09130,0.0
ch2_ecommerce_behavior,train,545,C03116,1.0
ch2_ecommerce_behavior,train,546,C08735,0.0
ch2_ecommerce_behavior,train,547,C00419,0.0
ch2_ecommerce_behavior,train,548,C08394,0.0
ch2_ecommerce_behavior,train,549,C00666,0.0
ch2_ecommerce_behavior,train,550,C00312,1.0
ch2_ecommerce_behavior,train,551,C08504,0.0
ch2_ecommerce_behavior,train,552,C05137,1.0
ch2_ecommerce_behavior,train,553,C01400,1.0
ch2_ecommerce_behavior,train,554,C08031,0.0
ch2_ecommerce_behavior,train,555,C07702,0.0
ch2_ecommerce_behavior,train,556,C04873,0.0
ch2_ecommerce_behavior,train,557,C09995,0.0
ch2_ecommerce_behavior,train,558,C06287,0.0
ch2_ecommerce_behavior,train,559,C01420,0.0
ch2_ecommerce_behavior,train,560,C05928,0.0
ch2_ecommerce_behavior,train,561,C08194,0.0
ch2_ecommerce_behavior,train,562,C07159,0.0
ch2_ecommerce_behavior,train,563,C09640,0.0
ch2_ecommerce_behavior,train,564,C04251,0.0
ch2_ecommerce_behavior,train,565,C03593,1.0
ch2_ecommerce_behavior,train,566,C01873,0.0
ch2_ecommerce_behavior,train,567,C06366,0.0
ch2_ecommerce_behavior,train,568,C09287,0.0
ch2_ecommerce_behavior,train,569,C02151,0.0
ch2_ecommerce_behavior,train,570,C04444,1.0
ch2_ecommerce_behavior,train,571,C00165,1.0
ch2_ecommerce_behavior,train,572,C06399,0.0
ch2_ecommerce_behavior,train,573,C09581,0.0
ch2_ecommerce_behavior,train,574,C06447,0.0
ch2_ecommerce_behavior,train,575,C04524,0.0
ch2_ecommerce_behavior,train,576,C02953,0.0
ch2_ecommerce_behavior,train,577,C03293,0.0
ch2_ecommerce_behavior,train,578,C08788,0.0
ch2_ecommerce_behavior,train,579,C04064,1.0
ch2_ecommerce_behavior,train,580,C02467,0.0
ch2_ecommerce_behavior,train,581,C07277,0.0
ch2_ecommerce_behavior,train,582,C00576,0.0
ch2_ecommerce_behavior,train,583,C07969,0.0
ch2_ecommerce_behavior,train,584,C03118,0.0
ch2_ecommerce_behavior,train,585,C05257,0.0
ch2_ecommerce_behavior,train,586,C00582,0.0
ch2_ecommerce_behavior,train,587,C06521,0.0
ch2_ecommerce_behavior,train,588,C06825,0.0
ch2_ecommerce_behavior,train,589,C07072,1.0
ch2_ecommerce_behavior,train,590,C01056,0.0
ch2_ecommerce_behavior,train,591,C09500,0.0
ch2_ecommerce_behavior,train,592,C06211,0.0
ch2_ecommerce_behavior,train,593,C02419,0.0
ch2_ecommerce_behavior,train,594,C04780,0.0
ch2_ecommerce_behavior,train,595,C07052,0.0
ch2_ecommerce_behavior,train,596,C00836,0.0
ch2_ecommerce_behavior,train,597,C04756,0.0
ch2_ecommerce_behavior,train,598,C06122,0.0
ch2_ecommerce_behavior,train,599,C00005,1.0
ch2_ecommerce_behavior,train,600,C04546,0.0
ch2_ecommerce_behavior,train,601,C08791,0.0
ch2_ecommerce_behavior,train,602,C03999,0.0
ch2_ecommerce_behavior,train,603,C04525,1.0
ch2_ecommerce_behavior,train,604,C05334,0.0
ch2_ecommerce_behavior,train,605,C02109,1.0
ch2_ecommerce_behavior,train,606,C05985,0.0
ch2_ecommerce_behavior,train,607,C01875,0.0
ch2_ecommerce_behavior,train,608,C01050,0.0
ch2_ecommerce_behavior,train,609,C07161,0.0
ch2_ecommerce_behavior,train,610,C03132,0.0
ch2_ecommerce_behavior,train,611,C06535,0.0
ch2_ecommerce_behavior,train,612,C03847,0.0
ch2_ecommerce_behavior,train,613,C09369,0.0
ch2_ecommerce_behavior,train,614,C08359,1.0
ch2_ecommerce_behavior,train,615,C03187,0.0
ch2_ecommerce_behavior,train,616,C05657,0.0
ch2_ecommerce_behavior,train,617,C07502,0.0
ch2_ecommerce_behavior,train,618,C09248,0.0
ch2_ecommerce_behavior,train,619,C04446,1.0
ch2_ecommerce_behavior,train,620,C07253,1.0
ch2_ecommerce_behavior,train,621,C01859,1.0
ch2_ecommerce_behavior,train,622,C09228,0.0
ch2_ecommerce_behavior,train,623,C07437,0.0
ch2_ecommerce_behavior,train,624,C06338,1.0
ch2_ecommerce_behavior,train,625,C08015,0.0
ch2_ecommerce_behavior,train,626,C06013,0.0
ch2_ecommerce_behavior,train,627,C07018,0.0
ch2_ecommerce_behavior,train,628,C06546,1.0
ch2_ecommerce_behavior,train,629,C03165,0.0
ch2_ecommerce_behavior,train,630,C08947,0.0
ch2_ecommerce_behavior,train,631,C03454,0.0
ch2_ecommerce_behavior,train,632,C04124,1.0
ch2_ecommerce_behavior,train,633,C07804,0.0
ch2_ecommerce_behavior,train,634,C02684,1.0
ch2_ecommerce_behavior,train,635,C07915,0.0
ch2_ecommerce_behavior,train,636,C02102,0.0
ch2_ecommerce_behavior,train,637,C08166,0.0
ch2_ecommerce_behavior,train,638,C00135,0.0
ch2_ecommerce_behavior,train,639,C07308,0.0
ch2_ecommerce_behavior,train,640,C01833,0.0
ch2_ecommerce_behavior,train,641,C02965,0.0
ch2_ecommerce_behavior,train,642,C00999,0.0
ch2_ecommerce_behavior,train,643,C01907,0.0
ch2_ecommerce_behavior,train,644,C09619,0.0
ch2_ecommerce_behavior,train,645,C05392,0.0
ch2_ecommerce_behavior,train,646,C01286,0.0
ch2_ecommerce_behavior,train,647,C04847,0.0
ch2_ecommerce_behavior,train,648,C04576,0.0
ch2_ecommerce_behavior,train,649,C00371,0.0
ch2_ecommerce_behavior,train,650,C04823,0.0
ch2_ecommerce_behavior,train,651,C02784,0.0
ch2_ecommerce_behavior,train,652,C01068,0.0
ch2_ecommerce_behavior,train,653,C09079,0.0
ch2_ecommerce_behavior,train,654,C05283,0.0
ch2_ecommerce_behavior,train,655,C02342,0.0
ch2_ecommerce_behavior,train,656,C04925,0.0
ch2_ecommerce_behavior,train,657,C03014,0.0
ch2_ecommerce_behavior,train,658,C03403,0.0
ch2_ecommerce_behavior,train,659,C05730,0.0
ch2_ecommerce_behavior,train,660,C01594,0.0
ch2_ecommerce_behavior,train,661,C04771,0.0
ch2_ecommerce_behavior,train,662,C05210,0.0
ch2_ecommerce_behavior,train,663,C07433,0.0
ch2_ecommerce_behavior,train,664,C07372,0.0
ch2_ecommerce_behavior,train,665,C08273,0.0
ch2_ecommerce_behavior,train,666,C04909,0.0
ch2_ecommerce_behavior,train,667,C00101,0.0
ch2_ecommerce_behavior,train,668,C02401,0.0
ch2_ecommerce_behavior,train,669,C07851,0.0
ch2_ecommerce_behavior,train,670,C07603,0.0
ch2_ecommerce_behavior,train,671,C06089,0.0
ch2_ecommerce_behavior,train,672,C03130,0.0
ch2_ecommerce_behavior,train,673,C01242,0.0
ch2_ecommerce_behavior,train,674,C05046,0.0
ch2_ecommerce_behavior,train,675,C09744,0.0
ch2_ecommerce_behavior,train,676,C01527,1.0
ch2_ecommerce_behavior,train,677,C06490,0.0
ch2_ecommerce_behavior,train,678,C01544,0.0
ch2_ecommerce_behavior,train,679,C01814,0.0
ch2_ecommerce_behavior,train,680,C06532,0.0
ch2_ecommerce_behavior,train,681,C06225,0.0
ch2_ecommerce_behavior,train,682,C04964,0.0
ch2_ecommerce_behavior,train,683,C06818,1.0
ch2_ecommerce_behavior,train,684,C09899,0.0
ch2_ecommerce_behavior,train,685,C00785,0.0
ch2_ecommerce_behavior,train,686,C00057,0.0
ch2_ecommerce_behavior,train,687,C08584,1.0
ch2_ecommerce_behavior,train,688,C08821,0.0
ch2_ecommerce_behavior,train,689,C05018,0.0
ch2_ecommerce_behavior,train,690,C01777,1.0
ch2_ecommerce_behavior,train,691,C01312,0.0
ch2_ecommerce_behavior,train,692,C06772,0.0
ch2_ecommerce_behavior,train,693,C06067,0.0
ch2_ecommerce_behavior,train,694,C05275,0.0
ch2_ecommerce_behavior,train,695,C08216,0.0
ch2_ecommerce_behavior,train,696,C05531,0.0
ch2_ecommerce_behavior,train,697,C01626,0.0
ch2_ecommerce_behavior,train,698,C04861,0.0
ch2_ecommerce_behavior,train,699,C00341,0.0
ch2_ecommerce_behavior,train,700,C05351,0.0
ch2_ecommerce_behavior,train,701,C07830,0.0
ch2_ecommerce_behavior,train,702,C09758,0.0
ch2_ecommerce_behavior,train,703,C01446,0.0
ch2_ecommerce_behavior,train,704,C05980,0.0
ch2_ecommerce_behavior,train,705,C08853,0.0
ch2_ecommerce_behavior,train,706,C00194,0.0
ch2_ecommerce_behavior,train,707,C07246,0.0
ch2_ecommerce_behavior,train,708,C01593,0.0
ch2_ecommerce_behavior,train,709,C01399,0.0
ch2_ecommerce_behavior,train,710,C05620,0.0
ch2_ecommerce_behavior,train,711,C07814,0.0
ch2_ecommerce_behavior,train,712,C06611,0.0
ch2_ecommerce_behavior,train,713,C01699,1.0
ch2_ecommerce_behavior,train,714,C01788,0.0
ch2_ecommerce_behavior,train,715,C04644,0.0
ch2_ecommerce_behavior,train,716,C04853,0.0
ch2_ecommerce_behavior,train,717,C08026,0.0
ch2_ecommerce_behavior,train,718,C05075,0.0
ch2_ecommerce_behavior,train,719,C07345,0.0
ch2_ecommerce_behavior,train,720,C01294,0.0
ch2_ecommerce_behavior,train,721,C00262,0.0
ch2_ecommerce_behavior,train,722,C06908,1.0
ch2_ecommerce_behavior,train,723,C03715,0.0
ch2_ecommerce_behavior,train,724,C03234,0.0
ch2_ecommerce_behavior,train,725,C09706,0.0
ch2_ecommerce_behavior,train,726,C01227,0.0
ch2_ecommerce_behavior,train,727,C08556,0.0
ch2_ecommerce_behavior,train,728,C08745,0.0
ch2_ecommerce_behavior,train,729,C07982,0.0
ch2_ecommerce_behavior,train,730,C04439,1.0
ch2_ecommerce_behavior,train,731,C03850,0.0
ch2_ecommerce_behavior,train,732,C01688,1.0
ch2_ecommerce_behavior,train,733,C09614,1.0
ch2_ecommerce_behavior,train,734,C09397,0.0
ch2_ecommerce_behavior,train,735,C06259,0.0
ch2_ecommerce_behavior,train,736,C09863,1.0
ch2_ecommerce_behavior,train,737,C00484,0.0
ch2_ecommerce_behavior,train,738,C00301,0.0
ch2_ecommerce_behavior,train,739,C00824,0.0
ch2_ecommerce_behavior,train,740,C03420,0.0
ch2_ecommerce_behavior,train,741,C09919,0.0
ch2_ecommerce_behavior,train,742,C07999,0.0
ch2_ecommerce_behavior,train,743,C00240,1.0
ch2_ecommerce_behavior,train,744,C02564,0.0
ch2_ecommerce_behavior,train,745,C05424,0.0
ch2_ecommerce_behavior,train,746,C08984,0.0
ch2_ecommerce_behavior,train,747,C09018,0.0
ch2_ecommerce_behavior,train,748,C05314,0.0
ch2_ecommerce_behavior,train,749,C09184,0.0
ch2_ecommerce_behavior,train,750,C04436,0.0
ch2_ecommerce_behavior,train,751,C03743,1.0
ch2_ecommerce_behavior,train,752,C00581,1.0
ch2_ecommerce_behavior,train,753,C03818,0.0
ch2_ecommerce_behavior,train,754,C06437,0.0
ch2_ecommerce_behavior,train,755,C04347,0.0
ch2_ecommerce_behavior,train,756,C05795,0.0
ch2_ecommerce_behavior,train,757,C04634,0.0
ch2_ecommerce_behavior,train,758,C08464,0.0
ch2_ecommerce_behavior,train,759,C09711,0.0
ch2_ecommerce_behavior,train,760,C03558,0.0
ch2_ecommerce_behavior,train,761,C00973,0.0
ch2_ecommerce_behavior,train,762,C09432,1.0
ch2_ecommerce_behavior,train,763,C02884,0.0
ch2_ecommerce_behavior,train,764,C04712,0.0
ch2_ecommerce_behavior,train,765,C07425,1.0
ch2_ecommerce_behavior,train,766,C06460,0.0
ch2_ecommerce_behavior,train,767,C06849,1.0
ch2_ecommerce_behavior,train,768,C09121,0.0
ch2_ecommerce_behavior,train,769,C05573,0.0
ch2_ecommerce_behavior,train,770,C00482,0.0
ch2_ecommerce_behavior,train,771,C05434,0.0
ch2_ecommerce_behavior,train,772,C07633,0.0
ch2_ecommerce_behavior,train,773,C04198,0.0
ch2_ecommerce_behavior,train,774,C02489,0.0
ch2_ecommerce_behavior,train,775,C02178,0.0
ch2_ecommerce_behavior,train,776,C03127,0.0
ch2_ecommerce_behavior,train,777,C07570,1.0
ch2_ecommerce_behavior,train,778,C06176,0.0
ch2_ecommerce_behavior,train,779,C00846,0.0
ch2_ecommerce_behavior,train,780,C09807,1.0
ch2_ecommerce_behavior,train,781,C01119,0.0
ch2_ecommerce_behavior,train,782,C06072,1.0
ch2_ecommerce_behavior,train,783,C01427,0.0
ch2_ecommerce_behavior,train,784,C01098,0.0
ch2_ecommerce_behavior,train,785,C06710,0.0
ch2_ecommerce_behavior,train,786,C09870,0.0
ch2_ecommerce_behavior,train,787,C01767,0.0
ch2_ecommerce_behavior,train,788,C03659,0.0
ch2_ecommerce_behavior,train,789,C00974,0.0
ch2_ecommerce_behavior,train,790,C00980,1.0
ch2_ecommerce_behavior,train,791,C09624,0.0
ch2_ecommerce_behavior,train,792,C08084,0.0
ch2_ecommerce_behavior,train,793,C07541,0.0
ch2_ecommerce_behavior,train,794,C09665,0.0
ch2_ecommerce_behavior,train,795,C01957,1.0
ch2_ecommerce_behavior,train,796,C02318,0.0
ch2_ecommerce_behavior,train,797,C08132,0.0
ch2_ecommerce_behavior,train,798,C05807,0.0
ch2_ecommerce_behavior,train,799,C03447,0.0
ch2_ecommerce_behavior,train,800,C06656,0.0
ch2_ecommerce_behavior,train,801,C05721,0.0
ch2_ecommerce_behavior,train,802,C04700,1.0
ch2_ecommerce_behavior,train,803,C02709,0.0
ch2_ecommerce_behavior,train,804,C08793,1.0
ch2_ecommerce_behavior,train,805,C09381,0.0
ch2_ecommerce_behavior,train,806,C09540,1.0
ch2_ecommerce_behavior,train,807,C06039,0.0
ch2_ecommerce_behavior,train,808,C08824,0.0
ch2_ecommerce_behavior,train,809,C09236,0.0
ch2_ecommerce_behavior,train,810,C05684,0.0
ch2_ecommerce_behavior,train,811,C02635,0.0
ch2_ecommerce_behavior,train,812,C05221,1.0
ch2_ecommerce_behavior,train,813,C09735,0.0
ch2_ecommerce_behavior,train,814,C02061,1.0
ch2_ecommerce_behavior,train,815,C04628,1.0
ch2_ecommerce_behavior,train,816,C02420,1.0
ch2_ecommerce_behavior,train,817,C05240,0.0
ch2_ecommerce_behavior,train,818,C00475,0.0
ch2_ecommerce_behavior,train,819,C04221,0.0
ch2_ecommerce_behavior,train,820,C05222,0.0
ch2_ecommerce_behavior,train,821,C02820,0.0
ch2_ecommerce_behavior,train,822,C09953,0.0
ch2_ecommerce_behavior,train,823,C07085,0.0
ch2_ecommerce_behavior,train,824,C00294,0.0
ch2_ecommerce_behavior,train,825,C06312,0.0
ch2_ecommerce_behavior,train,826,C04113,0.0
ch2_ecommerce_behavior,train,827,C00876,0.0
ch2_ecommerce_behavior,train,828,C05319,0.0
ch2_ecommerce_behavior,train,829,C09017,0.0
ch2_ecommerce_behavior,train,830,C01982,0.0
ch2_ecommerce_behavior,train,831,C06291,0.0
ch2_ecommerce_behavior,train,832,C09358,0.0
ch2_ecommerce_behavior,train,833,C04392,0.0
ch2_ecommerce_behavior,train,834,C09938,0.0
ch2_ecommerce_behavior,train,835,C03687,1.0
ch2_ecommerce_behavior,train,836,C07524,0.0
ch2_ecommerce_behavior,train,837,C08133,0.0
ch2_ecommerce_behavior,train,838,C09564,0.0
ch2_ecommerce_behavior,train,839,C02492,1.0
ch2_ecommerce_behavior,train,840,C05218,1.0
ch2_ecommerce_behavior,train,841,C03232,1.0
ch2_ecommerce_behavior,train,842,C00522,0.0
ch2_ecommerce_behavior,train,843,C09440,0.0
ch2_ecommerce_behavior,train,844,C08589,0.0
ch2_ecommerce_behavior,train,845,C00757,0.0
ch2_ecommerce_behavior,train,846,C07571,0.0
ch2_ecommerce_behavior,train,847,C02775,0.0
ch2_ecommerce_behavior,train,848,C00902,0.0
ch2_ecommerce_behavior,train,849,C06673,0.0
ch2_ecommerce_behavior,train,850,C00040,0.0
ch2_ecommerce_behavior,train,851,C05037,0.0
ch2_ecommerce_behavior,train,852,C07820,0.0
ch2_ecommerce_behavior,train,853,C04626,0.0
ch2_ecommerce_behavior,train,854,C01674,0.0
ch2_ecommerce_behavior,train,855,C07743,0.0
ch2_ecommerce_behavior,train,856,C03479,0.0
ch2_ecommerce_behavior,train,857,C01903,0.0
ch2_ecommerce_behavior,train,858,C09456,0.0
ch2_ecommerce_behavior,train,859,C04193,0.0
ch2_ecommerce_behavior,train,860,C05564,0.0
ch2_ecommerce_behavior,train,861,C01835,0.0
ch2_ecommerce_behavior,train,862,C07103,0.0
ch2_ecommerce_behavior,train,863,C05618,0.0
ch2_ecommerce_behavior,train,864,C02528,0.0
ch2_ecommerce_behavior,train,865,C03541,0.0
ch2_ecommerce_behavior,train,866,C02694,0.0
ch2_ecommerce_behavior,train,867,C08090,0.0
ch2_ecommerce_behavior,train,868,C00877,0.0
ch2_ecommerce_behavior,train,869,C08775,0.0
ch2_ecommerce_behavior,train,870,C01522,0.0
ch2_ecommerce_behavior,train,871,C01340,0.0
ch2_ecommerce_behavior,train,872,C01063,0.0
ch2_ecommerce_behavior,train,873,C07730,0.0
ch2_ecommerce_behavior,train,874,C09817,0.0
ch2_ecommerce_behavior,train,875,C02309,0.0
ch2_ecommerce_behavior,train,876,C05397,0.0
ch2_ecommerce_behavior,train,877,C06841,1.0
ch2_ecommerce_behavior,train,878,C08228,0.0
ch2_ecommerce_behavior,train,879,C03155,1.0
ch2_ecommerce_behavior,train,880,C01374,1.0
ch2_ecommerce_behavior,train,881,C07366,0.0
ch2_ecommerce_behavior,train,882,C02160,0.0
ch2_ecommerce_behavior,train,883,C01053,0.0
ch2_ecommerce_behavior,train,884,C05417,0.0
ch2_ecommerce_behavior,train,885,C06516,0.0
ch2_ecommerce_behavior,train,886,C01838,0.0
ch2_ecommerce_behavior,train,887,C07312,0.0
ch2_ecommerce_behavior,train,888,C04066,0.0
ch2_ecommerce_behavior,train,889,C00625,0.0
ch2_ecommerce_behavior,train,890,C09534,0.0
ch2_ecommerce_behavior,train,891,C07000,0.0
ch2_ecommerce_behavior,train,892,C03846,0.0
ch2_ecommerce_behavior,train,893,C04687,0.0
ch2_ecommerce_behavior,train,894,C07096,0.0
ch2_ecommerce_behavior,train,895,C06031,0.0
ch2_ecommerce_behavior,train,896,C01587,0.0
ch2_ecommerce_behavior,train,897,C01824,0.0
ch2_ecommerce_behavior,train,898,C05606,1.0
ch2_ecommerce_behavior,train,899,C01204,0.0
ch2_ecommerce_behavior,train,900,C08161,0.0
ch2_ecommerce_behavior,train,901,C01065,0.0
ch2_ecommerce_behavior,train,902,C01444,0.0
ch2_ecommerce_behavior,train,903,C07040,0.0
ch2_ecommerce_behavior,train,904,C00290,0.0
ch2_ecommerce_behavior,train,905,C02038,1.0
ch2_ecommerce_behavior,train,906,C08596,0.0
ch2_ecommerce_behavior,train,907,C05596,0.0
ch2_ecommerce_behavior,train,908,C07724,0.0
ch2_ecommerce_behavior,train,909,C08523,0.0
ch2_ecommerce_behavior,train,910,C08004,0.0
ch2_ecommerce_behavior,train,911,C01872,1.0
ch2_ecommerce_behavior,train,912,C08569,0.0
ch2_ecommerce_behavior,train,913,C02722,1.0
ch2_ecommerce_behavior,train,914,C02581,0.0
ch2_ecommerce_behavior,train,915,C02330,0.0
ch2_ecommerce_behavior,train,916,C05171,0.0
ch2_ecommerce_behavior,train,917,C06660,0.0
ch2_ecommerce_behavior,train,918,C03027,0.0
ch2_ecommerce_behavior,train,919,C07182,0.0
ch2_ecommerce_behavior,train,920,C06562,0.0
ch2_ecommerce_behavior,train,921,C03183,0.0
ch2_ecommerce_behavior,train,922,C07957,0.0
ch2_ecommerce_behavior,train,923,C08727,1.0
ch2_ecommerce_behavior,train,924,C09476,0.0
ch2_ecommerce_behavior,train,925,C02271,0.0
ch2_ecommerce_behavior,train,926,C03905,0.0
ch2_ecommerce_behavior,train,927,C08241,1.0
ch2_ecommerce_behavior,train,928,C06472,0.0
ch2_ecommerce_behavior,train,929,C01395,0.0
ch2_ecommerce_behavior,train,930,C03714,0.0
ch2_ecommerce_behavior,train,931,C05785,0.0
ch2_ecommerce_behavior,train,932,C06953,0.0
ch2_ecommerce_behavior,train,933,C04205,0.0
ch2_ecommerce_behavior,train,934,C07520,0.0
ch2_ecommerce_behavior,train,935,C01630,0.0
ch2_ecommerce_behavior,train,936,C05616,0.0
ch2_ecommerce_behavior,train,937,C04263,0.0
ch2_ecommerce_behavior,train,938,C07419,0.0
ch2_ecommerce_behavior,train,939,C05165,0.0
ch2_ecommerce_behavior,train,940,C05328,0.0
ch2_ecommerce_behavior,train,941,C04664,0.0
ch2_ecommerce_behavior,train,942,C02881,0.0
ch2_ecommerce_behavior,train,943,C03964,0.0
ch2_ecommerce_behavior,train,944,C04548,0.0
ch2_ecommerce_behavior,train,945,C02970,0.0
ch2_ecommerce_behavior,train,946,C04965,1.0
ch2_ecommerce_behavior,train,947,C04802,1.0
ch2_ecommerce_behavior,train,948,C09075,1.0
ch2_ecommerce_behavior,train,949,C01979,0.0
ch2_ecommerce_behavior,train,950,C05173,1.0
ch2_ecommerce_behavior,train,951,C00226,0.0
ch2_ecommerce_behavior,train,952,C02275,0.0
ch2_ecommerce_behavior,train,953,C04857,0.0
ch2_ecommerce_behavior,train,954,C02161,0.0
ch2_ecommerce_behavior,train,955,C01156,0.0
ch2_ecommerce_behavior,train,956,C06810,0.0
ch2_ecommerce_behavior,train,957,C06914,1.0
ch2_ecommerce_behavior,train,958,C02410,0.0
ch2_ecommerce_behavior,train,959,C01288,0.0
ch2_ecommerce_behavior,train,960,C01320,0.0
ch2_ecommerce_behavior,train,961,C05806,0.0
ch2_ecommerce_behavior,train,962,C03317,0.0
ch2_ecommerce_behavior,train,963,C03166,0.0
ch2_ecommerce_behavior,train,964,C01321,0.0
ch2_ecommerce_behavior,train,965,C07964,0.0
ch2_ecommerce_behavior,train,966,C03354,0.0
ch2_ecommerce_behavior,train,967,C01413,0.0
ch2_ecommerce_behavior,train,968,C05086,0.0
ch2_ecommerce_behavior,train,969,C02901,0.0
ch2_ecommerce_behavior,train,970,C02210,0.0
ch2_ecommerce_behavior,train,971,C02039,0.0
ch2_ecommerce_behavior,train,972,C06527,0.0
ch2_ecommerce_behavior,train,973,C03365,0.0
ch2_ecommerce_behavior,train,974,C04550,1.0
ch2_ecommerce_behavior,train,975,C04249,0.0
ch2_ecommerce_behavior,train,976,C02299,0.0
ch2_ecommerce_behavior,train,977,C01597,1.0
ch2_ecommerce_behavior,train,978,C01675,0.0
ch2_ecommerce_behavior,train,979,C00378,0.0
ch2_ecommerce_behavior,train,980,C01988,1.0
ch2_ecommerce_behavior,train,981,C01106,0.0
ch2_ecommerce_behavior,train,982,C07939,1.0
ch2_ecommerce_behavior,train,983,C03056,0.0
ch2_ecommerce_behavior,train,984,C06999,0.0
ch2_ecommerce_behavior,train,985,C08952,0.0
ch2_ecommerce_behavior,train,986,C01141,0.0
ch2_ecommerce_behavior,train,987,C08553,0.0
ch2_ecommerce_behavior,train,988,C08721,1.0
ch2_ecommerce_behavior,train,989,C06309,0.0
ch2_ecommerce_behavior,train,990,C03580,0.0
ch2_ecommerce_behavior,train,991,C06530,0.0
ch2_ecommerce_behavior,train,992,C05005,0.0
ch2_ecommerce_behavior,train,993,C03604,0.0
ch2_ecommerce_behavior,train,994,C01765,1.0
ch2_ecommerce_behavior,train,995,C05472,0.0
ch2_ecommerce_behavior,train,996,C01324,0.0
ch2_ecommerce_behavior,train,997,C04004,0.0
ch2_ecommerce_behavior,train,998,C00540,1.0
ch2_ecommerce_behavior,train,999,C03848,0.0
ch2_ecommerce_behavior,train,1000,C05872,0.0
ch2_ecommerce_behavior,train,1001,C09579,0.0
ch2_ecommerce_behavior,train,1002,C09328,0.0
ch2_ecommerce_behavior,train,1003,C01370,0.0
ch2_ecommerce_behavior,train,1004,C07411,0.0
ch2_ecommerce_behavior,train,1005,C05099,0.0
ch2_ecommerce_behavior,train,1006,C08953,1.0
ch2_ecommerce_behavior,train,1007,C04509,1.0
ch2_ecommerce_behavior,train,1008,C01868,0.0
ch2_ecommerce_behavior,train,1009,C05821,0.0
ch2_ecommerce_behavior,train,1010,C09026,0.0
ch2_ecommerce_behavior,train,1011,C00573,0.0
ch2_ecommerce_behavior,train,1012,C06125,0.0
ch2_ecommerce_behavior,train,1013,C00970,0.0
ch2_ecommerce_behavior,train,1014,C04375,0.0
ch2_ecommerce_behavior,train,1015,C01186,0.0
ch2_ecommerce_behavior,train,1016,C00031,1.0
ch2_ecommerce_behavior,train,1017,C09722,0.0
ch2_ecommerce_behavior,train,1018,C00953,0.0
ch2_ecommerce_behavior,train,1019,C01899,0.0
ch2_ecommerce_behavior,train,1020,C05143,0.0
ch2_ecommerce_behavior,train,1021,C06430,0.0
ch2_ecommerce_behavior,train,1022,C05010,0.0
ch2_ecommerce_behavior,train,1023,C04629,0.0
ch2_ecommerce_behavior,train,1024,C04738,0.0
ch2_ecommerce_behavior,train,1025,C07189,0.0
ch2_ecommerce_behavior,train,1026,C02149,1.0
ch2_ecommerce_behavior,train,1027,C08890,0.0
ch2_ecommerce_behavior,train,1028,C07698,1.0
ch2_ecommerce_behavior,train,1029,C02088,0.0
ch2_ecommerce_behavior,train,1030,C02513,1.0
ch2_ecommerce_behavior,train,1031,C09225,0.0
ch2_ecommerce_behavior,train,1032,C08894,0.0
ch2_ecommerce_behavior,train,1033,C09159,0.0
ch2_ecommerce_behavior,train,1034,C00355,0.0
ch2_ecommerce_behavior,train,1035,C08079,1.0
ch2_ecommerce_behavior,train,1036,C09558,0.0
ch2_ecommerce_behavior,train,1037,C09307,0.0
ch2_ecommerce_behavior,train,1038,C00674,0.0
ch2_ecommerce_behavior,train,1039,C03008,0.0
ch2_ecommerce_behavior,train,1040,C08516,0.0
ch2_ecommerce_behavior,train,1041,C00288,0.0
ch2_ecommerce_behavior,train,1042,C00228,0.0
ch2_ecommerce_behavior,train,1043,C08808,0.0
ch2_ecommerce_behavior,train,1044,C00416,0.0
ch2_ecommerce_behavior,train,1045,C04395,0.0
ch2_ecommerce_behavior,train,1046,C01711,0.0
ch2_ecommerce_behavior,train,1047,C08772,0.0
ch2_ecommerce_behavior,train,1048,C00470,0.0
ch2_ecommerce_behavior,train,1049,C02556,0.0
ch2_ecommerce_behavior,train,1050,C07409,0.0
ch2_ecommerce_behavior,train,1051,C02098,0.0
ch2_ecommerce_behavior,train,1052,C03135,0.0
ch2_ecommerce_behavior,train,1053,C00249,0.0
ch2_ecommerce_behavior,train,1054,C07036,0.0
ch2_ecommerce_behavior,train,1055,C04706,0.0
ch2_ecommerce_behavior,train,1056,C03242,0.0
ch2_ecommerce_behavior,train,1057,C06282,0.0
ch2_ecommerce_behavior,train,1058,C03903,0.0
ch2_ecommerce_behavior,train,1059,C01775,0.0
ch2_ecommerce_behavior,train,1060,C00362,0.0
ch2_ecommerce_behavior,train,1061,C02662,0.0
ch2_ecommerce_behavior,train,1062,C09823,0.0
ch2_ecommerce_behavior,train,1063,C04688,0.0
ch2_ecommerce_behavior,train,1064,C06229,1.0
ch2_ecommerce_behavior,train,1065,C07716,0.0
ch2_ecommerce_behavior,train,1066,C09305,1.0
ch2_ecommerce_behavior,train,1067,C08987,1.0
ch2_ecommerce_behavior,train,1068,C03617,1.0
ch2_ecommerce_behavior,train,1069,C06889,0.0
ch2_ecommerce_behavior,train,1070,C06100,0.0
ch2_ecommerce_behavior,train,1071,C03167,0.0
ch2_ecommerce_behavior,train,1072,C08018,0.0
ch2_ecommerce_behavior,train,1073,C06703,0.0
ch2_ecommerce_behavior,train,1074,C03139,0.0
ch2_ecommerce_behavior,train,1075,C03248,0.0
ch2_ecommerce_behavior,train,1076,C03770,0.0
ch2_ecommerce_behavior,train,1077,C04579,0.0
ch2_ecommerce_behavior,train,1078,C06101,0.0
ch2_ecommerce_behavior,train,1079,C09210,0.0
ch2_ecommerce_behavior,train,1080,C08205,0.0
ch2_ecommerce_behavior,train,1081,C04072,0.0
ch2_ecommerce_behavior,train,1082,C01030,0.0
ch2_ecommerce_behavior,train,1083,C00607,1.0
ch2_ecommerce_behavior,train,1084,C05190,0.0
ch2_ecommerce_behavior,train,1085,C05522,0.0
ch2_ecommerce_behavior,train,1086,C03381,0.0
ch2_ecommerce_behavior,train,1087,C00747,0.0
ch2_ecommerce_behavior,train,1088,C03115,0.0
ch2_ecommerce_behavior,train,1089,C06016,0.0
ch2_ecommerce_behavior,train,1090,C06451,0.0
ch2_ecommerce_behavior,train,1091,C06960,0.0
ch2_ecommerce_behavior,train,1092,C03610,0.0
ch2_ecommerce_behavior,train,1093,C02807,0.0
ch2_ecommerce_behavior,train,1094,C02848,0.0
ch2_ecommerce_behavior,train,1095,C09686,0.0
ch2_ecommerce_behavior,train,1096,C07347,0.0
ch2_ecommerce_behavior,train,1097,C09833,0.0
ch2_ecommerce_behavior,train,1098,C08225,1.0
ch2_ecommerce_behavior,train,1099,C06551,0.0
ch2_ecommerce_behavior,train,1100,C01215,0.0
ch2_ecommerce_behavior,train,1101,C00055,0.0
ch2_ecommerce_behavior,train,1102,C03495,0.0
ch2_ecommerce_behavior,train,1103,C05338,0.0
ch2_ecommerce_behavior,train,1104,C06192,1.0
ch2_ecommerce_behavior,train,1105,C00694,0.0
ch2_ecommerce_behavior,train,1106,C06524,0.0
ch2_ecommerce_behavior,train,1107,C02969,0.0
ch2_ecommerce_behavior,train,1108,C04538,1.0
ch2_ecommerce_behavior,train,1109,C05473,0.0
ch2_ecommerce_behavior,train,1110,C05803,0.0
ch2_ecommerce_behavior,train,1111,C00771,0.0
ch2_ecommerce_behavior,train,1112,C05281,1.0
ch2_ecommerce_behavior,train,1113,C05844,1.0
ch2_ecommerce_behavior,train,1114,C00361,0.0
ch2_ecommerce_behavior,train,1115,C03796,0.0
ch2_ecommerce_behavior,train,1116,C00591,0.0
ch2_ecommerce_behavior,train,1117,C04690,1.0
ch2_ecommerce_behavior,train,1118,C05411,0.0
ch2_ecommerce_behavior,train,1119,C06762,0.0
ch2_ecommerce_behavior,train,1120,C07318,0.0
ch2_ecommerce_behavior,train,1121,C03159,0.0
ch2_ecommerce_behavior,train,1122,C08244,0.0
ch2_ecommerce_behavior,train,1123,C05370,0.0
ch2_ecommerce_behavior,train,1124,C08220,0.0
ch2_ecommerce_behavior,train,1125,C08048,1.0
ch2_ecommerce_behavior,train,1126,C04272,0.0
ch2_ecommerce_behavior,train,1127,C03958,0.0
ch2_ecommerce_behavior,train,1128,C03158,0.0
ch2_ecommerce_behavior,train,1129,C08738,0.0
ch2_ecommerce_behavior,train,1130,C05448,0.0
ch2_ecommerce_behavior,train,1131,C03021,0.0
ch2_ecommerce_behavior,train,1132,C03880,0.0
ch2_ecommerce_behavior,train,1133,C06501,0.0
ch2_ecommerce_behavior,train,1134,C06428,0.0
ch2_ecommerce_behavior,train,1135,C03948,0.0
ch2_ecommerce_behavior,train,1136,C09724,0.0
ch2_ecommerce_behavior,train,1137,C05658,1.0
ch2_ecommerce_behavior,train,1138,C08676,0.0
ch2_ecommerce_behavior,train,1139,C03922,0.0
ch2_ecommerce_behavior,train,1140,C05724,0.0
ch2_ecommerce_behavior,train,1141,C01656,1.0
ch2_ecommerce_behavior,train,1142,C06858,1.0
ch2_ecommerce_behavior,train,1143,C02223,1.0
ch2_ecommerce_behavior,train,1144,C07168,0.0
ch2_ecommerce_behavior,train,1145,C00900,0.0
ch2_ecommerce_behavior,train,1146,C00326,0.0
ch2_ecommerce_behavior,train,1147,C00080,0.0
ch2_ecommerce_behavior,train,1148,C06645,0.0
ch2_ecommerce_behavior,train,1149,C00214,0.0
ch2_ecommerce_behavior,train,1150,C08705,0.0
ch2_ecommerce_behavior,train,1151,C09409,0.0
ch2_ecommerce_behavior,train,1152,C03396,0.0
ch2_ecommerce_behavior,train,1153,C01998,0.0
ch2_ecommerce_behavior,train,1154,C07533,1.0
ch2_ecommerce_behavior,train,1155,C05713,0.0
ch2_ecommerce_behavior,train,1156,C04460,0.0
ch2_ecommerce_behavior,train,1157,C02451,0.0
ch2_ecommerce_behavior,train,1158,C09246,0.0
ch2_ecommerce_behavior,train,1159,C08956,0.0
ch2_ecommerce_behavior,train,1160,C01781,1.0
ch2_ecommerce_behavior,train,1161,C00014,0.0
ch2_ecommerce_behavior,train,1162,C00667,1.0
ch2_ecommerce_behavior,train,1163,C09014,0.0
ch2_ecommerce_behavior,train,1164,C09528,0.0
ch2_ecommerce_behavior,train,1165,C08776,1.0
ch2_ecommerce_behavior,train,1166,C07315,0.0
ch2_ecommerce_behavior,train,1167,C04093,0.0
ch2_ecommerce_behavior,train,1168,C01966,0.0
ch2_ecommerce_behavior,train,1169,C09785,1.0
ch2_ecommerce_behavior,train,1170,C06112,1.0
ch2_ecommerce_behavior,train,1171,C09410,0.0
ch2_ecommerce_behavior,train,1172,C00554,0.0
ch2_ecommerce_behavior,train,1173,C02535,1.0
ch2_ecommerce_behavior,train,1174,C02896,1.0
ch2_ecommerce_behavior,train,1175,C02741,0.0
ch2_ecommerce_behavior,train,1176,C09925,0.0
ch2_ecommerce_behavior,train,1177,C04401,0.0
ch2_ecommerce_behavior,train,1178,C09078,0.0
ch2_ecommerce_behavior,train,1179,C00889,0.0
ch2_ecommerce_behavior,train,1180,C03011,0.0
ch2_ecommerce_behavior,train,1181,C04831,0.0
ch2_ecommerce_behavior,train,1182,C06453,0.0
ch2_ecommerce_behavior,train,1183,C09680,0.0
ch2_ecommerce_behavior,train,1184,C08769,1.0
ch2_ecommerce_behavior,train,1185,C01861,1.0
ch2_ecommerce_behavior,train,1186,C01059,0.0
ch2_ecommerce_behavior,train,1187,C06733,0.0
ch2_ecommerce_behavior,train,1188,C00320,0.0
ch2_ecommerce_behavior,train,1189,C06791,1.0
ch2_ecommerce_behavior,train,1190,C07456,0.0
ch2_ecommerce_behavior,train,1191,C00768,1.0
ch2_ecommerce_behavior,train,1192,C03878,0.0
ch2_ecommerce_behavior,train,1193,C05155,0.0
ch2_ecommerce_behavior,train,1194,C02030,0.0
ch2_ecommerce_behavior,train,1195,C04851,0.0
ch2_ecommerce_behavior,train,1196,C01625,0.0
ch2_ecommerce_behavior,train,1197,C09559,1.0
ch2_ecommerce_behavior,train,1198,C01071,0.0
ch2_ecommerce_behavior,train,1199,C07029,0.0
ch2_ecommerce_behavior,train,1200,C02695,1.0
ch2_ecommerce_behavior,train,1201,C09433,0.0
ch2_ecommerce_behavior,train,1202,C04666,0.0
ch2_ecommerce_behavior,train,1203,C05912,0.0
ch2_ecommerce_behavior,train,1204,C03382,0.0
ch2_ecommerce_behavior,train,1205,C05605,0.0
ch2_ecommerce_behavior,train,1206,C04335,0.0
ch2_ecommerce_behavior,train,1207,C04001,0.0
ch2_ecommerce_behavior,train,1208,C02168,0.0
ch2_ecommerce_behavior,train,1209,C00890,0.0
ch2_ecommerce_behavior,train,1210,C07963,0.0
ch2_ecommerce_behavior,train,1211,C02779,1.0
ch2_ecommerce_behavior,train,1212,C04577,1.0
ch2_ecommerce_behavior,train,1213,C09347,0.0
ch2_ecommerce_behavior,train,1214,C09881,0.0
ch2_ecommerce_behavior,train,1215,C08309,0.0
ch2_ecommerce_behavior,train,1216,C07609,0.0
ch2_ecommerce_behavior,train,1217,C07901,0.0
ch2_ecommerce_behavior,train,1218,C00778,1.0
ch2_ecommerce_behavior,train,1219,C03460,0.0
ch2_ecommerce_behavior,train,1220,C07713,0.0
ch2_ecommerce_behavior,train,1221,C00008,0.0
ch2_ecommerce_behavior,train,1222,C01981,0.0
ch2_ecommerce_behavior,train,1223,C02905,0.0
ch2_ecommerce_behavior,train,1224,C09879,0.0
ch2_ecommerce_behavior,train,1225,C07856,1.0
ch2_ecommerce_behavior,train,1226,C07007,0.0
ch2_ecommerce_behavior,train,1227,C04760,0.0
ch2_ecommerce_behavior,train,1228,C08052,1.0
ch2_ecommerce_behavior,train,1229,C02631,0.0
ch2_ecommerce_behavior,train,1230,C03022,1.0
ch2_ecommerce_behavior,train,1231,C08799,0.0
ch2_ecommerce_behavior,train,1232,C05783,0.0
ch2_ecommerce_behavior,train,1233,C06722,0.0
ch2_ecommerce_behavior,train,1234,C09915,0.0
ch2_ecommerce_behavior,train,1235,C08313,0.0
ch2_ecommerce_behavior,train,1236,C09235,0.0
ch2_ecommerce_behavior,train,1237,C00525,0.0
ch2_ecommerce_behavior,train,1238,C03253,0.0
ch2_ecommerce_behavior,train,1239,C03784,0.0
ch2_ecommerce_behavior,train,1240,C08066,1.0
ch2_ecommerce_behavior,train,1241,C01416,0.0
ch2_ecommerce_behavior,train,1242,C04277,0.0
ch2_ecommerce_behavior,train,1243,C09543,0.0
ch2_ecommerce_behavior,train,1244,C07921,0.0
ch2_ecommerce_behavior,train,1245,C05201,0.0
ch2_ecommerce_behavior,train,1246,C08372,0.0
ch2_ecommerce_behavior,train,1247,C01117,0.0
ch2_ecommerce_behavior,train,1248,C09143,0.0
ch2_ecommerce_behavior,train,1249,C04393,0.0
ch2_ecommerce_behavior,train,1250,C01111,0.0
ch2_ecommerce_behavior,train,1251,C04500,0.0
ch2_ecommerce_behavior,train,1252,C02378,0.0
ch2_ecommerce_behavior,train,1253,C05216,0.0
ch2_ecommerce_behavior,train,1254,C05896,0.0
ch2_ecommerce_behavior,train,1255,C03696,1.0
ch2_ecommerce_behavior,train,1256,C02485,1.0
ch2_ecommerce_behavior,train,1257,C03023,0.0
ch2_ecommerce_behavior,train,1258,C09047,1.0
ch2_ecommerce_behavior,train,1259,C07119,0.0
ch2_ecommerce_behavior,train,1260,C00025,0.0
ch2_ecommerce_behavior,train,1261,C01333,1.0
ch2_ecommerce_behavior,train,1262,C09116,0.0
ch2_ecommerce_behavior,train,1263,C04261,0.0
ch2_ecommerce_behavior,train,1264,C06797,0.0
ch2_ecommerce_behavior,train,1265,C07673,0.0
ch2_ecommerce_behavior,train,1266,C00064,1.0
ch2_ecommerce_behavior,train,1267,C04432,0.0
ch2_ecommerce_behavior,train,1268,C02428,0.0
ch2_ecommerce_behavior,train,1269,C05022,0.0
ch2_ecommerce_behavior,train,1270,C05104,0.0
ch2_ecommerce_behavior,train,1271,C00086,0.0
ch2_ecommerce_behavior,train,1272,C06140,1.0
ch2_ecommerce_behavior,train,1273,C09233,0.0
ch2_ecommerce_behavior,train,1274,C08237,0.0
ch2_ecommerce_behavior,train,1275,C09238,0.0
ch2_ecommerce_behavior,train,1276,C07329,0.0
ch2_ecommerce_behavior,train,1277,C08915,0.0
ch2_ecommerce_behavior,train,1278,C02473,0.0
ch2_ecommerce_behavior,train,1279,C08719,1.0
ch2_ecommerce_behavior,train,1280,C08811,0.0
ch2_ecommerce_behavior,train,1281,C00452,0.0
ch2_ecommerce_behavior,train,1282,C04855,0.0
ch2_ecommerce_behavior,train,1283,C07975,0.0
ch2_ecommerce_behavior,train,1284,C00917,0.0
ch2_ecommerce_behavior,train,1285,C02503,0.0
ch2_ecommerce_behavior,train,1286,C06268,0.0
ch2_ecommerce_behavior,train,1287,C01894,0.0
ch2_ecommerce_behavior,train,1288,C02300,0.0
ch2_ecommerce_behavior,train,1289,C06995,0.0
ch2_ecommerce_behavior,train,1290,C01229,0.0
ch2_ecommerce_behavior,train,1291,C01124,0.0
ch2_ecommerce_behavior,train,1292,C08284,0.0
ch2_ecommerce_behavior,train,1293,C06945,0.0
ch2_ecommerce_behavior,train,1294,C02197,0.0
ch2_ecommerce_behavior,train,1295,C05341,0.0
ch2_ecommerce_behavior,train,1296,C01603,0.0
ch2_ecommerce_behavior,train,1297,C07607,0.0
ch2_ecommerce_behavior,train,1298,C01816,0.0
ch2_ecommerce_behavior,train,1299,C01808,1.0
ch2_ecommerce_behavior,train,1300,C06080,0.0
ch2_ecommerce_behavior,train,1301,C02962,0.0
ch2_ecommerce_behavior,train,1302,C02015,1.0
ch2_ecommerce_behavior,train,1303,C00441,1.0
ch2_ecommerce_behavior,train,1304,C09761,1.0
ch2_ecommerce_behavior,train,1305,C01455,0.0
ch2_ecommerce_behavior,train,1306,C00638,0.0
ch2_ecommerce_behavior,train,1307,C08643,0.0
ch2_ecommerce_behavior,train,1308,C05948,0.0
ch2_ecommerce_behavior,train,1309,C00887,0.0
ch2_ecommerce_behavior,train,1310,C05767,0.0
ch2_ecommerce_behavior,train,1311,C03042,0.0
ch2_ecommerce_behavior,train,1312,C07292,0.0
ch2_ecommerce_behavior,train,1313,C02761,0.0
ch2_ecommerce_behavior,train,1314,C06330,0.0
ch2_ecommerce_behavior,train,1315,C01973,0.0
ch2_ecommerce_behavior,train,1316,C05571,0.0
ch2_ecommerce_behavior,train,1317,C09188,0.0
ch2_ecommerce_behavior,train,1318,C00303,0.0
ch2_ecommerce_behavior,train,1319,C04717,1.0
ch2_ecommerce_behavior,train,1320,C08687,0.0
ch2_ecommerce_behavior,train,1321,C02900,0.0
ch2_ecommerce_behavior,train,1322,C02808,0.0
ch2_ecommerce_behavior,train,1323,C09813,0.0
ch2_ecommerce_behavior,train,1324,C00826,0.0
ch2_ecommerce_behavior,train,1325,C07919,0.0
ch2_ecommerce_behavior,train,1326,C01913,0.0
ch2_ecommerce_behavior,train,1327,C07699,1.0
ch2_ecommerce_behavior,train,1328,C00311,0.0
ch2_ecommerce_behavior,train,1329,C03573,0.0
ch2_ecommerce_behavior,train,1330,C01431,0.0
ch2_ecommerce_behavior,train,1331,C06547,0.0
ch2_ecommerce_behavior,train,1332,C02636,0.0
ch2_ecommerce_behavior,train,1333,C03872,1.0
ch2_ecommerce_behavior,train,1334,C03598,0.0
ch2_ecommerce_behavior,train,1335,C02893,0.0
ch2_ecommerce_behavior,train,1336,C06424,0.0
ch2_ecommerce_behavior,train,1337,C08701,0.0
ch2_ecommerce_behavior,train,1338,C06294,0.0
ch2_ecommerce_behavior,train,1339,C06827,0.0
ch2_ecommerce_behavior,train,1340,C01908,0.0
ch2_ecommerce_behavior,train,1341,C03601,0.0
ch2_ecommerce_behavior,train,1342,C07695,0.0
ch2_ecommerce_behavior,train,1343,C02184,0.0
ch2_ecommerce_behavior,train,1344,C05917,0.0
ch2_ecommerce_behavior,train,1345,C05466,0.0
ch2_ecommerce_behavior,train,1346,C04422,0.0
ch2_ecommerce_behavior,train,1347,C09972,1.0
ch2_ecommerce_behavior,train,1348,C02806,0.0
ch2_ecommerce_behavior,train,1349,C06853,0.0
ch2_ecommerce_behavior,train,1350,C00516,0.0
ch2_ecommerce_behavior,train,1351,C03916,0.0
ch2_ecommerce_behavior,train,1352,C01743,0.0
ch2_ecommerce_behavior,train,1353,C05551,0.0
ch2_ecommerce_behavior,train,1354,C03694,1.0
ch2_ecommerce_behavior,train,1355,C09166,0.0
ch2_ecommerce_behavior,train,1356,C03033,0.0
ch2_ecommerce_behavior,train,1357,C08488,0.0
ch2_ecommerce_behavior,train,1358,C08959,1.0
ch2_ecommerce_behavior,train,1359,C06492,0.0
ch2_ecommerce_behavior,train,1360,C01616,0.0
ch2_ecommerce_behavior,train,1361,C03658,0.0
ch2_ecommerce_behavior,train,1362,C06306,1.0
ch2_ecommerce_behavior,train,1363,C09271,0.0
ch2_ecommerce_behavior,train,1364,C06392,0.0
ch2_ecommerce_behavior,train,1365,C06990,0.0
ch2_ecommerce_behavior,train,1366,C01241,1.0
ch2_ecommerce_behavior,train,1367,C06405,0.0
ch2_ecommerce_behavior,train,1368,C08935,1.0
ch2_ecommerce_behavior,train,1369,C08720,0.0
ch2_ecommerce_behavior,train,1370,C07031,0.0
ch2_ecommerce_behavior,train,1371,C06434,0.0
ch2_ecommerce_behavior,train,1372,C00115,0.0
ch2_ecommerce_behavior,train,1373,C02968,0.0
ch2_ecommerce_behavior,train,1374,C03391,0.0
ch2_ecommerce_behavior,train,1375,C06209,0.0
ch2_ecommerce_behavior,train,1376,C08167,0.0
ch2_ecommerce_behavior,train,1377,C09837,0.0
ch2_ecommerce_behavior,train,1378,C09905,0.0
ch2_ecommerce_behavior,train,1379,C08341,0.0
ch2_ecommerce_behavior,train,1380,C05369,0.0
ch2_ecommerce_behavior,train,1381,C03030,0.0
ch2_ecommerce_behavior,train,1382,C02931,0.0
ch2_ecommerce_behavior,train,1383,C04274,1.0
ch2_ecommerce_behavior,train,1384,C02929,0.0
ch2_ecommerce_behavior,train,1385,C04425,0.0
ch2_ecommerce_behavior,train,1386,C02750,0.0
ch2_ecommerce_behavior,train,1387,C04065,0.0
ch2_ecommerce_behavior,train,1388,C03028,0.0
ch2_ecommerce_behavior,train,1389,C02139,0.0
ch2_ecommerce_behavior,train,1390,C09416,0.0
ch2_ecommerce_behavior,train,1391,C09176,0.0
ch2_ecommerce_behavior,train,1392,C03505,0.0
ch2_ecommerce_behavior,train,1393,C00108,0.0
ch2_ecommerce_behavior,train,1394,C02871,0.0
ch2_ecommerce_behavior,train,1395,C08521,0.0
ch2_ecommerce_behavior,train,1396,C08469,0.0
ch2_ecommerce_behavior,train,1397,C06349,0.0
ch2_ecommerce_behavior,train,1398,C01924,1.0
ch2_ecommerce_behavior,train,1399,C02573,0.0
ch2_ecommerce_behavior,train,1400,C02495,0.0
ch2_ecommerce_behavior,train,1401,C08149,0.0
ch2_ecommerce_behavior,train,1402,C00071,1.0
ch2_ecommerce_behavior,train,1403,C03097,0.0
ch2_ecommerce_behavior,train,1404,C04271,0.0
ch2_ecommerce_behavior,train,1405,C08884,0.0
ch2_ecommerce_behavior,train,1406,C05285,0.0
ch2_ecommerce_behavior,train,1407,C03889,1.0
ch2_ecommerce_behavior,train,1408,C08860,0.0
ch2_ecommerce_behavior,train,1409,C01596,0.0
ch2_ecommerce_behavior,train,1410,C06859,0.0
ch2_ecommerce_behavior,train,1411,C02938,0.0
ch2_ecommerce_behavior,train,1412,C09247,1.0
ch2_ecommerce_behavior,train,1413,C09563,0.0
ch2_ecommerce_behavior,train,1414,C05513,0.0
ch2_ecommerce_behavior,train,1415,C02743,0.0
ch2_ecommerce_behavior,train,1416,C03592,0.0
ch2_ecommerce_behavior,train,1417,C05278,0.0
ch2_ecommerce_behavior,train,1418,C03510,0.0
ch2_ecommerce_behavior,train,1419,C02052,0.0
ch2_ecommerce_behavior,train,1420,C06616,1.0
ch2_ecommerce_behavior,train,1421,C02974,0.0
ch2_ecommerce_behavior,train,1422,C07412,0.0
ch2_ecommerce_behavior,train,1423,C03000,0.0
ch2_ecommerce_behavior,train,1424,C04109,0.0
ch2_ecommerce_behavior,train,1425,C06594,1.0
ch2_ecommerce_behavior,train,1426,C09371,0.0
ch2_ecommerce_behavior,train,1427,C00574,0.0
ch2_ecommerce_behavior,train,1428,C04489,0.0
ch2_ecommerce_behavior,train,1429,C07501,0.0
ch2_ecommerce_behavior,train,1430,C00631,0.0
ch2_ecommerce_behavior,train,1431,C04449,0.0
ch2_ecommerce_behavior,train,1432,C09550,0.0
ch2_ecommerce_behavior,train,1433,C00368,0.0
ch2_ecommerce_behavior,train,1434,C02616,1.0
ch2_ecommerce_behavior,train,1435,C04568,0.0
ch2_ecommerce_behavior,train,1436,C09490,0.0
ch2_ecommerce_behavior,train,1437,C06110,1.0
ch2_ecommerce_behavior,train,1438,C06870,0.0
ch2_ecommerce_behavior,train,1439,C02024,0.0
ch2_ecommerce_behavior,train,1440,C01590,0.0
ch2_ecommerce_behavior,train,1441,C07136,1.0
ch2_ecommerce_behavior,train,1442,C06331,0.0
ch2_ecommerce_behavior,train,1443,C08047,0.0
ch2_ecommerce_behavior,train,1444,C02524,0.0
ch2_ecommerce_behavior,train,1445,C08844,0.0
ch2_ecommerce_behavior,train,1446,C02907,0.0
ch2_ecommerce_behavior,train,1447,C07388,0.0
ch2_ecommerce_behavior,train,1448,C07262,0.0
ch2_ecommerce_behavior,train,1449,C09898,0.0
ch2_ecommerce_behavior,train,1450,C01735,0.0
ch2_ecommerce_behavior,train,1451,C09478,0.0
ch2_ecommerce_behavior,train,1452,C06646,0.0
ch2_ecommerce_behavior,train,1453,C07739,1.0
ch2_ecommerce_behavior,train,1454,C08190,0.0
ch2_ecommerce_behavior,train,1455,C05399,0.0
ch2_ecommerce_behavior,train,1456,C03654,1.0
ch2_ecommerce_behavior,train,1457,C03640,0.0
ch2_ecommerce_behavior,train,1458,C02865,0.0
ch2_ecommerce_behavior,train,1459,C03576,1.0
ch2_ecommerce_behavior,train,1460,C00989,0.0
ch2_ecommerce_behavior,train,1461,C06584,0.0
ch2_ecommerce_behavior,train,1462,C08870,0.0
ch2_ecommerce_behavior,train,1463,C07597,0.0
ch2_ecommerce_behavior,train,1464,C02112,1.0
ch2_ecommerce_behavior,train,1465,C05911,0.0
ch2_ecommerce_behavior,train,1466,C00150,0.0
ch2_ecommerce_behavior,train,1467,C00602,0.0
ch2_ecommerce_behavior,train,1468,C09139,1.0
ch2_ecommerce_behavior,train,1469,C08862,0.0
ch2_ecommerce_behavior,train,1470,C07203,1.0
ch2_ecommerce_behavior,train,1471,C05388,0.0
ch2_ecommerce_behavior,train,1472,C02074,0.0
ch2_ecommerce_behavior,train,1473,C01518,0.0
ch2_ecommerce_behavior,train,1474,C02471,1.0
ch2_ecommerce_behavior,train,1475,C08524,0.0
ch2_ecommerce_behavior,train,1476,C06600,0.0
ch2_ecommerce_behavior,train,1477,C08541,0.0
ch2_ecommerce_behavior,train,1478,C00428,0.0
ch2_ecommerce_behavior,train,1479,C02331,1.0
ch2_ecommerce_behavior,train,1480,C05128,0.0
ch2_ecommerce_behavior,train,1481,C09518,0.0
ch2_ecommerce_behavior,train,1482,C04171,0.0
ch2_ecommerce_behavior,train,1483,C02500,0.0
ch2_ecommerce_behavior,train,1484,C08382,1.0
ch2_ecommerce_behavior,train,1485,C08019,0.0
ch2_ecommerce_behavior,train,1486,C01764,0.0
ch2_ecommerce_behavior,train,1487,C07075,1.0
ch2_ecommerce_behavior,train,1488,C09059,0.0
ch2_ecommerce_behavior,train,1489,C02228,0.0
ch2_ecommerce_behavior,train,1490,C00155,0.0
ch2_ecommerce_behavior,train,1491,C07652,1.0
ch2_ecommerce_behavior,train,1492,C07995,0.0
ch2_ecommerce_behavior,train,1493,C05373,0.0
ch2_ecommerce_behavior,train,1494,C03849,0.0
ch2_ecommerce_behavior,train,1495,C00195,0.0
ch2_ecommerce_behavior,train,1496,C06448,0.0
ch2_ecommerce_behavior,train,1497,C03641,0.0
ch2_ecommerce_behavior,train,1498,C08692,0.0
ch2_ecommerce_behavior,train,1499,C07247,1.0
ch2_ecommerce_behavior,train,1500,C09217,1.0
ch2_ecommerce_behavior,train,1501,C05485,0.0
ch2_ecommerce_behavior,train,1502,C08652,0.0
ch2_ecommerce_behavior,train,1503,C02738,0.0
ch2_ecommerce_behavior,train,1504,C00432,0.0
ch2_ecommerce_behavior,train,1505,C02825,0.0
ch2_ecommerce_behavior,train,1506,C00904,0.0
ch2_ecommerce_behavior,train,1507,C07647,0.0
ch2_ecommerce_behavior,train,1508,C02847,0.0
ch2_ecommerce_behavior,train,1509,C00561,0.0
ch2_ecommerce_behavior,train,1510,C02829,0.0
ch2_ecommerce_behavior,train,1511,C04984,1.0
ch2_ecommerce_behavior,train,1512,C02464,0.0
ch2_ecommerce_behavior,train,1513,C02526,0.0
ch2_ecommerce_behavior,train,1514,C00548,0.0
ch2_ecommerce_behavior,train,1515,C06869,0.0
ch2_ecommerce_behavior,train,1516,C05835,0.0
ch2_ecommerce_behavior,train,1517,C02821,0.0
ch2_ecommerce_behavior,train,1518,C03943,0.0
ch2_ecommerce_behavior,train,1519,C04533,0.0
ch2_ecommerce_behavior,train,1520,C09339,0.0
ch2_ecommerce_behavior,train,1521,C09542,0.0
ch2_ecommerce_behavior,train,1522,C03349,0.0
ch2_ecommerce_behavior,train,1523,C08126,0.0
ch2_ecommerce_behavior,train,1524,C00952,1.0
ch2_ecommerce_behavior,train,1525,C09308,0.0
ch2_ecommerce_behavior,train,1526,C04134,0.0
ch2_ecommerce_behavior,train,1527,C01137,0.0
ch2_ecommerce_behavior,train,1528,C01035,0.0
ch2_ecommerce_behavior,train,1529,C02763,0.0
ch2_ecommerce_behavior,train,1530,C01687,0.0
ch2_ecommerce_behavior,train,1531,C03195,0.0
ch2_ecommerce_behavior,train,1532,C09111,0.0
ch2_ecommerce_behavior,train,1533,C04051,0.0
ch2_ecommerce_behavior,train,1534,C08319,0.0
ch2_ecommerce_behavior,train,1535,C00929,0.0
ch2_ecommerce_behavior,train,1536,C06971,0.0
ch2_ecommerce_behavior,train,1537,C06093,0.0
ch2_ecommerce_behavior,train,1538,C01941,0.0
ch2_ecommerce_behavior,train,1539,C04860,0.0
ch2_ecommerce_behavior,train,1540,C00092,0.0
ch2_ecommerce_behavior,train,1541,C08034,0.0
ch2_ecommerce_behavior,train,1542,C04410,0.0
ch2_ecommerce_behavior,train,1543,C09243,0.0
ch2_ecommerce_behavior,train,1544,C01666,0.0
ch2_ecommerce_behavior,train,1545,C03148,0.0
ch2_ecommerce_behavior,train,1546,C03082,0.0
ch2_ecommerce_behavior,train,1547,C03099,0.0
ch2_ecommerce_behavior,train,1548,C05207,0.0
ch2_ecommerce_behavior,train,1549,C05741,1.0
ch2_ecommerce_behavior,train,1550,C06641,0.0
ch2_ecommerce_behavior,train,1551,C05465,0.0
ch2_ecommerce_behavior,train,1552,C08997,0.0
ch2_ecommerce_behavior,train,1553,C09714,1.0
ch2_ecommerce_behavior,train,1554,C00078,1.0
ch2_ecommerce_behavior,train,1555,C07843,0.0
ch2_ecommerce_behavior,train,1556,C00626,0.0
ch2_ecommerce_behavior,train,1557,C09854,1.0
ch2_ecommerce_behavior,train,1558,C03497,0.0
ch2_ecommerce_behavior,train,1559,C08633,0.0
ch2_ecommerce_behavior,train,1560,C09734,0.0
ch2_ecommerce_behavior,train,1561,C04013,1.0
ch2_ecommerce_behavior,train,1562,C00414,0.0
ch2_ecommerce_behavior,train,1563,C02222,0.0
ch2_ecommerce_behavior,train,1564,C02632,0.0
ch2_ecommerce_behavior,train,1565,C01636,0.0
ch2_ecommerce_behavior,train,1566,C07638,1.0
ch2_ecommerce_behavior,train,1567,C00252,0.0
ch2_ecommerce_behavior,train,1568,C05509,0.0
ch2_ecommerce_behavior,train,1569,C09709,0.0
ch2_ecommerce_behavior,train,1570,C00244,0.0
ch2_ecommerce_behavior,train,1571,C00534,0.0
ch2_ecommerce_behavior,train,1572,C05415,0.0
ch2_ecommerce_behavior,train,1573,C05456,0.0
ch2_ecommerce_behavior,train,1574,C09678,0.0
ch2_ecommerce_behavior,train,1575,C04382,0.0
ch2_ecommerce_behavior,train,1576,C04197,0.0
ch2_ecommerce_behavior,train,1577,C08730,0.0
ch2_ecommerce_behavior,train,1578,C03125,0.0
ch2_ecommerce_behavior,train,1579,C08691,0.0
ch2_ecommerce_behavior,train,1580,C09656,0.0
ch2_ecommerce_behavior,train,1581,C06652,0.0
ch2_ecommerce_behavior,train,1582,C08545,0.0
ch2_ecommerce_behavior,train,1583,C00580,1.0
ch2_ecommerce_behavior,train,1584,C09867,0.0
ch2_ecommerce_behavior,train,1585,C03987,1.0
ch2_ecommerce_behavior,train,1586,C09957,0.0
ch2_ecommerce_behavior,train,1587,C09601,0.0
ch2_ecommerce_behavior,train,1588,C05309,1.0
ch2_ecommerce_behavior,train,1589,C06824,0.0
ch2_ecommerce_behavior,train,1590,C06773,1.0
ch2_ecommerce_behavior,train,1591,C03901,0.0
ch2_ecommerce_behavior,train,1592,C04122,0.0
ch2_ecommerce_behavior,train,1593,C02899,0.0
ch2_ecommerce_behavior,train,1594,C06221,1.0
ch2_ecommerce_behavior,train,1595,C09936,0.0
ch2_ecommerce_behavior,train,1596,C04045,0.0
ch2_ecommerce_behavior,train,1597,C01539,1.0
ch2_ecommerce_behavior,train,1598,C03108,0.0
ch2_ecommerce_behavior,train,1599,C01103,0.0
ch2_ecommerce_behavior,train,1600,C01404,1.0
ch2_ecommerce_behavior,train,1601,C00663,1.0
ch2_ecommerce_behavior,train,1602,C09351,0.0
ch2_ecommerce_behavior,train,1603,C06815,0.0
ch2_ecommerce_behavior,train,1604,C00654,0.0
ch2_ecommerce_behavior,train,1605,C08206,0.0
ch2_ecommerce_behavior,train,1606,C00780,0.0
ch2_ecommerce_behavior,train,1607,C07049,0.0
ch2_ecommerce_behavior,train,1608,C08477,0.0
ch2_ecommerce_behavior,train,1609,C07509,1.0
ch2_ecommerce_behavior,train,1610,C00217,0.0
ch2_ecommerce_behavior,train,1611,C03826,0.0
ch2_ecommerce_behavior,train,1612,C06602,1.0
ch2_ecommerce_behavior,train,1613,C06729,0.0
ch2_ecommerce_behavior,train,1614,C06426,0.0
ch2_ecommerce_behavior,train,1615,C09499,1.0
ch2_ecommerce_behavior,train,1616,C00643,1.0
ch2_ecommerce_behavior,train,1617,C07439,0.0
ch2_ecommerce_behavior,train,1618,C02651,1.0
ch2_ecommerce_behavior,train,1619,C05528,0.0
ch2_ecommerce_behavior,train,1620,C07978,0.0
ch2_ecommerce_behavior,train,1621,C02355,1.0
ch2_ecommerce_behavior,train,1622,C03992,1.0
ch2_ecommerce_behavior,train,1623,C07150,0.0
ch2_ecommerce_behavior,train,1624,C00618,0.0
ch2_ecommerce_behavior,train,1625,C01011,0.0
ch2_ecommerce_behavior,train,1626,C05029,0.0
ch2_ecommerce_behavior,train,1627,C04223,0.0
ch2_ecommerce_behavior,train,1628,C02154,0.0
ch2_ecommerce_behavior,train,1629,C04685,0.0
ch2_ecommerce_behavior,train,1630,C09990,0.0
ch2_ecommerce_behavior,train,1631,C09869,0.0
ch2_ecommerce_behavior,train,1632,C08197,0.0
ch2_ecommerce_behavior,train,1633,C03152,0.0
ch2_ecommerce_behavior,train,1634,C01483,0.0
ch2_ecommerce_behavior,train,1635,C02085,1.0
ch2_ecommerce_behavior,train,1636,C02283,0.0
ch2_ecommerce_behavior,train,1637,C00942,0.0
ch2_ecommerce_behavior,train,1638,C02622,0.0
ch2_ecommerce_behavior,train,1639,C01749,0.0
ch2_ecommerce_behavior,train,1640,C08198,1.0
ch2_ecommerce_behavior,train,1641,C05914,0.0
ch2_ecommerce_behavior,train,1642,C06022,1.0
ch2_ecommerce_behavior,train,1643,C09313,0.0
ch2_ecommerce_behavior,train,1644,C03076,0.0
ch2_ecommerce_behavior,train,1645,C09398,1.0
ch2_ecommerce_behavior,train,1646,C05626,0.0
ch2_ecommerce_behavior,train,1647,C00471,0.0
ch2_ecommerce_behavior,train,1648,C04217,0.0
ch2_ecommerce_behavior,train,1649,C00420,0.0
ch2_ecommerce_behavior,train,1650,C09318,0.0
ch2_ecommerce_behavior,train,1651,C09641,1.0
ch2_ecommerce_behavior,train,1652,C02308,0.0
ch2_ecommerce_behavior,train,1653,C01418,0.0
ch2_ecommerce_behavior,train,1654,C07715,0.0
ch2_ecommerce_behavior,train,1655,C08335,0.0
ch2_ecommerce_behavior,train,1656,C06904,0.0
ch2_ecommerce_behavior,train,1657,C01028,0.0
ch2_ecommerce_behavior,train,1658,C07453,0.0
ch2_ecommerce_behavior,train,1659,C03173,0.0
ch2_ecommerce_behavior,train,1660,C01784,0.0
ch2_ecommerce_behavior,train,1661,C04824,0.0
ch2_ecommerce_behavior,train,1662,C01512,1.0
ch2_ecommerce_behavior,train,1663,C00434,0.0
ch2_ecommerce_behavior,train,1664,C03841,0.0
ch2_ecommerce_behavior,train,1665,C07160,0.0
ch2_ecommerce_behavior,train,1666,C07545,0.0
ch2_ecommerce_behavior,train,1667,C04265,0.0
ch2_ecommerce_behavior,train,1668,C00166,0.0
ch2_ecommerce_behavior,train,1669,C02756,0.0
ch2_ecommerce_behavior,train,1670,C05638,1.0
ch2_ecommerce_behavior,train,1671,C01971,1.0
ch2_ecommerce_behavior,train,1672,C01249,0.0
ch2_ecommerce_behavior,train,1673,C01950,0.0
ch2_ecommerce_behavior,train,1674,C00842,0.0
ch2_ecommerce_behavior,train,1675,C01193,1.0
ch2_ecommerce_behavior,train,1676,C08445,1.0
ch2_ecommerce_behavior,train,1677,C04447,0.0
ch2_ecommerce_behavior,train,1678,C04215,0.0
ch2_ecommerce_behavior,train,1679,C01238,1.0
ch2_ecommerce_behavior,train,1680,C01837,0.0
ch2_ecommerce_behavior,train,1681,C05242,0.0
ch2_ecommerce_behavior,train,1682,C00349,0.0
ch2_ecommerce_behavior,train,1683,C08716,0.0
ch2_ecommerce_behavior,train,1684,C05011,1.0
ch2_ecommerce_behavior,train,1685,C09382,0.0
ch2_ecommerce_behavior,train,1686,C05567,1.0
ch2_ecommerce_behavior,train,1687,C02148,0.0
ch2_ecommerce_behavior,train,1688,C05544,0.0
ch2_ecommerce_behavior,train,1689,C07958,0.0
ch2_ecommerce_behavior,train,1690,C06248,0.0
ch2_ecommerce_behavior,train,1691,C06854,0.0
ch2_ecommerce_behavior,train,1692,C03924,1.0
ch2_ecommerce_behavior,train,1693,C04052,0.0
ch2_ecommerce_behavior,train,1694,C06249,0.0
ch2_ecommerce_behavior,train,1695,C01243,0.0
ch2_ecommerce_behavior,train,1696,C04267,0.0
ch2_ecommerce_behavior,train,1697,C09959,0.0
ch2_ecommerce_behavior,train,1698,C00145,0.0
ch2_ecommerce_behavior,train,1699,C09251,0.0
ch2_ecommerce_behavior,train,1700,C07101,0.0
ch2_ecommerce_behavior,train,1701,C01224,0.0
ch2_ecommerce_behavior,train,1702,C05754,0.0
ch2_ecommerce_behavior,train,1703,C02415,0.0
ch2_ecommerce_behavior,train,1704,C05252,0.0
ch2_ecommerce_behavior,train,1705,C01857,0.0
ch2_ecommerce_behavior,train,1706,C04194,0.0
ch2_ecommerce_behavior,train,1707,C08994,0.0
ch2_ecommerce_behavior,train,1708,C04872,0.0
ch2_ecommerce_behavior,train,1709,C05625,1.0
ch2_ecommerce_behavior,train,1710,C00306,0.0
ch2_ecommerce_behavior,train,1711,C04313,0.0
ch2_ecommerce_behavior,train,1712,C08912,0.0
ch2_ecommerce_behavior,train,1713,C09069,0.0
ch2_ecommerce_behavior,train,1714,C01337,0.0
ch2_ecommerce_behavior,train,1715,C03094,0.0
ch2_ecommerce_behavior,train,1716,C01904,0.0
ch2_ecommerce_behavior,train,1717,C07755,0.0
ch2_ecommerce_behavior,train,1718,C06638,0.0
ch2_ecommerce_behavior,train,1719,C07445,0.0
ch2_ecommerce_behavior,train,1720,C01853,1.0
ch2_ecommerce_behavior,train,1721,C08771,1.0
ch2_ecommerce_behavior,train,1722,C09704,0.0
ch2_ecommerce_behavior,train,1723,C06742,0.0
ch2_ecommerce_behavior,train,1724,C00604,1.0
ch2_ecommerce_behavior,train,1725,C06581,0.0
ch2_ecommerce_behavior,train,1726,C00013,0.0
ch2_ecommerce_behavior,train,1727,C09924,1.0
ch2_ecommerce_behavior,train,1728,C09446,0.0
ch2_ecommerce_behavior,train,1729,C06734,0.0
ch2_ecommerce_behavior,train,1730,C06911,0.0
ch2_ecommerce_behavior,train,1731,C05384,0.0
ch2_ecommerce_behavior,train,1732,C07723,0.0
ch2_ecommerce_behavior,train,1733,C04434,1.0
ch2_ecommerce_behavior,train,1734,C02805,1.0
ch2_ecommerce_behavior,train,1735,C02728,0.0
ch2_ecommerce_behavior,train,1736,C00981,0.0
ch2_ecommerce_behavior,train,1737,C01237,0.0
ch2_ecommerce_behavior,train,1738,C07604,0.0
ch2_ecommerce_behavior,train,1739,C05749,0.0
ch2_ecommerce_behavior,train,1740,C00339,0.0
ch2_ecommerce_behavior,train,1741,C02050,0.0
ch2_ecommerce_behavior,train,1742,C00741,1.0
ch2_ecommerce_behavior,train,1743,C08411,0.0
ch2_ecommerce_behavior,train,1744,C06924,1.0
ch2_ecommerce_behavior,train,1745,C04070,0.0
ch2_ecommerce_behavior,train,1746,C08943,0.0
ch2_ecommerce_behavior,train,1747,C08078,0.0
ch2_ecommerce_behavior,train,1748,C08450,0.0
ch2_ecommerce_behavior,train,1749,C08270,0.0
ch2_ecommerce_behavior,train,1750,C05630,0.0
ch2_ecommerce_behavior,train,1751,C07301,0.0
ch2_ecommerce_behavior,train,1752,C03343,0.0
ch2_ecommerce_behavior,train,1753,C02617,0.0
ch2_ecommerce_behavior,train,1754,C09429,0.0
ch2_ecommerce_behavior,train,1755,C09165,0.0
ch2_ecommerce_behavior,train,1756,C04384,0.0
ch2_ecommerce_behavior,train,1757,C06553,0.0
ch2_ecommerce_behavior,train,1758,C08256,0.0
ch2_ecommerce_behavior,train,1759,C00564,1.0
ch2_ecommerce_behavior,train,1760,C06544,0.0
ch2_ecommerce_behavior,train,1761,C00560,1.0
ch2_ecommerce_behavior,train,1762,C00284,0.0
ch2_ecommerce_behavior,train,1763,C03406,0.0
ch2_ecommerce_behavior,train,1764,C00526,0.0
ch2_ecommerce_behavior,train,1765,C04528,0.0
ch2_ecommerce_behavior,train,1766,C09976,0.0
ch2_ecommerce_behavior,train,1767,C09906,0.0
ch2_ecommerce_behavior,train,1768,C01153,0.0
ch2_ecommerce_behavior,train,1769,C05983,0.0
ch2_ecommerce_behavior,train,1770,C06623,0.0
ch2_ecommerce_behavior,train,1771,C05294,0.0
ch2_ecommerce_behavior,train,1772,C06838,0.0
ch2_ecommerce_behavior,train,1773,C03145,0.0
ch2_ecommerce_behavior,train,1774,C08960,0.0
ch2_ecommerce_behavior,train,1775,C05208,0.0
ch2_ecommerce_behavior,train,1776,C03353,0.0
ch2_ecommerce_behavior,train,1777,C09377,0.0
ch2_ecommerce_behavior,train,1778,C02347,0.0
ch2_ecommerce_behavior,train,1779,C05072,0.0
ch2_ecommerce_behavior,train,1780,C07221,0.0
ch2_ecommerce_behavior,train,1781,C04934,0.0
ch2_ecommerce_behavior,train,1782,C08060,1.0
ch2_ecommerce_behavior,train,1783,C04924,0.0
ch2_ecommerce_behavior,train,1784,C03591,0.0
ch2_ecommerce_behavior,train,1785,C09830,0.0
ch2_ecommerce_behavior,train,1786,C04530,0.0
ch2_ecommerce_behavior,train,1787,C07393,0.0
ch2_ecommerce_behavior,train,1788,C04062,0.0
ch2_ecommerce_behavior,train,1789,C03968,0.0
ch2_ecommerce_behavior,train,1790,C07684,0.0
ch2_ecommerce_behavior,train,1791,C06177,0.0
ch2_ecommerce_behavior,train,1792,C06256,0.0
ch2_ecommerce_behavior,train,1793,C09536,0.0
ch2_ecommerce_behavior,train,1794,C08739,1.0
ch2_ecommerce_behavior,train,1795,C07753,0.0
ch2_ecommerce_behavior,train,1796,C08510,1.0
ch2_ecommerce_behavior,train,1797,C06958,1.0
ch2_ecommerce_behavior,train,1798,C08291,0.0
ch2_ecommerce_behavior,train,1799,C00184,0.0
ch2_ecommerce_behavior,train,1800,C08314,0.0
ch2_ecommerce_behavior,train,1801,C09521,0.0
ch2_ecommerce_behavior,train,1802,C00056,0.0
ch2_ecommerce_behavior,train,1803,C07385,0.0
ch2_ecommerce_behavior,train,1804,C03861,0.0
ch2_ecommerce_behavior,train,1805,C09951,1.0
ch2_ecommerce_behavior,train,1806,C09424,0.0
ch2_ecommerce_behavior,train,1807,C05874,1.0
ch2_ecommerce_behavior,train,1808,C03884,0.0
ch2_ecommerce_behavior,train,1809,C01109,0.0
ch2_ecommerce_behavior,train,1810,C01403,0.0
ch2_ecommerce_behavior,train,1811,C05878,0.0
ch2_ecommerce_behavior,train,1812,C09330,0.0
ch2_ecommerce_behavior,train,1813,C09595,0.0
ch2_ecommerce_behavior,train,1814,C00673,0.0
ch2_ecommerce_behavior,train,1815,C00821,0.0
ch2_ecommerce_behavior,train,1816,C04742,0.0
ch2_ecommerce_behavior,train,1817,C01290,0.0
ch2_ecommerce_behavior,train,1818,C00473,0.0
ch2_ecommerce_behavior,train,1819,C02734,0.0
ch2_ecommerce_behavior,train,1820,C08763,0.0
ch2_ecommerce_behavior,train,1821,C02702,0.0
ch2_ecommerce_behavior,train,1822,C06746,0.0
ch2_ecommerce_behavior,train,1823,C02292,0.0
ch2_ecommerce_behavior,train,1824,C00039,0.0
ch2_ecommerce_behavior,train,1825,C06482,0.0
ch2_ecommerce_behavior,train,1826,C04680,0.0
ch2_ecommerce_behavior,train,1827,C06475,1.0
ch2_ecommerce_behavior,train,1828,C00407,0.0
ch2_ecommerce_behavior,train,1829,C01716,0.0
ch2_ecommerce_behavior,train,1830,C09770,0.0
ch2_ecommerce_behavior,train,1831,C04025,0.0
ch2_ecommerce_behavior,train,1832,C07395,0.0
ch2_ecommerce_behavior,train,1833,C04627,0.0
ch2_ecommerce_behavior,train,1834,C05584,0.0
ch2_ecommerce_behavior,train,1835,C01486,0.0
ch2_ecommerce_behavior,train,1836,C04557,0.0
ch2_ecommerce_behavior,train,1837,C09115,0.0
ch2_ecommerce_behavior,train,1838,C04676,0.0
ch2_ecommerce_behavior,train,1839,C03404,0.0
ch2_ecommerce_behavior,train,1840,C01787,0.0
ch2_ecommerce_behavior,train,1841,C03502,0.0
ch2_ecommerce_behavior,train,1842,C09089,0.0
ch2_ecommerce_behavior,train,1843,C01178,1.0
ch2_ecommerce_behavior,train,1844,C06187,0.0
ch2_ecommerce_behavior,train,1845,C04537,0.0
ch2_ecommerce_behavior,train,1846,C08550,0.0
ch2_ecommerce_behavior,train,1847,C01211,0.0
ch2_ecommerce_behavior,train,1848,C08393,0.0
ch2_ecommerce_behavior,train,1849,C01889,1.0
ch2_ecommerce_behavior,train,1850,C03829,0.0
ch2_ecommerce_behavior,train,1851,C09699,0.0
ch2_ecommerce_behavior,train,1852,C00601,0.0
ch2_ecommerce_behavior,train,1853,C07023,0.0
ch2_ecommerce_behavior,train,1854,C02094,0.0
ch2_ecommerce_behavior,train,1855,C08731,0.0
ch2_ecommerce_behavior,train,1856,C08639,0.0
ch2_ecommerce_behavior,train,1857,C01865,0.0
ch2_ecommerce_behavior,train,1858,C07462,1.0
ch2_ecommerce_behavior,train,1859,C02680,0.0
ch2_ecommerce_behavior,train,1860,C07405,0.0
ch2_ecommerce_behavior,train,1861,C05944,0.0
ch2_ecommerce_behavior,train,1862,C09790,1.0
ch2_ecommerce_behavior,train,1863,C05800,0.0
ch2_ecommerce_behavior,train,1864,C05559,0.0
ch2_ecommerce_behavior,train,1865,C09864,1.0
ch2_ecommerce_behavior,train,1866,C09676,0.0
ch2_ecommerce_behavior,train,1867,C09067,0.0
ch2_ecommerce_behavior,train,1868,C02189,0.0
ch2_ecommerce_behavior,train,1869,C00002,0.0
ch2_ecommerce_behavior,train,1870,C07580,1.0
ch2_ecommerce_behavior,train,1871,C07272,0.0
ch2_ecommerce_behavior,train,1872,C03326,0.0
ch2_ecommerce_behavior,train,1873,C00689,0.0
ch2_ecommerce_behavior,train,1874,C09254,0.0
ch2_ecommerce_behavior,train,1875,C05389,0.0
ch2_ecommerce_behavior,train,1876,C01897,1.0
ch2_ecommerce_behavior,train,1877,C08911,0.0
ch2_ecommerce_behavior,train,1878,C07469,0.0
ch2_ecommerce_behavior,train,1879,C04619,0.0
ch2_ecommerce_behavior,train,1880,C08940,0.0
ch2_ecommerce_behavior,train,1881,C01377,0.0
ch2_ecommerce_behavior,train,1882,C00124,0.0
ch2_ecommerce_behavior,train,1883,C07017,0.0
ch2_ecommerce_behavior,train,1884,C05743,0.0
ch2_ecommerce_behavior,train,1885,C01213,0.0
ch2_ecommerce_behavior,train,1886,C00292,0.0
ch2_ecommerce_behavior,train,1887,C04610,0.0
ch2_ecommerce_behavior,train,1888,C06440,0.0
ch2_ecommerce_behavior,train,1889,C03040,0.0
ch2_ecommerce_behavior,train,1890,C07898,0.0
ch2_ecommerce_behavior,train,1891,C02237,0.0
ch2_ecommerce_behavior,train,1892,C01836,0.0
ch2_ecommerce_behavior,train,1893,C03972,0.0
ch2_ecommerce_behavior,train,1894,C05607,0.0
ch2_ecommerce_behavior,train,1895,C06687,0.0
ch2_ecommerce_behavior,train,1896,C02185,1.0
ch2_ecommerce_behavior,train,1897,C09502,0.0
ch2_ecommerce_behavior,train,1898,C04602,1.0
ch2_ecommerce_behavior,train,1899,C00248,0.0
ch2_ecommerce_behavior,train,1900,C03816,0.0
ch2_ecommerce_behavior,train,1901,C06487,0.0
ch2_ecommerce_behavior,train,1902,C00322,0.0
ch2_ecommerce_behavior,train,1903,C02215,0.0
ch2_ecommerce_behavior,train,1904,C00485,0.0
ch2_ecommerce_behavior,train,1905,C03228,0.0
ch2_ecommerce_behavior,train,1906,C01376,0.0
ch2_ecommerce_behavior,train,1907,C02945,0.0
ch2_ecommerce_behavior,train,1908,C05871,0.0
ch2_ecommerce_behavior,train,1909,C03411,1.0
ch2_ecommerce_behavior,train,1910,C02655,0.0
ch2_ecommerce_behavior,train,1911,C00546,0.0
ch2_ecommerce_behavior,train,1912,C01815,0.0
ch2_ecommerce_behavior,train,1913,C06678,0.0
ch2_ecommerce_behavior,train,1914,C09747,0.0
ch2_ecommerce_behavior,train,1915,C03985,0.0
ch2_ecommerce_behavior,train,1916,C09137,1.0
ch2_ecommerce_behavior,train,1917,C05709,0.0
ch2_ecommerce_behavior,train,1918,C07816,0.0
ch2_ecommerce_behavior,train,1919,C07306,0.0
ch2_ecommerce_behavior,train,1920,C05377,0.0
ch2_ecommerce_behavior,train,1921,C09697,0.0
ch2_ecommerce_behavior,train,1922,C08766,0.0
ch2_ecommerce_behavior,train,1923,C03995,0.0
ch2_ecommerce_behavior,train,1924,C06626,0.0
ch2_ecommerce_behavior,train,1925,C01531,0.0
ch2_ecommerce_behavior,train,1926,C04994,0.0
ch2_ecommerce_behavior,train,1927,C00182,0.0
ch2_ecommerce_behavior,train,1928,C04362,0.0
ch2_ecommerce_behavior,train,1929,C09566,1.0
ch2_ecommerce_behavior,train,1930,C01553,0.0
ch2_ecommerce_behavior,train,1931,C04681,0.0
ch2_ecommerce_behavior,train,1932,C09935,0.0
ch2_ecommerce_behavior,train,1933,C09748,0.0
ch2_ecommerce_behavior,train,1934,C00283,1.0
ch2_ecommerce_behavior,train,1935,C00468,1.0
ch2_ecommerce_behavior,train,1936,C01005,0.0
ch2_ecommerce_behavior,train,1937,C00027,1.0
ch2_ecommerce_behavior,train,1938,C03977,0.0
ch2_ecommerce_behavior,train,1939,C02022,0.0
ch2_ecommerce_behavior,train,1940,C03181,0.0
ch2_ecommerce_behavior,train,1941,C00001,0.0
ch2_ecommerce_behavior,train,1942,C03618,0.0
ch2_ecommerce_behavior,train,1943,C06083,0.0
ch2_ecommerce_behavior,train,1944,C06198,0.0
ch2_ecommerce_behavior,train,1945,C01800,0.0
ch2_ecommerce_behavior,train,1946,C05098,0.0
ch2_ecommerce_behavior,train,1947,C07527,0.0
ch2_ecommerce_behavior,train,1948,C06537,0.0
ch2_ecommerce_behavior,train,1949,C00572,0.0
ch2_ecommerce_behavior,train,1950,C08826,0.0
ch2_ecommerce_behavior,train,1951,C07195,1.0
ch2_ecommerce_behavior,train,1952,C09779,0.0
ch2_ecommerce_behavior,train,1953,C03942,1.0
ch2_ecommerce_behavior,train,1954,C07759,0.0
ch2_ecommerce_behavior,train,1955,C04038,0.0
ch2_ecommerce_behavior,train,1956,C09617,0.0
ch2_ecommerce_behavior,train,1957,C03745,0.0
ch2_ecommerce_behavior,train,1958,C08433,0.0
ch2_ecommerce_behavior,train,1959,C03798,0.0
ch2_ecommerce_behavior,train,1960,C09585,0.0
ch2_ecommerce_behavior,train,1961,C00650,0.0
ch2_ecommerce_behavior,train,1962,C04777,0.0
ch2_ecommerce_behavior,train,1963,C00282,0.0
ch2_ecommerce_behavior,train,1964,C01133,0.0
ch2_ecommerce_behavior,train,1965,C05971,1.0
ch2_ecommerce_behavior,train,1966,C09688,0.0
ch2_ecommerce_behavior,train,1967,C05453,0.0
ch2_ecommerce_behavior,train,1968,C09911,0.0
ch2_ecommerce_behavior,train,1969,C09993,0.0
ch2_ecommerce_behavior,train,1970,C07452,1.0
ch2_ecommerce_behavior,train,1971,C03929,0.0
ch2_ecommerce_behavior,train,1972,C03432,0.0
ch2_ecommerce_behavior,train,1973,C09066,0.0
ch2_ecommerce_behavior,train,1974,C05735,1.0
ch2_ecommerce_behavior,train,1975,C03340,0.0
ch2_ecommerce_behavior,train,1976,C03625,0.0
ch2_ecommerce_behavior,train,1977,C03603,0.0
ch2_ecommerce_behavior,train,1978,C09061,0.0
ch2_ecommerce_behavior,train,1979,C08172,0.0
ch2_ecommerce_behavior,train,1980,C07870,0.0
ch2_ecommerce_behavior,train,1981,C04558,1.0
ch2_ecommerce_behavior,train,1982,C01463,0.0
ch2_ecommerce_behavior,train,1983,C09857,0.0
ch2_ecommerce_behavior,train,1984,C01529,0.0
ch2_ecommerce_behavior,train,1985,C02147,0.0
ch2_ecommerce_behavior,train,1986,C04284,0.0
ch2_ecommerce_behavior,train,1987,C07454,0.0
ch2_ecommerce_behavior,train,1988,C04598,0.0
ch2_ecommerce_behavior,train,1989,C05999,0.0
ch2_ecommerce_behavior,train,1990,C00037,0.0
ch2_ecommerce_behavior,train,1991,C06369,1.0
ch2_ecommerce_behavior,train,1992,C08264,0.0
ch2_ecommerce_behavior,train,1993,C04766,0.0
ch2_ecommerce_behavior,train,1994,C02075,0.0
ch2_ecommerce_behavior,train,1995,C08171,0.0
ch2_ecommerce_behavior,train,1996,C07728,1.0
ch2_ecommerce_behavior,train,1997,C02370,0.0
ch2_ecommerce_behavior,train,1998,C00696,0.0
ch2_ecommerce_behavior,train,1999,C09110,0.0
ch2_ecommerce_behavior,train,2000,C03989,0.0
ch2_ecommerce_behavior,train,2001,C05525,0.0
ch2_ecommerce_behavior,train,2002,C04698,0.0
ch2_ecommerce_behavior,train,2003,C03422,0.0
ch2_ecommerce_behavior,train,2004,C05052,0.0
ch2_ecommerce_behavior,train,2005,C07290,0.0
ch2_ecommerce_behavior,train,2006,C07694,1.0
ch2_ecommerce_behavior,train,2007,C08546,0.0
ch2_ecommerce_behavior,train,2008,C04084,0.0
ch2_ecommerce_behavior,train,2009,C06057,0.0
ch2_ecommerce_behavior,train,2010,C02332,0.0
ch2_ecommerce_behavior,train,2011,C01832,0.0
ch2_ecommerce_behavior,train,2012,C08073,0.0
ch2_ecommerce_behavior,train,2013,C03552,0.0
ch2_ecommerce_behavior,train,2014,C04417,1.0
ch2_ecommerce_behavior,train,2015,C03832,0.0
ch2_ecommerce_behavior,train,2016,C00365,0.0
ch2_ecommerce_behavior,train,2017,C07546,0.0
ch2_ecommerce_behavior,train,2018,C06651,1.0
ch2_ecommerce_behavior,train,2019,C04165,0.0
ch2_ecommerce_behavior,train,2020,C07720,1.0
ch2_ecommerce_behavior,train,2021,C07865,0.0
ch2_ecommerce_behavior,train,2022,C09011,0.0
ch2_ecommerce_behavior,train,2023,C08146,1.0
ch2_ecommerce_behavior,train,2024,C06204,1.0
ch2_ecommerce_behavior,train,2025,C02442,1.0
ch2_ecommerce_behavior,train,2026,C04044,0.0
ch2_ecommerce_behavior,train,2027,C02711,0.0
ch2_ecommerce_behavior,train,2028,C07827,0.0
ch2_ecommerce_behavior,train,2029,C03222,0.0
ch2_ecommerce_behavior,train,2030,C06628,0.0
ch2_ecommerce_behavior,train,2031,C04767,0.0
ch2_ecommerce_behavior,train,2032,C01984,0.0
ch2_ecommerce_behavior,train,2033,C04600,0.0
ch2_ecommerce_behavior,train,2034,C04053,0.0
ch2_ecommerce_behavior,train,2035,C08645,0.0
ch2_ecommerce_behavior,train,2036,C00886,1.0
ch2_ecommerce_behavior,train,2037,C03709,0.0
ch2_ecommerce_behavior,train,2038,C08579,1.0
ch2_ecommerce_behavior,train,2039,C01969,0.0
ch2_ecommerce_behavior,train,2040,C03395,0.0
ch2_ecommerce_behavior,train,2041,C00797,0.0
ch2_ecommerce_behavior,train,2042,C01537,0.0
ch2_ecommerce_behavior,train,2043,C09051,0.0
ch2_ecommerce_behavior,train,2044,C08885,0.0
ch2_ecommerce_behavior,train,2045,C01196,0.0
ch2_ecommerce_behavior,train,2046,C03723,1.0
ch2_ecommerce_behavior,train,2047,C02699,0.0
ch2_ecommerce_behavior,train,2048,C04844,0.0
ch2_ecommerce_behavior,train,2049,C08909,0.0
ch2_ecommerce_behavior,train,2050,C01038,0.0
ch2_ecommerce_behavior,train,2051,C08843,1.0
ch2_ecommerce_behavior,train,2052,C03634,1.0
ch2_ecommerce_behavior,train,2053,C05771,0.0
ch2_ecommerce_behavior,train,2054,C05813,0.0
ch2_ecommerce_behavior,train,2055,C04919,0.0
ch2_ecommerce_behavior,train,2056,C00584,0.0
ch2_ecommerce_behavior,train,2057,C09148,0.0
ch2_ecommerce_behavior,train,2058,C01044,0.0
ch2_ecommerce_behavior,train,2059,C02675,1.0
ch2_ecommerce_behavior,train,2060,C01017,0.0
ch2_ecommerce_behavior,train,2061,C03668,0.0
ch2_ecommerce_behavior,train,2062,C03962,0.0
ch2_ecommerce_behavior,train,2063,C07781,0.0
ch2_ecommerce_behavior,train,2064,C07936,0.0
ch2_ecommerce_behavior,train,2065,C05101,1.0
ch2_ecommerce_behavior,train,2066,C09486,1.0
ch2_ecommerce_behavior,train,2067,C02710,1.0
ch2_ecommerce_behavior,train,2068,C06116,0.0
ch2_ecommerce_behavior,train,2069,C06179,1.0
ch2_ecommerce_behavior,train,2070,C06935,0.0
ch2_ecommerce_behavior,train,2071,C01298,0.0
ch2_ecommerce_behavior,train,2072,C05632,0.0
ch2_ecommerce_behavior,train,2073,C06313,0.0
ch2_ecommerce_behavior,train,2074,C01470,0.0
ch2_ecommerce_behavior,train,2075,C01167,0.0
ch2_ecommerce_behavior,train,2076,C02985,0.0
ch2_ecommerce_behavior,train,2077,C09345,0.0
ch2_ecommerce_behavior,train,2078,C07001,0.0
ch2_ecommerce_behavior,train,2079,C00761,1.0
ch2_ecommerce_behavior,train,2080,C03164,0.0
ch2_ecommerce_behavior,train,2081,C01948,0.0
ch2_ecommerce_behavior,train,2082,C08869,0.0
ch2_ecommerce_behavior,train,2083,C02482,0.0
ch2_ecommerce_behavior,train,2084,C02001,0.0
ch2_ecommerce_behavior,train,2085,C04240,0.0
ch2_ecommerce_behavior,train,2086,C08893,1.0
ch2_ecommerce_behavior,train,2087,C08014,0.0
ch2_ecommerce_behavior,train,2088,C04250,0.0
ch2_ecommerce_behavior,train,2089,C05854,0.0
ch2_ecommerce_behavior,train,2090,C06300,0.0
ch2_ecommerce_behavior,train,2091,C05187,1.0
ch2_ecommerce_behavior,train,2092,C06828,0.0
ch2_ecommerce_behavior,train,2093,C06276,0.0
ch2_ecommerce_behavior,train,2094,C02243,0.0
ch2_ecommerce_behavior,train,2095,C07319,0.0
ch2_ecommerce_behavior,train,2096,C03486,0.0
ch2_ecommerce_behavior,train,2097,C08748,0.0
ch2_ecommerce_behavior,train,2098,C06901,0.0
ch2_ecommerce_behavior,train,2099,C04886,0.0
ch2_ecommerce_behavior,train,2100,C08858,0.0
ch2_ecommerce_behavior,train,2101,C09774,1.0
ch2_ecommerce_behavior,train,2102,C01692,0.0
ch2_ecommerce_behavior,train,2103,C04817,0.0
ch2_ecommerce_behavior,train,2104,C03199,0.0
ch2_ecommerce_behavior,train,2105,C00520,0.0
ch2_ecommerce_behavior,train,2106,C04552,0.0
ch2_ecommerce_behavior,train,2107,C00230,0.0
ch2_ecommerce_behavior,train,2108,C07446,0.0
ch2_ecommerce_behavior,train,2109,C02833,1.0
ch2_ecommerce_behavior,train,2110,C07058,0.0
ch2_ecommerce_behavior,train,2111,C03206,0.0
ch2_ecommerce_behavior,train,2112,C02487,0.0
ch2_ecommerce_behavior,train,2113,C00465,0.0
ch2_ecommerce_behavior,train,2114,C03569,0.0
ch2_ecommerce_behavior,train,2115,C06950,1.0
ch2_ecommerce_behavior,train,2116,C05687,0.0
ch2_ecommerce_behavior,train,2117,C02859,1.0
ch2_ecommerce_behavior,train,2118,C05193,0.0
ch2_ecommerce_behavior,train,2119,C06479,0.0
ch2_ecommerce_behavior,train,2120,C02554,0.0
ch2_ecommerce_behavior,train,2121,C01623,0.0
ch2_ecommerce_behavior,train,2122,C07667,0.0
ch2_ecommerce_behavior,train,2123,C07775,0.0
ch2_ecommerce_behavior,train,2124,C06052,0.0
ch2_ecommerce_behavior,train,2125,C03298,0.0
ch2_ecommerce_behavior,train,2126,C07340,0.0
ch2_ecommerce_behavior,train,2127,C01443,0.0
ch2_ecommerce_behavior,train,2128,C04763,0.0
ch2_ecommerce_behavior,train,2129,C08704,0.0
ch2_ecommerce_behavior,train,2130,C02475,1.0
ch2_ecommerce_behavior,train,2131,C04303,1.0
ch2_ecommerce_behavior,train,2132,C01466,0.0
ch2_ecommerce_behavior,train,2133,C02326,1.0
ch2_ecommerce_behavior,train,2134,C06723,1.0
ch2_ecommerce_behavior,train,2135,C00263,0.0
ch2_ecommerce_behavior,train,2136,C02234,0.0
ch2_ecommerce_behavior,train,2137,C05701,0.0
ch2_ecommerce_behavior,train,2138,C04042,0.0
ch2_ecommerce_behavior,train,2139,C05816,0.0
ch2_ecommerce_behavior,train,2140,C08972,0.0
ch2_ecommerce_behavior,train,2141,C06794,1.0
ch2_ecommerce_behavior,train,2142,C01004,0.0
ch2_ecommerce_behavior,train,2143,C03443,0.0
ch2_ecommerce_behavior,train,2144,C08985,0.0
ch2_ecommerce_behavior,train,2145,C04821,1.0
ch2_ecommerce_behavior,train,2146,C09242,0.0
ch2_ecommerce_behavior,train,2147,C07261,0.0
ch2_ecommerce_behavior,train,2148,C09991,0.0
ch2_ecommerce_behavior,train,2149,C06891,0.0
ch2_ecommerce_behavior,train,2150,C07976,0.0
ch2_ecommerce_behavior,train,2151,C05796,0.0
ch2_ecommerce_behavior,train,2152,C06816,0.0
ch2_ecommerce_behavior,train,2153,C06713,0.0
ch2_ecommerce_behavior,train,2154,C07828,0.0
ch2_ecommerce_behavior,train,2155,C06948,0.0
ch2_ecommerce_behavior,train,2156,C06073,1.0
ch2_ecommerce_behavior,train,2157,C09887,0.0
ch2_ecommerce_behavior,train,2158,C09522,0.0
ch2_ecommerce_behavior,train,2159,C01197,0.0
ch2_ecommerce_behavior,train,2160,C03793,0.0
ch2_ecommerce_behavior,train,2161,C00373,0.0
ch2_ecommerce_behavior,train,2162,C01638,1.0
ch2_ecommerce_behavior,train,2163,C07352,0.0
ch2_ecommerce_behavior,train,2164,C09296,0.0
ch2_ecommerce_behavior,train,2165,C04820,1.0
ch2_ecommerce_behavior,train,2166,C03655,0.0
ch2_ecommerce_behavior,train,2167,C00183,0.0
ch2_ecommerce_behavior,train,2168,C02609,0.0
ch2_ecommerce_behavior,train,2169,C07370,0.0
ch2_ecommerce_behavior,train,2170,C01751,0.0
ch2_ecommerce_behavior,train,2171,C07590,0.0
ch2_ecommerce_behavior,train,2172,C02280,1.0
ch2_ecommerce_behavior,train,2173,C06774,1.0
ch2_ecommerce_behavior,train,2174,C06809,0.0
ch2_ecommerce_behavior,train,2175,C01959,0.0
ch2_ecommerce_behavior,train,2176,C02875,0.0
ch2_ecommerce_behavior,train,2177,C03459,0.0
ch2_ecommerce_behavior,train,2178,C00748,0.0
ch2_ecommerce_behavior,train,2179,C02891,0.0
ch2_ecommerce_behavior,train,2180,C08092,1.0
ch2_ecommerce_behavior,train,2181,C07837,0.0
ch2_ecommerce_behavior,train,2182,C00592,0.0
ch2_ecommerce_behavior,train,2183,C02343,1.0
ch2_ecommerce_behavior,train,2184,C00938,0.0
ch2_ecommerce_behavior,train,2185,C02379,0.0
ch2_ecommerce_behavior,train,2186,C08121,0.0
ch2_ecommerce_behavior,train,2187,C06749,0.0
ch2_ecommerce_behavior,train,2188,C01863,0.0
ch2_ecommerce_behavior,train,2189,C08908,0.0
ch2_ecommerce_behavior,train,2190,C02051,0.0
ch2_ecommerce_behavior,train,2191,C03357,0.0
ch2_ecommerce_behavior,train,2192,C01543,0.0
ch2_ecommerce_behavior,train,2193,C02547,0.0
ch2_ecommerce_behavior,train,2194,C06592,0.0
ch2_ecommerce_behavior,train,2195,C01134,0.0
ch2_ecommerce_behavior,train,2196,C02771,0.0
ch2_ecommerce_behavior,train,2197,C04931,1.0
ch2_ecommerce_behavior,train,2198,C09592,1.0
ch2_ecommerce_behavior,train,2199,C00412,0.0
ch2_ecommerce_behavior,train,2200,C01632,1.0
ch2_ecommerce_behavior,train,2201,C08998,1.0
ch2_ecommerce_behavior,train,2202,C00132,0.0
ch2_ecommerce_behavior,train,2203,C03560,0.0
ch2_ecommerce_behavior,train,2204,C08159,0.0
ch2_ecommerce_behavior,train,2205,C09679,1.0
ch2_ecommerce_behavior,train,2206,C06064,0.0
ch2_ecommerce_behavior,train,2207,C05738,0.0
ch2_ecommerce_behavior,train,2208,C01306,1.0
ch2_ecommerce_behavior,train,2209,C05936,0.0
ch2_ecommerce_behavior,train,2210,C02195,0.0
ch2_ecommerce_behavior,train,2211,C05346,0.0
ch2_ecommerce_behavior,train,2212,C01311,0.0
ch2_ecommerce_behavior,train,2213,C07459,0.0
ch2_ecommerce_behavior,train,2214,C07581,0.0
ch2_ecommerce_behavior,train,2215,C05313,0.0
ch2_ecommerce_behavior,train,2216,C02121,0.0
ch2_ecommerce_behavior,train,2217,C09133,0.0
ch2_ecommerce_behavior,train,2218,C03032,1.0
ch2_ecommerce_behavior,train,2219,C02670,0.0
ch2_ecommerce_behavior,train,2220,C08636,0.0
ch2_ecommerce_behavior,train,2221,C01975,0.0
ch2_ecommerce_behavior,train,2222,C07565,1.0
ch2_ecommerce_behavior,train,2223,C08813,1.0
ch2_ecommerce_behavior,train,2224,C03910,0.0
ch2_ecommerce_behavior,train,2225,C07892,0.0
ch2_ecommerce_behavior,train,2226,C05354,0.0
ch2_ecommerce_behavior,train,2227,C00624,0.0
ch2_ecommerce_behavior,train,2228,C08355,0.0
ch2_ecommerce_behavior,train,2229,C09385,0.0
ch2_ecommerce_behavior,train,2230,C02367,1.0
ch2_ecommerce_behavior,train,2231,C05512,0.0
ch2_ecommerce_behavior,train,2232,C09150,0.0
ch2_ecommerce_behavior,train,2233,C05100,0.0
ch2_ecommerce_behavior,train,2234,C06662,0.0
ch2_ecommerce_behavior,train,2235,C07206,0.0
ch2_ecommerce_behavior,train,2236,C01313,0.0
ch2_ecommerce_behavior,train,2237,C05035,1.0
ch2_ecommerce_behavior,train,2238,C00934,0.0
ch2_ecommerce_behavior,train,2239,C08627,0.0
ch2_ecommerce_behavior,train,2240,C09912,0.0
ch2_ecommerce_behavior,train,2241,C06468,0.0
ch2_ecommerce_behavior,train,2242,C02789,0.0
ch2_ecommerce_behavior,train,2243,C07483,0.0
ch2_ecommerce_behavior,train,2244,C05539,0.0
ch2_ecommerce_behavior,train,2245,C05371,0.0
ch2_ecommerce_behavior,train,2246,C00691,0.0
ch2_ecommerce_behavior,train,2247,C05552,1.0
ch2_ecommerce_behavior,train,2248,C04117,0.0
ch2_ecommerce_behavior,train,2249,C05727,0.0
ch2_ecommerce_behavior,train,2250,C04387,0.0
ch2_ecommerce_behavior,train,2251,C02792,0.0
ch2_ecommerce_behavior,train,2252,C01696,0.0
ch2_ecommerce_behavior,train,2253,C03294,0.0
ch2_ecommerce_behavior,train,2254,C01293,0.0
ch2_ecommerce_behavior,train,2255,C04497,0.0
ch2_ecommerce_behavior,train,2256,C04736,0.0
ch2_ecommerce_behavior,train,2257,C07763,1.0
ch2_ecommerce_behavior,train,2258,C04946,0.0
ch2_ecommerce_behavior,train,2259,C07613,0.0
ch2_ecommerce_behavior,train,2260,C06250,0.0
ch2_ecommerce_behavior,train,2261,C06190,0.0
ch2_ecommerce_behavior,train,2262,C03180,0.0
ch2_ecommerce_behavior,train,2263,C02615,0.0
ch2_ecommerce_behavior,train,2264,C04975,0.0
ch2_ecommerce_behavior,train,2265,C02752,0.0
ch2_ecommerce_behavior,train,2266,C00364,0.0
ch2_ecommerce_behavior,train,2267,C09399,0.0
ch2_ecommerce_behavior,train,2268,C06046,0.0
ch2_ecommerce_behavior,train,2269,C01965,0.0
ch2_ecommerce_behavior,train,2270,C05732,0.0
ch2_ecommerce_behavior,train,2271,C02843,0.0
ch2_ecommerce_behavior,train,2272,C02457,0.0
ch2_ecommerce_behavior,train,2273,C02904,0.0
ch2_ecommerce_behavior,train,2274,C09712,0.0
ch2_ecommerce_behavior,train,2275,C09431,1.0
ch2_ecommerce_behavior,train,2276,C02402,0.0
ch2_ecommerce_behavior,train,2277,C04903,0.0
ch2_ecommerce_behavior,train,2278,C06982,0.0
ch2_ecommerce_behavior,train,2279,C08993,0.0
ch2_ecommerce_behavior,train,2280,C00988,0.0
ch2_ecommerce_behavior,train,2281,C03254,0.0
ch2_ecommerce_behavior,train,2282,C02797,0.0
ch2_ecommerce_behavior,train,2283,C00693,0.0
ch2_ecommerce_behavior,train,2284,C03656,0.0
ch2_ecommerce_behavior,train,2285,C05894,0.0
ch2_ecommerce_behavior,train,2286,C08782,1.0
ch2_ecommerce_behavior,train,2287,C03129,0.0
ch2_ecommerce_behavior,train,2288,C00649,0.0
ch2_ecommerce_behavior,train,2289,C09931,0.0
ch2_ecommerce_behavior,train,2290,C08327,0.0
ch2_ecommerce_behavior,train,2291,C08153,0.0
ch2_ecommerce_behavior,train,2292,C01254,0.0
ch2_ecommerce_behavior,train,2293,C09451,1.0
ch2_ecommerce_behavior,train,2294,C02091,1.0
ch2_ecommerce_behavior,train,2295,C07787,0.0
ch2_ecommerce_behavior,train,2296,C01646,0.0
ch2_ecommerce_behavior,train,2297,C00923,1.0
ch2_ecommerce_behavior,train,2298,C01891,0.0
ch2_ecommerce_behavior,train,2299,C05862,0.0
ch2_ecommerce_behavior,train,2300,C02494,0.0
ch2_ecommerce_behavior,train,2301,C06571,0.0
ch2_ecommerce_behavior,train,2302,C01289,0.0
ch2_ecommerce_behavior,train,2303,C01430,0.0
ch2_ecommerce_behavior,train,2304,C08900,1.0
ch2_ecommerce_behavior,train,2305,C04921,0.0
ch2_ecommerce_behavior,train,2306,C00487,0.0
ch2_ecommerce_behavior,train,2307,C01813,1.0
ch2_ecommerce_behavior,train,2308,C03742,0.0
ch2_ecommerce_behavior,train,2309,C04346,1.0
ch2_ecommerce_behavior,train,2310,C05952,0.0
ch2_ecommerce_behavior,train,2311,C02990,0.0
ch2_ecommerce_behavior,train,2312,C02538,0.0
ch2_ecommerce_behavior,train,2313,C09283,0.0
ch2_ecommerce_behavior,train,2314,C07628,1.0
ch2_ecommerce_behavior,train,2315,C04482,0.0
ch2_ecommerce_behavior,train,2316,C03936,1.0
ch2_ecommerce_behavior,train,2317,C00405,0.0
ch2_ecommerce_behavior,train,2318,C02857,0.0
ch2_ecommerce_behavior,train,2319,C03230,0.0
ch2_ecommerce_behavior,train,2320,C00851,0.0
ch2_ecommerce_behavior,train,2321,C00000,0.0
ch2_ecommerce_behavior,train,2322,C05611,0.0
ch2_ecommerce_behavior,train,2323,C04943,0.0
ch2_ecommerce_behavior,train,2324,C08229,0.0
ch2_ecommerce_behavior,train,2325,C07097,0.0
ch2_ecommerce_behavior,train,2326,C06513,0.0
ch2_ecommerce_behavior,train,2327,C02384,1.0
ch2_ecommerce_behavior,train,2328,C05558,0.0
ch2_ecommerce_behavior,train,2329,C09710,0.0
ch2_ecommerce_behavior,train,2330,C03085,0.0
ch2_ecommerce_behavior,train,2331,C01329,0.0
ch2_ecommerce_behavior,train,2332,C03578,0.0
ch2_ecommerce_behavior,train,2333,C01574,0.0
ch2_ecommerce_behavior,train,2334,C07594,0.0
ch2_ecommerce_behavior,train,2335,C04204,0.0
ch2_ecommerce_behavior,train,2336,C08071,0.0
ch2_ecommerce_behavior,train,2337,C06821,0.0
ch2_ecommerce_behavior,train,2338,C06776,0.0
ch2_ecommerce_behavior,train,2339,C09590,0.0
ch2_ecommerce_behavior,train,2340,C09331,1.0
ch2_ecommerce_behavior,train,2341,C00425,1.0
ch2_ecommerce_behavior,train,2342,C07841,0.0
ch2_ecommerce_behavior,train,2343,C01949,0.0
ch2_ecommerce_behavior,train,2344,C09312,0.0
ch2_ecommerce_behavior,train,2345,C07343,0.0
ch2_ecommerce_behavior,train,2346,C06558,0.0
ch2_ecommerce_behavior,train,2347,C07207,0.0
ch2_ecommerce_behavior,train,2348,C09483,0.0
ch2_ecommerce_behavior,train,2349,C07354,0.0
ch2_ecommerce_behavior,train,2350,C08563,1.0
ch2_ecommerce_behavior,train,2351,C08923,0.0
ch2_ecommerce_behavior,train,2352,C09800,1.0
ch2_ecommerce_behavior,train,2353,C02665,0.0
ch2_ecommerce_behavior,train,2354,C02287,0.0
ch2_ecommerce_behavior,train,2355,C06936,0.0
ch2_ecommerce_behavior,train,2356,C09547,0.0
ch2_ecommerce_behavior,train,2357,C04697,0.0
ch2_ecommerce_behavior,train,2358,C05189,0.0
ch2_ecommerce_behavior,train,2359,C05756,1.0
ch2_ecommerce_behavior,train,2360,C07886,0.0
ch2_ecommerce_behavior,train,2361,C09192,0.0
ch2_ecommerce_behavior,train,2362,C03825,0.0
ch2_ecommerce_behavior,train,2363,C00713,0.0
ch2_ecommerce_behavior,train,2364,C06817,0.0
ch2_ecommerce_behavior,train,2365,C00448,0.0
ch2_ecommerce_behavior,train,2366,C08919,0.0
ch2_ecommerce_behavior,train,2367,C04457,1.0
ch2_ecommerce_behavior,train,2368,C04039,0.0
ch2_ecommerce_behavior,train,2369,C05356,0.0
ch2_ecommerce_behavior,train,2370,C00616,0.0
ch2_ecommerce_behavior,train,2371,C00514,0.0
ch2_ecommerce_behavior,train,2372,C01770,0.0
ch2_ecommerce_behavior,train,2373,C04241,0.0
ch2_ecommerce_behavior,train,2374,C01099,0.0
ch2_ecommerce_behavior,train,2375,C00837,1.0
ch2_ecommerce_behavior,train,2376,C04454,0.0
ch2_ecommerce_behavior,train,2377,C07818,0.0
ch2_ecommerce_behavior,train,2378,C04059,0.0
ch2_ecommerce_behavior,train,2379,C09323,1.0
ch2_ecommerce_behavior,train,2380,C00033,0.0
ch2_ecommerce_behavior,train,2381,C05134,0.0
ch2_ecommerce_behavior,train,2382,C00730,0.0
ch2_ecommerce_behavior,train,2383,C03649,0.0
ch2_ecommerce_behavior,train,2384,C08257,1.0
ch2_ecommerce_behavior,train,2385,C01860,1.0
ch2_ecommerce_behavior,train,2386,C01579,0.0
ch2_ecommerce_behavior,train,2387,C05482,0.0
ch2_ecommerce_behavior,train,2388,C01381,1.0
ch2_ecommerce_behavior,train,2389,C06926,0.0
ch2_ecommerce_behavior,train,2390,C03386,0.0
ch2_ecommerce_behavior,train,2391,C03548,1.0
ch2_ecommerce_behavior,train,2392,C04650,0.0
ch2_ecommerce_behavior,train,2393,C05651,0.0
ch2_ecommerce_behavior,train,2394,C06718,0.0
ch2_ecommerce_behavior,train,2395,C05484,0.0
ch2_ecommerce_behavior,train,2396,C03431,1.0
ch2_ecommerce_behavior,train,2397,C04465,0.0
ch2_ecommerce_behavior,train,2398,C06795,0.0
ch2_ecommerce_behavior,train,2399,C05947,0.0
ch2_ecommerce_behavior,train,2400,C06433,0.0
ch2_ecommerce_behavior,train,2401,C01940,1.0
ch2_ecommerce_behavior,train,2402,C08519,1.0
ch2_ecommerce_behavior,train,2403,C06820,0.0
ch2_ecommerce_behavior,train,2404,C07491,0.0
ch2_ecommerce_behavior,train,2405,C00959,0.0
ch2_ecommerce_behavior,train,2406,C01086,0.0
ch2_ecommerce_behavior,train,2407,C00206,0.0
ch2_ecommerce_behavior,train,2408,C03487,0.0
ch2_ecommerce_behavior,train,2409,C05755,0.0
ch2_ecommerce_behavior,train,2410,C09489,0.0
ch2_ecommerce_behavior,train,2411,C05110,0.0
ch2_ecommerce_behavior,train,2412,C02688,1.0
ch2_ecommerce_behavior,train,2413,C07559,0.0
ch2_ecommerce_behavior,train,2414,C00113,0.0
ch2_ecommerce_behavior,train,2415,C08250,0.0
ch2_ecommerce_behavior,train,2416,C02048,0.0
ch2_ecommerce_behavior,train,2417,C05686,0.0
ch2_ecommerce_behavior,train,2418,C02174,1.0
ch2_ecommerce_behavior,train,2419,C01507,0.0
ch2_ecommerce_behavior,train,2420,C09635,1.0
ch2_ecommerce_behavior,train,2421,C06659,0.0
ch2_ecommerce_behavior,train,2422,C05248,0.0
ch2_ecommerce_behavior,train,2423,C05048,0.0
ch2_ecommerce_behavior,train,2424,C00231,0.0
ch2_ecommerce_behavior,train,2425,C02772,0.0
ch2_ecommerce_behavior,train,2426,C05809,0.0
ch2_ecommerce_behavior,train,2427,C07027,1.0
ch2_ecommerce_behavior,train,2428,C01026,0.0
ch2_ecommerce_behavior,train,2429,C05441,0.0
ch2_ecommerce_behavior,train,2430,C06801,0.0
ch2_ecommerce_behavior,train,2431,C05306,0.0
ch2_ecommerce_behavior,train,2432,C02882,0.0
ch2_ecommerce_behavior,train,2433,C07664,0.0
ch2_ecommerce_behavior,train,2434,C04875,0.0
ch2_ecommerce_behavior,train,2435,C06098,0.0
ch2_ecommerce_behavior,train,2436,C01496,0.0
ch2_ecommerce_behavior,train,2437,C07860,0.0
ch2_ecommerce_behavior,train,2438,C09396,0.0
ch2_ecommerce_behavior,train,2439,C04402,1.0
ch2_ecommerce_behavior,train,2440,C03522,0.0
ch2_ecommerce_behavior,train,2441,C04369,1.0
ch2_ecommerce_behavior,train,2442,C09046,1.0
ch2_ecommerce_behavior,train,2443,C01647,1.0
ch2_ecommerce_behavior,train,2444,C06079,0.0
ch2_ecommerce_behavior,train,2445,C04323,1.0
ch2_ecommerce_behavior,train,2446,C05934,0.0
ch2_ecommerce_behavior,train,2447,C09038,0.0
ch2_ecommerce_behavior,train,2448,C01738,0.0
ch2_ecommerce_behavior,train,2449,C00273,0.0
ch2_ecommerce_behavior,train,2450,C01633,0.0
ch2_ecommerce_behavior,train,2451,C00413,0.0
ch2_ecommerce_behavior,train,2452,C00451,0.0
ch2_ecommerce_behavior,train,2453,C05318,0.0
ch2_ecommerce_behavior,train,2454,C00503,0.0
ch2_ecommerce_behavior,train,2455,C03508,0.0
ch2_ecommerce_behavior,train,2456,C00242,0.0
ch2_ecommerce_behavior,train,2457,C07050,0.0
ch2_ecommerce_behavior,train,2458,C00098,1.0
ch2_ecommerce_behavior,train,2459,C07311,0.0
ch2_ecommerce_behavior,train,2460,C00229,0.0
ch2_ecommerce_behavior,train,2461,C05227,1.0
ch2_ecommerce_behavior,train,2462,C03270,0.0
ch2_ecommerce_behavior,train,2463,C01920,0.0
ch2_ecommerce_behavior,train,2464,C00858,1.0
ch2_ecommerce_behavior,train,2465,C03264,0.0
ch2_ecommerce_behavior,train,2466,C07229,0.0
ch2_ecommerce_behavior,train,2467,C01489,0.0
ch2_ecommerce_behavior,train,2468,C05831,0.0
ch2_ecommerce_behavior,train,2469,C01331,0.0
ch2_ecommerce_behavior,train,2470,C04399,0.0
ch2_ecommerce_behavior,train,2471,C01023,0.0
ch2_ecommerce_behavior,train,2472,C03810,0.0
ch2_ecommerce_behavior,train,2473,C09278,0.0
ch2_ecommerce_behavior,train,2474,C08427,0.0
ch2_ecommerce_behavior,train,2475,C01387,0.0
ch2_ecommerce_behavior,train,2476,C04640,0.0
ch2_ecommerce_behavior,train,2477,C04672,0.0
ch2_ecommerce_behavior,train,2478,C08675,0.0
ch2_ecommerce_behavior,train,2479,C05722,0.0
ch2_ecommerce_behavior,train,2480,C01092,0.0
ch2_ecommerce_behavior,train,2481,C09457,0.0
ch2_ecommerce_behavior,train,2482,C06598,0.0
ch2_ecommerce_behavior,train,2483,C04099,0.0
ch2_ecommerce_behavior,train,2484,C09501,0.0
ch2_ecommerce_behavior,train,2485,C01690,0.0
ch2_ecommerce_behavior,train,2486,C00830,0.0
ch2_ecommerce_behavior,train,2487,C07760,0.0
ch2_ecommerce_behavior,train,2488,C09056,0.0
ch2_ecommerce_behavior,train,2489,C01927,0.0
ch2_ecommerce_behavior,train,2490,C04977,1.0
ch2_ecommerce_behavior,train,2491,C05253,0.0
ch2_ecommerce_behavior,train,2492,C08283,0.0
ch2_ecommerce_behavior,train,2493,C06538,0.0
ch2_ecommerce_behavior,train,2494,C01592,0.0
ch2_ecommerce_behavior,train,2495,C08061,1.0
ch2_ecommerce_behavior,train,2496,C04058,0.0
ch2_ecommerce_behavior,train,2497,C00657,0.0
ch2_ecommerce_behavior,train,2498,C02790,0.0
ch2_ecommerce_behavior,train,2499,C08573,0.0
ch2_ecommerce_behavior,train,2500,C00061,0.0
ch2_ecommerce_behavior,train,2501,C09771,0.0
ch2_ecommerce_behavior,train,2502,C07896,0.0
ch2_ecommerce_behavior,train,2503,C06905,0.0
ch2_ecommerce_behavior,train,2504,C01611,1.0
ch2_ecommerce_behavior,train,2505,C08137,0.0
ch2_ecommerce_behavior,train,2506,C01746,0.0
ch2_ecommerce_behavior,train,2507,C01314,0.0
ch2_ecommerce_behavior,train,2508,C01335,0.0
ch2_ecommerce_behavior,train,2509,C08365,1.0
ch2_ecommerce_behavior,train,2510,C00257,0.0
ch2_ecommerce_behavior,train,2511,C04944,0.0
ch2_ecommerce_behavior,train,2512,C03549,0.0
ch2_ecommerce_behavior,train,2513,C04128,0.0
ch2_ecommerce_behavior,train,2514,C06316,0.0
ch2_ecommerce_behavior,train,2515,C02994,0.0
ch2_ecommerce_behavior,train,2516,C04894,0.0
ch2_ecommerce_behavior,train,2517,C06968,0.0
ch2_ecommerce_behavior,train,2518,C01779,0.0
ch2_ecommerce_behavior,train,2519,C00495,0.0
ch2_ecommerce_behavior,train,2520,C00021,0.0
ch2_ecommerce_behavior,train,2521,C04470,0.0
ch2_ecommerce_behavior,train,2522,C05122,0.0
ch2_ecommerce_behavior,train,2523,C03823,1.0
ch2_ecommerce_behavior,train,2524,C04595,0.0
ch2_ecommerce_behavior,train,2525,C02515,0.0
ch2_ecommerce_behavior,train,2526,C01607,0.0
ch2_ecommerce_behavior,train,2527,C03831,0.0
ch2_ecommerce_behavior,train,2528,C02776,0.0
ch2_ecommerce_behavior,train,2529,C07712,1.0
ch2_ecommerce_behavior,train,2530,C00359,0.0
ch2_ecommerce_behavior,train,2531,C04282,0.0
ch2_ecommerce_behavior,train,2532,C03955,1.0
ch2_ecommerce_behavior,train,2533,C07461,0.0
ch2_ecommerce_behavior,train,2534,C05579,0.0
ch2_ecommerce_behavior,train,2535,C01042,1.0
ch2_ecommerce_behavior,train,2536,C01454,0.0
ch2_ecommerce_behavior,train,2537,C07583,0.0
ch2_ecommerce_behavior,train,2538,C03044,0.0
ch2_ecommerce_behavior,train,2539,C06543,0.0
ch2_ecommerce_behavior,train,2540,C09134,1.0
ch2_ecommerce_behavior,train,2541,C04494,0.0
ch2_ecommerce_behavior,train,2542,C07332,0.0
ch2_ecommerce_behavior,train,2543,C00276,0.0
ch2_ecommerce_behavior,train,2544,C07110,0.0
ch2_ecommerce_behavior,train,2545,C04678,0.0
ch2_ecommerce_behavior,train,2546,C00270,0.0
ch2_ecommerce_behavior,train,2547,C08185,0.0
ch2_ecommerce_behavior,train,2548,C09125,0.0
ch2_ecommerce_behavior,train,2549,C09301,0.0
ch2_ecommerce_behavior,train,2550,C05020,0.0
ch2_ecommerce_behavior,train,2551,C05685,0.0
ch2_ecommerce_behavior,train,2552,C09346,0.0
ch2_ecommerce_behavior,train,2553,C09648,0.0
ch2_ecommerce_behavior,train,2554,C06665,0.0
ch2_ecommerce_behavior,train,2555,C04947,0.0
ch2_ecommerce_behavior,train,2556,C05615,0.0
ch2_ecommerce_behavior,train,2557,C05066,0.0
ch2_ecommerce_behavior,train,2558,C05960,0.0
ch2_ecommerce_behavior,train,2559,C02788,0.0
ch2_ecommerce_behavior,train,2560,C09645,1.0
ch2_ecommerce_behavior,train,2561,C03661,0.0
ch2_ecommerce_behavior,train,2562,C04720,0.0
ch2_ecommerce_behavior,train,2563,C05818,0.0
ch2_ecommerce_behavior,train,2564,C09103,0.0
ch2_ecommerce_behavior,train,2565,C08021,0.0
ch2_ecommerce_behavior,train,2566,C03923,0.0
ch2_ecommerce_behavior,train,2567,C09368,0.0
ch2_ecommerce_behavior,train,2568,C00161,0.0
ch2_ecommerce_behavior,train,2569,C08267,0.0
ch2_ecommerce_behavior,train,2570,C04408,0.0
ch2_ecommerce_behavior,train,2571,C04471,0.0
ch2_ecommerce_behavior,train,2572,C08475,0.0
ch2_ecommerce_behavior,train,2573,C01945,0.0
ch2_ecommerce_behavior,train,2574,C09848,0.0
ch2_ecommerce_behavior,train,2575,C01315,0.0
ch2_ecommerce_behavior,train,2576,C01644,1.0
ch2_ecommerce_behavior,train,2577,C02267,0.0
ch2_ecommerce_behavior,train,2578,C00221,0.0
ch2_ecommerce_behavior,train,2579,C08585,0.0
ch2_ecommerce_behavior,train,2580,C08016,0.0
ch2_ecommerce_behavior,train,2581,C09008,0.0
ch2_ecommerce_behavior,train,2582,C02889,0.0
ch2_ecommerce_behavior,train,2583,C05433,0.0
ch2_ecommerce_behavior,train,2584,C04216,0.0
ch2_ecommerce_behavior,train,2585,C06529,0.0
ch2_ecommerce_behavior,train,2586,C07624,0.0
ch2_ecommerce_behavior,train,2587,C08554,0.0
ch2_ecommerce_behavior,train,2588,C01352,1.0
ch2_ecommerce_behavior,train,2589,C02170,0.0
ch2_ecommerce_behavior,train,2590,C08240,0.0
ch2_ecommerce_behavior,train,2591,C07220,0.0
ch2_ecommerce_behavior,train,2592,C06760,0.0
ch2_ecommerce_behavior,train,2593,C08932,1.0
ch2_ecommerce_behavior,train,2594,C09593,0.0
ch2_ecommerce_behavior,train,2595,C00864,0.0
ch2_ecommerce_behavior,train,2596,C08325,0.0
ch2_ecommerce_behavior,train,2597,C08978,0.0
ch2_ecommerce_behavior,train,2598,C06561,0.0
ch2_ecommerce_behavior,train,2599,C01222,0.0
ch2_ecommerce_behavior,train,2600,C06018,0.0
ch2_ecommerce_behavior,train,2601,C03036,0.0
ch2_ecommerce_behavior,train,2602,C03935,0.0
ch2_ecommerce_behavior,train,2603,C08642,0.0
ch2_ecommerce_behavior,train,2604,C04731,0.0
ch2_ecommerce_behavior,train,2605,C00251,0.0
ch2_ecommerce_behavior,train,2606,C01668,0.0
ch2_ecommerce_behavior,train,2607,C04111,0.0
ch2_ecommerce_behavior,train,2608,C00961,0.0
ch2_ecommerce_behavior,train,2609,C04057,0.0
ch2_ecommerce_behavior,train,2610,C08399,0.0
ch2_ecommerce_behavior,train,2611,C01480,0.0
ch2_ecommerce_behavior,train,2612,C09667,0.0
ch2_ecommerce_behavior,train,2613,C04453,0.0
ch2_ecommerce_behavior,train,2614,C02745,0.0
ch2_ecommerce_behavior,train,2615,C00272,0.0
ch2_ecommerce_behavior,train,2616,C00315,0.0
ch2_ecommerce_behavior,train,2617,C08779,0.0
ch2_ecommerce_behavior,train,2618,C02539,0.0
ch2_ecommerce_behavior,train,2619,C06464,0.0
ch2_ecommerce_behavior,train,2620,C06498,0.0
ch2_ecommerce_behavior,train,2621,C00408,0.0
ch2_ecommerce_behavior,train,2622,C08481,0.0
ch2_ecommerce_behavior,train,2623,C05828,0.0
ch2_ecommerce_behavior,train,2624,C07355,0.0
ch2_ecommerce_behavior,train,2625,C02032,0.0
ch2_ecommerce_behavior,train,2626,C06421,0.0
ch2_ecommerce_behavior,train,2627,C05180,0.0
ch2_ecommerce_behavior,train,2628,C03894,0.0
ch2_ecommerce_behavior,train,2629,C03288,0.0
ch2_ecommerce_behavior,train,2630,C08655,0.0
ch2_ecommerce_behavior,train,2631,C02450,1.0
ch2_ecommerce_behavior,train,2632,C07566,0.0
ch2_ecommerce_behavior,train,2633,C01759,0.0
ch2_ecommerce_behavior,train,2634,C04534,0.0
ch2_ecommerce_behavior,train,2635,C04588,0.0
ch2_ecommerce_behavior,train,2636,C09211,0.0
ch2_ecommerce_behavior,train,2637,C00772,0.0
ch2_ecommerce_behavior,train,2638,C03839,0.0
ch2_ecommerce_behavior,train,2639,C06792,1.0
ch2_ecommerce_behavior,train,2640,C01027,0.0
ch2_ecommerce_behavior,train,2641,C04016,0.0
ch2_ecommerce_behavior,train,2642,C08506,0.0
ch2_ecommerce_behavior,train,2643,C09299,0.0
ch2_ecommerce_behavior,train,2644,C06236,0.0
ch2_ecommerce_behavior,train,2645,C03481,1.0
ch2_ecommerce_behavior,train,2646,C08957,0.0
ch2_ecommerce_behavior,train,2647,C09876,0.0
ch2_ecommerce_behavior,train,2648,C09616,0.0
ch2_ecommerce_behavior,train,2649,C03807,0.0
ch2_ecommerce_behavior,train,2650,C02107,1.0
ch2_ecommerce_behavior,train,2651,C03577,0.0
ch2_ecommerce_behavior,train,2652,C05394,0.0
ch2_ecommerce_behavior,train,2653,C01519,0.0
ch2_ecommerce_behavior,train,2654,C02338,0.0
ch2_ecommerce_behavior,train,2655,C05975,0.0
ch2_ecommerce_behavior,train,2656,C04621,0.0
ch2_ecommerce_behavior,train,2657,C05902,0.0
ch2_ecommerce_behavior,train,2658,C09737,0.0
ch2_ecommerce_behavior,train,2659,C04744,0.0
ch2_ecommerce_behavior,train,2660,C02813,1.0
ch2_ecommerce_behavior,train,2661,C00099,1.0
ch2_ecommerce_behavior,train,2662,C04757,0.0
ch2_ecommerce_behavior,train,2663,C05648,0.0
ch2_ecommerce_behavior,train,2664,C02059,1.0
ch2_ecommerce_behavior,train,2665,C04276,0.0
ch2_ecommerce_behavior,train,2666,C07367,0.0
ch2_ecommerce_behavior,train,2667,C05198,0.0
ch2_ecommerce_behavior,train,2668,C00565,0.0
ch2_ecommerce_behavior,train,2669,C04791,0.0
ch2_ecommerce_behavior,train,2670,C05953,0.0
ch2_ecommerce_behavior,train,2671,C03405,0.0
ch2_ecommerce_behavior,train,2672,C02832,0.0
ch2_ecommerce_behavior,train,2673,C05428,0.0
ch2_ecommerce_behavior,train,2674,C07450,0.0
ch2_ecommerce_behavior,train,2675,C01549,0.0
ch2_ecommerce_behavior,train,2676,C09519,1.0
ch2_ecommerce_behavior,train,2677,C03553,0.0
ch2_ecommerce_behavior,train,2678,C02216,0.0
ch2_ecommerce_behavior,train,2679,C01586,1.0
ch2_ecommerce_behavior,train,2680,C08136,0.0
ch2_ecommerce_behavior,train,2681,C05452,0.0
ch2_ecommerce_behavior,train,2682,C07324,0.0
ch2_ecommerce_behavior,train,2683,C05923,0.0
ch2_ecommerce_behavior,train,2684,C07782,0.0
ch2_ecommerce_behavior,train,2685,C02206,0.0
ch2_ecommerce_behavior,train,2686,C09498,0.0
ch2_ecommerce_behavior,train,2687,C04000,0.0
ch2_ecommerce_behavior,train,2688,C04476,0.0
ch2_ecommerce_behavior,train,2689,C08795,0.0
ch2_ecommerce_behavior,train,2690,C00062,0.0
ch2_ecommerce_behavior,train,2691,C01659,1.0
ch2_ecommerce_behavior,train,2692,C00332,0.0
ch2_ecommerce_behavior,train,2693,C09230,0.0
ch2_ecommerce_behavior,train,2694,C02637,1.0
ch2_ecommerce_behavior,train,2695,C03662,0.0
ch2_ecommerce_behavior,train,2696,C00916,1.0
ch2_ecommerce_behavior,train,2697,C03279,1.0
ch2_ecommerce_behavior,train,2698,C05990,1.0
ch2_ecommerce_behavior,train,2699,C03547,1.0
ch2_ecommerce_behavior,train,2700,C03237,0.0
ch2_ecommerce_behavior,train,2701,C06514,0.0
ch2_ecommerce_behavior,train,2702,C02408,1.0
ch2_ecommerce_behavior,train,2703,C00196,1.0
ch2_ecommerce_behavior,train,2704,C03039,0.0
ch2_ecommerce_behavior,train,2705,C00935,0.0
ch2_ecommerce_behavior,train,2706,C02079,0.0
ch2_ecommerce_behavior,train,2707,C03584,0.0
ch2_ecommerce_behavior,train,2708,C04922,0.0
ch2_ecommerce_behavior,train,2709,C03224,0.0
ch2_ecommerce_behavior,train,2710,C05553,0.0
ch2_ecommerce_behavior,train,2711,C08777,0.0
ch2_ecommerce_behavior,train,2712,C01180,0.0
ch2_ecommerce_behavior,train,2713,C02200,1.0
ch2_ecommerce_behavior,train,2714,C07643,1.0
ch2_ecommerce_behavior,train,2715,C02351,0.0
ch2_ecommerce_behavior,train,2716,C05324,0.0
ch2_ecommerce_behavior,train,2717,C07722,0.0
ch2_ecommerce_behavior,train,2718,C03201,0.0
ch2_ecommerce_behavior,train,2719,C04613,0.0
ch2_ecommerce_behavior,train,2720,C00346,0.0
ch2_ecommerce_behavior,train,2721,C09677,0.0
ch2_ecommerce_behavior,train,2722,C00583,0.0
ch2_ecommerce_behavior,train,2723,C07792,0.0
ch2_ecommerce_behavior,train,2724,C07773,0.0
ch2_ecommerce_behavior,train,2725,C06273,0.0
ch2_ecommerce_behavior,train,2726,C09548,1.0
ch2_ecommerce_behavior,train,2727,C06788,0.0
ch2_ecommerce_behavior,train,2728,C02453,0.0
ch2_ecommerce_behavior,train,2729,C07014,0.0
ch2_ecommerce_behavior,train,2730,C02278,0.0
ch2_ecommerce_behavior,train,2731,C02205,0.0
ch2_ecommerce_behavior,train,2732,C00019,1.0
ch2_ecommerce_behavior,train,2733,C05009,0.0
ch2_ecommerce_behavior,train,2734,C00497,0.0
ch2_ecommerce_behavior,train,2735,C05406,1.0
ch2_ecommerce_behavior,train,2736,C03740,0.0
ch2_ecommerce_behavior,train,2737,C01663,0.0
ch2_ecommerce_behavior,train,2738,C07560,0.0
ch2_ecommerce_behavior,train,2739,C07002,0.0
ch2_ecommerce_behavior,train,2740,C05537,0.0
ch2_ecommerce_behavior,train,2741,C03339,0.0
ch2_ecommerce_behavior,train,2742,C08736,0.0
ch2_ecommerce_behavior,train,2743,C03342,0.0
ch2_ecommerce_behavior,train,2744,C06096,0.0
ch2_ecommerce_behavior,train,2745,C09374,0.0
ch2_ecommerce_behavior,train,2746,C07211,0.0
ch2_ecommerce_behavior,train,2747,C08369,0.0
ch2_ecommerce_behavior,train,2748,C03469,0.0
ch2_ecommerce_behavior,train,2749,C06785,0.0
ch2_ecommerce_behavior,train,2750,C06043,1.0
ch2_ecommerce_behavior,train,2751,C05653,0.0
ch2_ecommerce_behavior,train,2752,C02935,0.0
ch2_ecommerce_behavior,train,2753,C01380,1.0
ch2_ecommerce_behavior,train,2754,C04180,0.0
ch2_ecommerce_behavior,train,2755,C01164,1.0
ch2_ecommerce_behavior,train,2756,C06335,1.0
ch2_ecommerce_behavior,train,2757,C03685,0.0
ch2_ecommerce_behavior,train,2758,C02167,0.0
ch2_ecommerce_behavior,train,2759,C09386,0.0
ch2_ecommerce_behavior,train,2760,C07554,0.0
ch2_ecommerce_behavior,train,2761,C00646,0.0
ch2_ecommerce_behavior,train,2762,C09392,0.0
ch2_ecommerce_behavior,train,2763,C09016,0.0
ch2_ecommerce_behavior,train,2764,C01052,0.0
ch2_ecommerce_behavior,train,2765,C03683,1.0
ch2_ecommerce_behavior,train,2766,C07013,0.0
ch2_ecommerce_behavior,train,2767,C08581,0.0
ch2_ecommerce_behavior,train,2768,C09908,0.0
ch2_ecommerce_behavior,train,2769,C00920,1.0
ch2_ecommerce_behavior,train,2770,C05865,0.0
ch2_ecommerce_behavior,train,2771,C03452,0.0
ch2_ecommerce_behavior,train,2772,C02496,0.0
ch2_ecommerce_behavior,train,2773,C03531,1.0
ch2_ecommerce_behavior,train,2774,C01685,1.0
ch2_ecommerce_behavior,train,2775,C02842,0.0
ch2_ecommerce_behavior,train,2776,C06783,1.0
ch2_ecommerce_behavior,train,2777,C08251,1.0
ch2_ecommerce_behavior,train,2778,C07849,0.0
ch2_ecommerce_behavior,train,2779,C03318,0.0
ch2_ecommerce_behavior,train,2780,C01697,0.0
ch2_ecommerce_behavior,train,2781,C09473,0.0
ch2_ecommerce_behavior,train,2782,C07906,0.0
ch2_ecommerce_behavior,train,2783,C07061,0.0
ch2_ecommerce_behavior,train,2784,C07390,1.0
ch2_ecommerce_behavior,train,2785,C00640,0.0
ch2_ecommerce_behavior,train,2786,C01980,0.0
ch2_ecommerce_behavior,train,2787,C03003,0.0
ch2_ecommerce_behavior,train,2788,C08640,0.0
ch2_ecommerce_behavior,train,2789,C08828,1.0
ch2_ecommerce_behavior,train,2790,C07802,0.0
ch2_ecommerce_behavior,train,2791,C00997,1.0
ch2_ecommerce_behavior,train,2792,C06716,0.0
ch2_ecommerce_behavior,train,2793,C04764,0.0
ch2_ecommerce_behavior,train,2794,C06574,0.0
ch2_ecommerce_behavior,train,2795,C01175,0.0
ch2_ecommerce_behavior,train,2796,C02245,0.0
ch2_ecommerce_behavior,train,2797,C01375,0.0
ch2_ecommerce_behavior,train,2798,C05264,0.0
ch2_ecommerce_behavior,train,2799,C02876,0.0
ch2_ecommerce_behavior,train,2800,C04366,1.0
ch2_ecommerce_behavior,train,2801,C06271,1.0
ch2_ecommerce_behavior,train,2802,C08234,0.0
ch2_ecommerce_behavior,train,2803,C02305,0.0
ch2_ecommerce_behavior,train,2804,C00817,0.0
ch2_ecommerce_behavior,train,2805,C03565,0.0
ch2_ecommerce_behavior,train,2806,C04459,0.0
ch2_ecommerce_behavior,train,2807,C01001,0.0
ch2_ecommerce_behavior,train,2808,C00991,0.0
ch2_ecommerce_behavior,train,2809,C07374,0.0
ch2_ecommerce_behavior,train,2810,C01083,0.0
ch2_ecommerce_behavior,train,2811,C09700,1.0
ch2_ecommerce_behavior,train,2812,C00765,0.0
ch2_ecommerce_behavior,train,2813,C03864,0.0
ch2_ecommerce_behavior,train,2814,C09824,1.0
ch2_ecommerce_behavior,train,2815,C02084,0.0
ch2_ecommerce_behavior,train,2816,C05556,0.0
ch2_ecommerce_behavior,train,2817,C05642,0.0
ch2_ecommerce_behavior,train,2818,C06201,0.0
ch2_ecommerce_behavior,train,2819,C01058,0.0
ch2_ecommerce_behavior,train,2820,C03451,0.0
ch2_ecommerce_behavior,train,2821,C07181,0.0
ch2_ecommerce_behavior,train,2822,C08274,1.0
ch2_ecommerce_behavior,train,2823,C05855,0.0
ch2_ecommerce_behavior,train,2824,C05118,0.0
ch2_ecommerce_behavior,train,2825,C04788,0.0
ch2_ecommerce_behavior,train,2826,C07242,0.0
ch2_ecommerce_behavior,train,2827,C00769,0.0
ch2_ecommerce_behavior,train,2828,C01728,0.0
ch2_ecommerce_behavior,train,2829,C01478,0.0
ch2_ecommerce_behavior,train,2830,C08334,1.0
ch2_ecommerce_behavior,train,2831,C04914,0.0
ch2_ecommerce_behavior,train,2832,C03562,0.0
ch2_ecommerce_behavior,train,2833,C00363,0.0
ch2_ecommerce_behavior,train,2834,C03063,0.0
ch2_ecommerce_behavior,train,2835,C00321,0.0
ch2_ecommerce_behavior,train,2836,C00941,0.0
ch2_ecommerce_behavior,train,2837,C08236,0.0
ch2_ecommerce_behavior,train,2838,C07948,1.0
ch2_ecommerce_behavior,train,2839,C03750,1.0
ch2_ecommerce_behavior,train,2840,C07808,0.0
ch2_ecommerce_behavior,train,2841,C05175,1.0
ch2_ecommerce_behavior,train,2842,C08030,0.0
ch2_ecommerce_behavior,train,2843,C03698,0.0
ch2_ecommerce_behavior,train,2844,C05581,1.0
ch2_ecommerce_behavior,train,2845,C00382,1.0
ch2_ecommerce_behavior,train,2846,C01515,0.0
ch2_ecommerce_behavior,train,2847,C09264,1.0
ch2_ecommerce_behavior,train,2848,C01080,0.0
ch2_ecommerce_behavior,train,2849,C07209,0.0
ch2_ecommerce_behavior,train,2850,C04385,0.0
ch2_ecommerce_behavior,train,2851,C01104,1.0
ch2_ecommerce_behavior,train,2852,C04202,0.0
ch2_ecommerce_behavior,train,2853,C02639,1.0
ch2_ecommerce_behavior,train,2854,C04107,0.0
ch2_ecommerce_behavior,train,2855,C06049,0.0
ch2_ecommerce_behavior,train,2856,C00823,0.0
ch2_ecommerce_behavior,train,2857,C00752,0.0
ch2_ecommerce_behavior,train,2858,C08668,0.0
ch2_ecommerce_behavior,train,2859,C05106,0.0
ch2_ecommerce_behavior,train,2860,C08003,0.0
ch2_ecommerce_behavior,train,2861,C04488,1.0
ch2_ecommerce_behavior,train,2862,C05177,1.0
ch2_ecommerce_behavior,train,2863,C03399,0.0
ch2_ecommerce_behavior,train,2864,C09937,0.0
ch2_ecommerce_behavior,train,2865,C07513,0.0
ch2_ecommerce_behavior,train,2866,C00688,0.0
ch2_ecommerce_behavior,train,2867,C09520,0.0
ch2_ecommerce_behavior,train,2868,C01147,0.0
ch2_ecommerce_behavior,train,2869,C09284,0.0
ch2_ecommerce_behavior,train,2870,C06775,0.0
ch2_ecommerce_behavior,train,2871,C06261,0.0
ch2_ecommerce_behavior,train,2872,C03933,1.0
ch2_ecommerce_behavior,train,2873,C02440,0.0
ch2_ecommerce_behavior,train,2874,C07697,0.0
ch2_ecommerce_behavior,train,2875,C02802,0.0
ch2_ecommerce_behavior,train,2876,C08108,0.0
ch2_ecommerce_behavior,train,2877,C07625,0.0
ch2_ecommerce_behavior,train,2878,C09155,0.0
ch2_ecommerce_behavior,train,2879,C09421,1.0
ch2_ecommerce_behavior,train,2880,C08099,0.0
ch2_ecommerce_behavior,train,2881,C07440,0.0
ch2_ecommerce_behavior,train,2882,C02133,0.0
ch2_ecommerce_behavior,train,2883,C07529,0.0
ch2_ecommerce_behavior,train,2884,C02358,0.0
ch2_ecommerce_behavior,train,2885,C01795,0.0
ch2_ecommerce_behavior,train,2886,C08618,1.0
ch2_ecommerce_behavior,train,2887,C05681,0.0
ch2_ecommerce_behavior,train,2888,C06253,0.0
ch2_ecommerce_behavior,train,2889,C00742,0.0
ch2_ecommerce_behavior,train,2890,C05731,0.0
ch2_ecommerce_behavior,train,2891,C09015,0.0
ch2_ecommerce_behavior,train,2892,C05950,0.0
ch2_ecommerce_behavior,train,2893,C00710,1.0
ch2_ecommerce_behavior,train,2894,C07216,0.0
ch2_ecommerce_behavior,train,2895,C06111,0.0
ch2_ecommerce_behavior,train,2896,C03112,0.0
ch2_ecommerce_behavior,train,2897,C04967,0.0
ch2_ecommerce_behavior,train,2898,C08761,1.0
ch2_ecommerce_behavior,train,2899,C00174,0.0
ch2_ecommerce_behavior,train,2900,C01076,0.0
ch2_ecommerce_behavior,train,2901,C07732,1.0
ch2_ecommerce_behavior,train,2902,C03805,0.0
ch2_ecommerce_behavior,train,2903,C06304,0.0
ch2_ecommerce_behavior,train,2904,C08886,0.0
ch2_ecommerce_behavior,train,2905,C07350,1.0
ch2_ecommerce_behavior,train,2906,C05832,0.0
ch2_ecommerce_behavior,train,2907,C04995,0.0
ch2_ecommerce_behavior,train,2908,C03321,0.0
ch2_ecommerce_behavior,train,2909,C03666,0.0
ch2_ecommerce_behavior,train,2910,C07903,0.0
ch2_ecommerce_behavior,train,2911,C07620,0.0
ch2_ecommerce_behavior,train,2912,C03727,0.0
ch2_ecommerce_behavior,train,2913,C00632,0.0
ch2_ecommerce_behavior,train,2914,C02454,0.0
ch2_ecommerce_behavior,train,2915,C06346,1.0
ch2_ecommerce_behavior,train,2916,C07465,0.0
ch2_ecommerce_behavior,train,2917,C08139,1.0
ch2_ecommerce_behavior,train,2918,C08629,0.0
ch2_ecommerce_behavior,train,2919,C09989,0.0
ch2_ecommerce_behavior,train,2920,C01771,0.0
ch2_ecommerce_behavior,train,2921,C08426,0.0
ch2_ecommerce_behavior,train,2922,C07801,0.0
ch2_ecommerce_behavior,train,2923,C03319,0.0
ch2_ecommerce_behavior,train,2924,C07707,0.0
ch2_ecommerce_behavior,train,2925,C08306,0.0
ch2_ecommerce_behavior,train,2926,C01545,1.0
ch2_ecommerce_behavior,train,2927,C00158,0.0
ch2_ecommerce_behavior,train,2928,C07660,0.0
ch2_ecommerce_behavior,train,2929,C01469,0.0
ch2_ecommerce_behavior,train,2930,C06147,1.0
ch2_ecommerce_behavior,train,2931,C00727,0.0
ch2_ecommerce_behavior,train,2932,C03131,0.0
ch2_ecommerce_behavior,train,2933,C04643,0.0
ch2_ecommerce_behavior,train,2934,C05107,0.0
ch2_ecommerce_behavior,train,2935,C04536,1.0
ch2_ecommerce_behavior,train,2936,C06279,1.0
ch2_ecommerce_behavior,train,2937,C08397,0.0
ch2_ecommerce_behavior,train,2938,C00219,0.0
ch2_ecommerce_behavior,train,2939,C09387,1.0
ch2_ecommerce_behavior,train,2940,C05220,0.0
ch2_ecommerce_behavior,train,2941,C01323,0.0
ch2_ecommerce_behavior,train,2942,C01921,0.0
ch2_ecommerce_behavior,train,2943,C05288,0.0
ch2_ecommerce_behavior,train,2944,C04126,0.0
ch2_ecommerce_behavior,train,2945,C01386,0.0
ch2_ecommerce_behavior,train,2946,C06631,0.0
ch2_ecommerce_behavior,train,2947,C05209,0.0
ch2_ecommerce_behavior,train,2948,C09461,0.0
ch2_ecommerce_behavior,train,2949,C04511,0.0
ch2_ecommerce_behavior,train,2950,C02520,0.0
ch2_ecommerce_behavior,train,2951,C09302,1.0
ch2_ecommerce_behavior,train,2952,C01239,0.0
ch2_ecommerce_behavior,train,2953,C03204,0.0
ch2_ecommerce_behavior,train,2954,C06864,0.0
ch2_ecommerce_behavior,train,2955,C02199,0.0
ch2_ecommerce_behavior,train,2956,C08346,0.0
ch2_ecommerce_behavior,train,2957,C00026,0.0
ch2_ecommerce_behavior,train,2958,C09849,0.0
ch2_ecommerce_behavior,train,2959,C04139,0.0
ch2_ecommerce_behavior,train,2960,C00043,0.0
ch2_ecommerce_behavior,train,2961,C01671,0.0
ch2_ecommerce_behavior,train,2962,C09650,0.0
ch2_ecommerce_behavior,train,2963,C06403,0.0
ch2_ecommerce_behavior,train,2964,C04257,0.0
ch2_ecommerce_behavior,train,2965,C01773,0.0
ch2_ecommerce_behavior,train,2966,C06263,0.0
ch2_ecommerce_behavior,train,2967,C09780,0.0
ch2_ecommerce_behavior,train,2968,C03500,1.0
ch2_ecommerce_behavior,train,2969,C02208,0.0
ch2_ecommerce_behavior,train,2970,C00212,0.0
ch2_ecommerce_behavior,train,2971,C03306,0.0
ch2_ecommerce_behavior,train,2972,C03868,0.0
ch2_ecommerce_behavior,train,2973,C00852,0.0
ch2_ecommerce_behavior,train,2974,C03926,0.0
ch2_ecommerce_behavior,train,2975,C06520,0.0
ch2_ecommerce_behavior,train,2976,C02773,0.0
ch2_ecommerce_behavior,train,2977,C02104,0.0
ch2_ecommerce_behavior,train,2978,C00594,0.0
ch2_ecommerce_behavior,train,2979,C06394,0.0
ch2_ecommerce_behavior,train,2980,C03606,1.0
ch2_ecommerce_behavior,train,2981,C09393,0.0
ch2_ecommerce_behavior,train,2982,C06062,0.0
ch2_ecommerce_behavior,train,2983,C03615,0.0
ch2_ecommerce_behavior,train,2984,C00855,0.0
ch2_ecommerce_behavior,train,2985,C07174,0.0
ch2_ecommerce_behavior,train,2986,C01533,0.0
ch2_ecommerce_behavior,train,2987,C08307,0.0
ch2_ecommerce_behavior,train,2988,C03806,0.0
ch2_ecommerce_behavior,train,2989,C08503,0.0
ch2_ecommerce_behavior,train,2990,C05366,0.0
ch2_ecommerce_behavior,train,2991,C06850,0.0
ch2_ecommerce_behavior,train,2992,C05529,0.0
ch2_ecommerce_behavior,train,2993,C03133,0.0
ch2_ecommerce_behavior,train,2994,C04288,0.0
ch2_ecommerce_behavior,train,2995,C08965,1.0
ch2_ecommerce_behavior,train,2996,C07569,1.0
ch2_ecommerce_behavior,train,2997,C06951,1.0
ch2_ecommerce_behavior,train,2998,C05786,0.0
ch2_ecommerce_behavior,train,2999,C08649,0.0
ch2_ecommerce_behavior,train,3000,C06480,0.0
ch2_ecommerce_behavior,train,3001,C04662,0.0
ch2_ecommerce_behavior,train,3002,C08597,0.0
ch2_ecommerce_behavior,train,3003,C01440,0.0
ch2_ecommerce_behavior,train,3004,C05772,1.0
ch2_ecommerce_behavior,train,3005,C05320,0.0
ch2_ecommerce_behavior,train,3006,C04615,0.0
ch2_ecommerce_behavior,train,3007,C05921,0.0
ch2_ecommerce_behavior,train,3008,C01138,1.0
ch2_ecommerce_behavior,train,3009,C09344,0.0
ch2_ecommerce_behavior,train,3010,C05229,0.0
ch2_ecommerce_behavior,train,3011,C02928,0.0
ch2_ecommerce_behavior,train,3012,C05038,0.0
ch2_ecommerce_behavior,train,3013,C06206,0.0
ch2_ecommerce_behavior,train,3014,C07234,0.0
ch2_ecommerce_behavior,train,3015,C06610,0.0
ch2_ecommerce_behavior,train,3016,C05547,0.0
ch2_ecommerce_behavior,train,3017,C09981,0.0
ch2_ecommerce_behavior,train,3018,C06542,0.0
ch2_ecommerce_behavior,train,3019,C09144,0.0
ch2_ecommerce_behavior,train,3020,C09623,0.0
ch2_ecommerce_behavior,train,3021,C02244,0.0
ch2_ecommerce_behavior,train,3022,C05042,0.0
ch2_ecommerce_behavior,train,3023,C09897,0.0
ch2_ecommerce_behavior,train,3024,C04046,0.0
ch2_ecommerce_behavior,train,3025,C04859,0.0
ch2_ecommerce_behavior,train,3026,C07060,1.0
ch2_ecommerce_behavior,train,3027,C03791,0.0
ch2_ecommerce_behavior,train,3028,C06840,0.0
ch2_ecommerce_behavior,train,3029,C09524,0.0
ch2_ecommerce_behavior,train,3030,C03156,0.0
ch2_ecommerce_behavior,train,3031,C04157,1.0
ch2_ecommerce_behavior,train,3032,C05296,0.0
ch2_ecommerce_behavior,train,3033,C03877,0.0
ch2_ecommerce_behavior,train,3034,C05841,0.0
ch2_ecommerce_behavior,train,3035,C09754,0.0
ch2_ecommerce_behavior,train,3036,C01504,1.0
ch2_ecommerce_behavior,train,3037,C01355,0.0
ch2_ecommerce_behavior,train,3038,C02393,0.0
ch2_ecommerce_behavior,train,3039,C06184,0.0
ch2_ecommerce_behavior,train,3040,C07185,1.0
ch2_ecommerce_behavior,train,3041,C05247,1.0
ch2_ecommerce_behavior,train,3042,C06883,0.0
ch2_ecommerce_behavior,train,3043,C02523,0.0
ch2_ecommerce_behavior,train,3044,C08038,1.0
ch2_ecommerce_behavior,train,3045,C01203,0.0
ch2_ecommerce_behavior,train,3046,C09226,1.0
ch2_ecommerce_behavior,train,3047,C09888,0.0
ch2_ecommerce_behavior,train,3048,C06847,0.0
ch2_ecommerce_behavior,train,3049,C06835,0.0
ch2_ecommerce_behavior,train,3050,C03828,0.0
ch2_ecommerce_behavior,train,3051,C04692,0.0
ch2_ecommerce_behavior,train,3052,C02862,0.0
ch2_ecommerce_behavior,train,3053,C08697,0.0
ch2_ecommerce_behavior,train,3054,C05129,1.0
ch2_ecommerce_behavior,train,3055,C05157,0.0
ch2_ecommerce_behavior,train,3056,C02391,1.0
ch2_ecommerce_behavior,train,3057,C07295,0.0
ch2_ecommerce_behavior,train,3058,C06370,0.0
ch2_ecommerce_behavior,train,3059,C03470,0.0
ch2_ecommerce_behavior,train,3060,C00386,0.0
ch2_ecommerce_behavior,train,3061,C02785,0.0
ch2_ecommerce_behavior,train,3062,C04938,0.0
ch2_ecommerce_behavior,train,3063,C05852,1.0
ch2_ecommerce_behavior,train,3064,C05036,0.0
ch2_ecommerce_behavior,train,3065,C05933,0.0
ch2_ecommerce_behavior,train,3066,C02146,0.0
ch2_ecommerce_behavior,train,3067,C07346,1.0
ch2_ecommerce_behavior,train,3068,C00394,0.0
ch2_ecommerce_behavior,train,3069,C05195,0.0
ch2_ecommerce_behavior,train,3070,C00570,0.0
ch2_ecommerce_behavior,train,3071,C01307,0.0
ch2_ecommerce_behavior,train,3072,C04300,0.0
ch2_ecommerce_behavior,train,3073,C08566,0.0
ch2_ecommerce_behavior,train,3074,C02474,1.0
ch2_ecommerce_behavior,train,3075,C00994,0.0
ch2_ecommerce_behavior,train,3076,C01727,0.0
ch2_ecommerce_behavior,train,3077,C03937,0.0
ch2_ecommerce_behavior,train,3078,C06002,1.0
ch2_ecommerce_behavior,train,3079,C08420,0.0
ch2_ecommerce_behavior,train,3080,C01703,0.0
ch2_ecommerce_behavior,train,3081,C08124,0.0
ch2_ecommerce_behavior,train,3082,C07224,0.0
ch2_ecommerce_behavior,train,3083,C07423,0.0
ch2_ecommerce_behavior,train,3084,C09260,1.0
ch2_ecommerce_behavior,train,3085,C03007,1.0
ch2_ecommerce_behavior,train,3086,C01510,0.0
ch2_ecommerce_behavior,train,3087,C07043,1.0
ch2_ecommerce_behavior,train,3088,C04563,0.0
ch2_ecommerce_behavior,train,3089,C00338,0.0
ch2_ecommerce_behavior,train,3090,C04753,0.0
ch2_ecommerce_behavior,train,3091,C08767,1.0
ch2_ecommerce_behavior,train,3092,C06937,0.0
ch2_ecommerce_behavior,train,3093,C03309,1.0
ch2_ecommerce_behavior,train,3094,C07019,0.0
ch2_ecommerce_behavior,train,3095,C05116,1.0
ch2_ecommerce_behavior,train,3096,C08995,0.0
ch2_ecommerce_behavior,train,3097,C00610,0.0
ch2_ecommerce_behavior,train,3098,C05667,0.0
ch2_ecommerce_behavior,train,3099,C06311,0.0
ch2_ecommerce_behavior,train,3100,C03538,1.0
ch2_ecommerce_behavior,train,3101,C00457,0.0
ch2_ecommerce_behavior,train,3102,C06633,0.0
ch2_ecommerce_behavior,train,3103,C07484,0.0
ch2_ecommerce_behavior,train,3104,C01618,0.0
ch2_ecommerce_behavior,train,3105,C06188,0.0
ch2_ecommerce_behavior,train,3106,C04877,0.0
ch2_ecommerce_behavior,train,3107,C03775,0.0
ch2_ecommerce_behavior,train,3108,C02181,0.0
ch2_ecommerce_behavior,train,3109,C07328,0.0
ch2_ecommerce_behavior,train,3110,C09806,0.0
ch2_ecommerce_behavior,train,3111,C02116,1.0
ch2_ecommerce_behavior,train,3112,C02314,0.0
ch2_ecommerce_behavior,train,3113,C06289,0.0
ch2_ecommerce_behavior,train,3114,C05232,0.0
ch2_ecommerce_behavior,train,3115,C06793,0.0
ch2_ecommerce_behavior,train,3116,C09988,0.0
ch2_ecommerce_behavior,train,3117,C04838,1.0
ch2_ecommerce_behavior,train,3118,C09673,0.0
ch2_ecommerce_behavior,train,3119,C01223,0.0
ch2_ecommerce_behavior,train,3120,C01615,0.0
ch2_ecommerce_behavior,train,3121,C06439,0.0
ch2_ecommerce_behavior,train,3122,C04226,0.0
ch2_ecommerce_behavior,train,3123,C00308,0.0
ch2_ecommerce_behavior,train,3124,C05044,1.0
ch2_ecommerce_behavior,train,3125,C00537,1.0
ch2_ecommerce_behavior,train,3126,C04580,0.0
ch2_ecommerce_behavior,train,3127,C05742,0.0
ch2_ecommerce_behavior,train,3128,C01182,0.0
ch2_ecommerce_behavior,train,3129,C04732,0.0
ch2_ecommerce_behavior,train,3130,C00430,0.0
ch2_ecommerce_behavior,train,3131,C01295,0.0
ch2_ecommerce_behavior,train,3132,C08144,1.0
ch2_ecommerce_behavior,train,3133,C01441,1.0
ch2_ecommerce_behavior,train,3134,C03126,0.0
ch2_ecommerce_behavior,train,3135,C01914,1.0
ch2_ecommerce_behavior,train,3136,C09263,0.0
ch2_ecommerce_behavior,train,3137,C05739,0.0
ch2_ecommerce_behavior,train,3138,C06684,0.0
ch2_ecommerce_behavior,train,3139,C08221,0.0
ch2_ecommerce_behavior,train,3140,C06109,0.0
ch2_ecommerce_behavior,train,3141,C01715,0.0
ch2_ecommerce_behavior,train,3142,C04161,0.0
ch2_ecommerce_behavior,train,3143,C02344,0.0
ch2_ecommerce_behavior,train,3144,C05431,0.0
ch2_ecommerce_behavior,train,3145,C02987,0.0
ch2_ecommerce_behavior,train,3146,C02362,1.0
ch2_ecommerce_behavior,train,3147,C04188,1.0
ch2_ecommerce_behavior,train,3148,C08337,0.0
ch2_ecommerce_behavior,train,3149,C08756,0.0
ch2_ecommerce_behavior,train,3150,C05716,1.0
ch2_ecommerce_behavior,train,3151,C07212,0.0
ch2_ecommerce_behavior,train,3152,C06145,0.0
ch2_ecommerce_behavior,train,3153,C05822,0.0
ch2_ecommerce_behavior,train,3154,C00707,0.0
ch2_ecommerce_behavior,train,3155,C01057,0.0
ch2_ecommerce_behavior,train,3156,C08489,0.0
ch2_ecommerce_behavior,train,3157,C05202,0.0
ch2_ecommerce_behavior,train,3158,C04622,0.0
ch2_ecommerce_behavior,train,3159,C06193,0.0
ch2_ecommerce_behavior,train,3160,C02625,1.0
ch2_ecommerce_behavior,train,3161,C07598,0.0
ch2_ecommerce_behavior,train,3162,C02960,0.0
ch2_ecommerce_behavior,train,3163,C04309,1.0
ch2_ecommerce_behavior,train,3164,C02163,0.0
ch2_ecommerce_behavior,train,3165,C07980,0.0
ch2_ecommerce_behavior,train,3166,C05422,0.0
ch2_ecommerce_behavior,train,3167,C01962,0.0
ch2_ecommerce_behavior,train,3168,C01297,0.0
ch2_ecommerce_behavior,train,3169,C03969,0.0
ch2_ecommerce_behavior,train,3170,C02673,0.0
ch2_ecommerce_behavior,train,3171,C00268,0.0
ch2_ecommerce_behavior,train,3172,C07010,0.0
ch2_ecommerce_behavior,train,3173,C01472,0.0
ch2_ecommerce_behavior,train,3174,C09505,0.0
ch2_ecommerce_behavior,train,3175,C09099,1.0
ch2_ecommerce_behavior,train,3176,C02357,0.0
ch2_ecommerce_behavior,train,3177,C03174,0.0
ch2_ecommerce_behavior,train,3178,C03440,1.0
ch2_ecommerce_behavior,train,3179,C03513,1.0
ch2_ecommerce_behavior,train,3180,C06613,0.0
ch2_ecommerce_behavior,train,3181,C07905,0.0
ch2_ecommerce_behavior,train,3182,C02957,1.0
ch2_ecommerce_behavior,train,3183,C09194,0.0
ch2_ecommerce_behavior,train,3184,C02940,1.0
ch2_ecommerce_behavior,train,3185,C03720,0.0
ch2_ecommerce_behavior,train,3186,C00331,0.0
ch2_ecommerce_behavior,train,3187,C04254,0.0
ch2_ecommerce_behavior,train,3188,C05186,0.0
ch2_ecommerce_behavior,train,3189,C08350,0.0
ch2_ecommerce_behavior,train,3190,C01792,0.0
ch2_ecommerce_behavior,train,3191,C05126,0.0
ch2_ecommerce_behavior,train,3192,C00440,0.0
ch2_ecommerce_behavior,train,3193,C09942,0.0
ch2_ecommerce_behavior,train,3194,C04713,0.0
ch2_ecommerce_behavior,train,3195,C01822,0.0
ch2_ecommerce_behavior,train,3196,C00380,0.0
ch2_ecommerce_behavior,train,3197,C09567,0.0
ch2_ecommerce_behavior,train,3198,C03794,0.0
ch2_ecommerce_behavior,train,3199,C01151,0.0
ch2_ecommerce_behavior,train,3200,C06477,0.0
ch2_ecommerce_behavior,train,3201,C08352,0.0
ch2_ecommerce_behavior,train,3202,C09094,1.0
ch2_ecommerce_behavior,train,3203,C09970,0.0
ch2_ecommerce_behavior,train,3204,C09200,1.0
ch2_ecommerce_behavior,train,3205,C01883,1.0
ch2_ecommerce_behavior,train,3206,C04308,0.0
ch2_ecommerce_behavior,train,3207,C05780,0.0
ch2_ecommerce_behavior,train,3208,C07132,0.0
ch2_ecommerce_behavior,train,3209,C00816,0.0
ch2_ecommerce_behavior,train,3210,C09975,0.0
ch2_ecommerce_behavior,train,3211,C06431,1.0
ch2_ecommerce_behavior,train,3212,C00243,0.0
ch2_ecommerce_behavior,train,3213,C04097,0.0
ch2_ecommerce_behavior,train,3214,C00046,0.0
ch2_ecommerce_behavior,train,3215,C09891,0.0
ch2_ecommerce_behavior,train,3216,C05490,1.0
ch2_ecommerce_behavior,train,3217,C05203,0.0
ch2_ecommerce_behavior,train,3218,C03777,0.0
ch2_ecommerce_behavior,train,3219,C05812,1.0
ch2_ecommerce_behavior,train,3220,C02193,1.0
ch2_ecommerce_behavior,train,3221,C06144,0.0
ch2_ecommerce_behavior,train,3222,C03388,0.0
ch2_ecommerce_behavior,train,3223,C07956,0.0
ch2_ecommerce_behavior,train,3224,C06806,0.0
ch2_ecommerce_behavior,train,3225,C07064,0.0
ch2_ecommerce_behavior,train,3226,C00647,0.0
ch2_ecommerce_behavior,train,3227,C00508,0.0
ch2_ecommerce_behavior,train,3228,C03048,0.0
ch2_ecommerce_behavior,train,3229,C03186,0.0
ch2_ecommerce_behavior,train,3230,C02122,1.0
ch2_ecommerce_behavior,train,3231,C06432,0.0
ch2_ecommerce_behavior,train,3232,C04082,0.0
ch2_ecommerce_behavior,train,3233,C06001,0.0
ch2_ecommerce_behavior,train,3234,C06178,0.0
ch2_ecommerce_behavior,train,3235,C03535,0.0
ch2_ecommerce_behavior,train,3236,C01922,0.0
ch2_ecommerce_behavior,train,3237,C00872,0.0
ch2_ecommerce_behavior,train,3238,C04431,0.0
ch2_ecommerce_behavior,train,3239,C08173,0.0
ch2_ecommerce_behavior,train,3240,C00348,1.0
ch2_ecommerce_behavior,train,3241,C04799,0.0
ch2_ecommerce_behavior,train,3242,C03771,1.0
ch2_ecommerce_behavior,train,3243,C02120,0.0
ch2_ecommerce_behavior,train,3244,C08415,0.0
ch2_ecommerce_behavior,train,3245,C08297,1.0
ch2_ecommerce_behavior,train,3246,C04737,0.0
ch2_ecommerce_behavior,train,3247,C02729,1.0
ch2_ecommerce_behavior,train,3248,C08315,0.0
ch2_ecommerce_behavior,train,3249,C09804,0.0
ch2_ecommerce_behavior,train,3250,C01292,0.0
ch2_ecommerce_behavior,train,3251,C07351,1.0
ch2_ecommerce_behavior,train,3252,C07255,1.0
ch2_ecommerce_behavior,train,3253,C09156,0.0
ch2_ecommerce_behavior,train,3254,C09588,0.0
ch2_ecommerce_behavior,train,3255,C07330,0.0
ch2_ecommerce_behavior,train,3256,C03455,1.0
ch2_ecommerce_behavior,train,3257,C07442,0.0
ch2_ecommerce_behavior,train,3258,C03779,1.0
ch2_ecommerce_behavior,train,3259,C02561,0.0
ch2_ecommerce_behavior,train,3260,C03749,0.0
ch2_ecommerce_behavior,train,3261,C01978,0.0
ch2_ecommerce_behavior,train,3262,C09777,0.0
ch2_ecommerce_behavior,train,3263,C03482,0.0
ch2_ecommerce_behavior,train,3264,C08683,0.0
ch2_ecommerce_behavior,train,3265,C04506,0.0
ch2_ecommerce_behavior,train,3266,C05457,0.0
ch2_ecommerce_behavior,train,3267,C00962,0.0
ch2_ecommerce_behavior,train,3268,C04423,1.0
ch2_ecommerce_behavior,train,3269,C01158,0.0
ch2_ecommerce_behavior,train,3270,C07495,0.0
ch2_ecommerce_behavior,train,3271,C08606,0.0
ch2_ecommerce_behavior,train,3272,C07371,0.0
ch2_ecommerce_behavior,train,3273,C04189,0.0
ch2_ecommerce_behavior,train,3274,C08578,0.0
ch2_ecommerce_behavior,train,3275,C05652,0.0
ch2_ecommerce_behavior,train,3276,C07831,0.0
ch2_ecommerce_behavior,train,3277,C04455,0.0
ch2_ecommerce_behavior,train,3278,C07488,0.0
ch2_ecommerce_behavior,train,3279,C05329,0.0
ch2_ecommerce_behavior,train,3280,C05497,0.0
ch2_ecommerce_behavior,train,3281,C04773,0.0
ch2_ecommerce_behavior,train,3282,C01471,1.0
ch2_ecommerce_behavior,train,3283,C00360,0.0
ch2_ecommerce_behavior,train,3284,C08613,0.0
ch2_ecommerce_behavior,train,3285,C08005,0.0
ch2_ecommerce_behavior,train,3286,C08165,0.0
ch2_ecommerce_behavior,train,3287,C01383,0.0
ch2_ecommerce_behavior,train,3288,C01231,0.0
ch2_ecommerce_behavior,train,3289,C08865,0.0
ch2_ecommerce_behavior,train,3290,C09751,0.0
ch2_ecommerce_behavior,train,3291,C06327,1.0
ch2_ecommerce_behavior,train,3292,C07835,0.0
ch2_ecommerce_behavior,train,3293,C07251,0.0
ch2_ecommerce_behavior,train,3294,C07705,0.0
ch2_ecommerce_behavior,train,3295,C07812,0.0
ch2_ecommerce_behavior,train,3296,C06764,0.0
ch2_ecommerce_behavior,train,3297,C08418,0.0
ch2_ecommerce_behavior,train,3298,C02296,0.0
ch2_ecommerce_behavior,train,3299,C06191,0.0
ch2_ecommerce_behavior,train,3300,C08644,0.0
ch2_ecommerce_behavior,train,3301,C04026,0.0
ch2_ecommerce_behavior,train,3302,C08037,0.0
ch2_ecommerce_behavior,train,3303,C00729,0.0
ch2_ecommerce_behavior,train,3304,C00656,0.0
ch2_ecommerce_behavior,train,3305,C05019,0.0
ch2_ecommerce_behavior,train,3306,C07431,1.0
ch2_ecommerce_behavior,train,3307,C03409,0.0
ch2_ecommerce_behavior,train,3308,C09470,0.0
ch2_ecommerce_behavior,train,3309,C04317,0.0
ch2_ecommerce_behavior,train,3310,C08348,0.0
ch2_ecommerce_behavior,train,3311,C06274,0.0
ch2_ecommerce_behavior,train,3312,C06964,1.0
ch2_ecommerce_behavior,train,3313,C00118,1.0
ch2_ecommerce_behavior,train,3314,C07493,0.0
ch2_ecommerce_behavior,train,3315,C06416,0.0
ch2_ecommerce_behavior,train,3316,C06644,0.0
ch2_ecommerce_behavior,train,3317,C01285,0.0
ch2_ecommerce_behavior,train,3318,C00426,1.0
ch2_ecommerce_behavior,train,3319,C04948,0.0
ch2_ecommerce_behavior,train,3320,C03909,1.0
ch2_ecommerce_behavior,train,3321,C07879,0.0
ch2_ecommerce_behavior,train,3322,C00447,0.0
ch2_ecommerce_behavior,train,3323,C08954,0.0
ch2_ecommerce_behavior,train,3324,C06087,0.0
ch2_ecommerce_behavior,train,3325,C08292,0.0
ch2_ecommerce_behavior,train,3326,C03514,0.0
ch2_ecommerce_behavior,train,3327,C06123,0.0
ch2_ecommerce_behavior,train,3328,C07867,0.0
ch2_ecommerce_behavior,train,3329,C06802,0.0
ch2_ecommerce_behavior,train,3330,C07294,0.0
ch2_ecommerce_behavior,train,3331,C08023,0.0
ch2_ecommerce_behavior,train,3332,C06065,0.0
ch2_ecommerce_behavior,train,3333,C06805,0.0
ch2_ecommerce_behavior,train,3334,C05810,0.0
ch2_ecommerce_behavior,train,3335,C02588,0.0
ch2_ecommerce_behavior,train,3336,C07080,0.0
ch2_ecommerce_behavior,train,3337,C02064,1.0
ch2_ecommerce_behavior,train,3338,C06297,0.0
ch2_ecommerce_behavior,train,3339,C09272,0.0
ch2_ecommerce_behavior,train,3340,C00480,0.0
ch2_ecommerce_behavior,train,3341,C05458,0.0
ch2_ecommerce_behavior,train,3342,C00709,1.0
ch2_ecommerce_behavior,train,3343,C06008,0.0
ch2_ecommerce_behavior,train,3344,C08100,1.0
ch2_ecommerce_behavior,train,3345,C08595,0.0
ch2_ecommerce_behavior,train,3346,C04555,0.0
ch2_ecommerce_behavior,train,3347,C05787,0.0
ch2_ecommerce_behavior,train,3348,C03506,0.0
ch2_ecommerce_behavior,train,3349,C00541,0.0
ch2_ecommerce_behavior,train,3350,C06920,0.0
ch2_ecommerce_behavior,train,3351,C02123,0.0
ch2_ecommerce_behavior,train,3352,C02783,0.0
ch2_ecommerce_behavior,train,3353,C01036,1.0
ch2_ecommerce_behavior,train,3354,C06489,0.0
ch2_ecommerce_behavior,train,3355,C07171,0.0
ch2_ecommerce_behavior,train,3356,C06752,0.0
ch2_ecommerce_behavior,train,3357,C06135,1.0
ch2_ecommerce_behavior,train,3358,C08741,0.0
ch2_ecommerce_behavior,train,3359,C02042,0.0
ch2_ecommerce_behavior,train,3360,C00450,1.0
ch2_ecommerce_behavior,train,3361,C08075,0.0
ch2_ecommerce_behavior,train,3362,C04212,0.0
ch2_ecommerce_behavior,train,3363,C01499,0.0
ch2_ecommerce_behavior,train,3364,C00686,0.0
ch2_ecommerce_behavior,train,3365,C07333,0.0
ch2_ecommerce_behavior,train,3366,C06892,0.0
ch2_ecommerce_behavior,train,3367,C06894,0.0
ch2_ecommerce_behavior,train,3368,C09214,1.0
ch2_ecommerce_behavior,train,3369,C00256,0.0
ch2_ecommerce_behavior,train,3370,C05649,0.0
ch2_ecommerce_behavior,train,3371,C05995,0.0
ch2_ecommerce_behavior,train,3372,C07557,0.0
ch2_ecommerce_behavior,train,3373,C02542,0.0
ch2_ecommerce_behavior,train,3374,C01266,0.0
ch2_ecommerce_behavior,train,3375,C01010,1.0
ch2_ecommerce_behavior,train,3376,C08543,0.0
ch2_ecommerce_behavior,train,3377,C09171,0.0
ch2_ecommerce_behavior,train,3378,C08118,0.0
ch2_ecommerce_behavior,train,3379,C07574,1.0
ch2_ecommerce_behavior,train,3380,C04283,0.0
ch2_ecommerce_behavior,train,3381,C04312,0.0
ch2_ecommerce_behavior,train,3382,C08148,0.0
ch2_ecommerce_behavior,train,3383,C02143,0.0
ch2_ecommerce_behavior,train,3384,C02856,0.0
ch2_ecommerce_behavior,train,3385,C01379,1.0
ch2_ecommerce_behavior,train,3386,C03367,0.0
ch2_ecommerce_behavior,train,3387,C07610,0.0
ch2_ecommerce_behavior,train,3388,C00052,0.0
ch2_ecommerce_behavior,train,3389,C04428,0.0
ch2_ecommerce_behavior,train,3390,C08212,0.0
ch2_ecommerce_behavior,train,3391,C01172,0.0
ch2_ecommerce_behavior,train,3392,C01476,0.0
ch2_ecommerce_behavior,train,3393,C06278,0.0
ch2_ecommerce_behavior,train,3394,C01252,1.0
ch2_ecommerce_behavior,train,3395,C05493,0.0
ch2_ecommerce_behavior,train,3396,C04990,0.0
ch2_ecommerce_behavior,train,3397,C05900,0.0
ch2_ecommerce_behavior,train,3398,C06412,0.0
ch2_ecommerce_behavior,train,3399,C05890,0.0
ch2_ecommerce_behavior,train,3400,C05949,0.0
ch2_ecommerce_behavior,train,3401,C02103,0.0
ch2_ecommerce_behavior,train,3402,C09893,0.0
ch2_ecommerce_behavior,train,3403,C05837,0.0
ch2_ecommerce_behavior,train,3404,C09274,0.0
ch2_ecommerce_behavior,train,3405,C07962,0.0
ch2_ecommerce_behavior,train,3406,C07750,0.0
ch2_ecommerce_behavior,train,3407,C07561,0.0
ch2_ecommerce_behavior,train,3408,C03973,0.0
ch2_ecommerce_behavior,train,3409,C09572,0.0
ch2_ecommerce_behavior,train,3410,C04356,0.0
ch2_ecommerce_behavior,train,3411,C02981,1.0
ch2_ecommerce_behavior,train,3412,C06519,0.0
ch2_ecommerce_behavior,train,3413,C06650,0.0
ch2_ecommerce_behavior,train,3414,C05025,0.0
ch2_ecommerce_behavior,train,3415,C09961,0.0
ch2_ecommerce_behavior,train,3416,C03863,0.0
ch2_ecommerce_behavior,train,3417,C05459,1.0
ch2_ecommerce_behavior,train,3418,C05861,1.0
ch2_ecommerce_behavior,train,3419,C07020,1.0
ch2_ecommerce_behavior,train,3420,C07893,0.0
ch2_ecommerce_behavior,train,3421,C05543,0.0
ch2_ecommerce_behavior,train,3422,C00556,1.0
ch2_ecommerce_behavior,train,3423,C06061,0.0
ch2_ecommerce_behavior,train,3424,C04098,0.0
ch2_ecommerce_behavior,train,3425,C01273,1.0
ch2_ecommerce_behavior,train,3426,C02537,0.0
ch2_ecommerce_behavior,train,3427,C07037,0.0
ch2_ecommerce_behavior,train,3428,C01670,0.0
ch2_ecommerce_behavior,train,3429,C02175,0.0
ch2_ecommerce_behavior,train,3430,C00984,0.0
ch2_ecommerce_behavior,train,3431,C05538,0.0
ch2_ecommerce_behavior,train,3432,C04963,0.0
ch2_ecommerce_behavior,train,3433,C09556,0.0
ch2_ecommerce_behavior,train,3434,C08098,0.0
ch2_ecommerce_behavior,train,3435,C09638,1.0
ch2_ecommerce_behavior,train,3436,C02633,0.0
ch2_ecommerce_behavior,train,3437,C07725,0.0
ch2_ecommerce_behavior,train,3438,C04918,0.0
ch2_ecommerce_behavior,train,3439,C03755,1.0
ch2_ecommerce_behavior,train,3440,C07421,0.0
ch2_ecommerce_behavior,train,3441,C04725,0.0
ch2_ecommerce_behavior,train,3442,C05892,0.0
ch2_ecommerce_behavior,train,3443,C08424,0.0
ch2_ecommerce_behavior,train,3444,C09467,0.0
ch2_ecommerce_behavior,train,3445,C07123,0.0
ch2_ecommerce_behavior,train,3446,C02441,0.0
ch2_ecommerce_behavior,train,3447,C09549,0.0
ch2_ecommerce_behavior,train,3448,C01277,0.0
ch2_ecommerce_behavior,train,3449,C08305,0.0
ch2_ecommerce_behavior,train,3450,C01169,1.0
ch2_ecommerce_behavior,train,3451,C04535,1.0
ch2_ecommerce_behavior,train,3452,C07679,0.0
ch2_ecommerce_behavior,train,3453,C05184,1.0
ch2_ecommerce_behavior,train,3454,C06131,0.0
ch2_ecommerce_behavior,train,3455,C07155,0.0
ch2_ecommerce_behavior,train,3456,C05357,0.0
ch2_ecommerce_behavior,train,3457,C09316,0.0
ch2_ecommerce_behavior,train,3458,C06359,0.0
ch2_ecommerce_behavior,train,3459,C03380,0.0
ch2_ecommerce_behavior,train,3460,C05585,1.0
ch2_ecommerce_behavior,train,3461,C09861,0.0
ch2_ecommerce_behavior,train,3462,C02742,0.0
ch2_ecommerce_behavior,train,3463,C04091,0.0
ch2_ecommerce_behavior,train,3464,C08583,0.0
ch2_ecommerce_behavior,train,3465,C03103,0.0
ch2_ecommerce_behavior,train,3466,C06296,1.0
ch2_ecommerce_behavior,train,3467,C05027,0.0
ch2_ecommerce_behavior,train,3468,C05117,0.0
ch2_ecommerce_behavior,train,3469,C01513,0.0
ch2_ecommerce_behavior,train,3470,C00479,1.0
ch2_ecommerce_behavior,train,3471,C08849,1.0
ch2_ecommerce_behavior,train,3472,C01382,0.0
ch2_ecommerce_behavior,train,3473,C05635,0.0
ch2_ecommerce_behavior,train,3474,C08000,0.0
ch2_ecommerce_behavior,train,3475,C00439,0.0
ch2_ecommerce_behavior,train,3476,C03221,0.0
ch2_ecommerce_behavior,train,3477,C06292,0.0
ch2_ecommerce_behavior,train,3478,C01007,0.0
ch2_ecommerce_behavior,train,3479,C00266,1.0
ch2_ecommerce_behavior,train,3480,C06533,0.0
ch2_ecommerce_behavior,train,3481,C09573,0.0
ch2_ecommerce_behavior,train,3482,C03218,0.0
ch2_ecommerce_behavior,train,3483,C07871,0.0
ch2_ecommerce_behavior,train,3484,C01054,0.0
ch2_ecommerce_behavior,train,3485,C03235,0.0
ch2_ecommerce_behavior,train,3486,C00530,0.0
ch2_ecommerce_behavior,train,3487,C07256,0.0
ch2_ecommerce_behavior,train,3488,C02822,1.0
ch2_ecommerce_behavior,train,3489,C02663,1.0
ch2_ecommerce_behavior,train,3490,C02846,0.0
ch2_ecommerce_behavior,train,3491,C07810,0.0
ch2_ecommerce_behavior,train,3492,C07241,0.0
ch2_ecommerce_behavior,train,3493,C00093,1.0
ch2_ecommerce_behavior,train,3494,C06012,1.0
ch2_ecommerce_behavior,train,3495,C00611,0.0
ch2_ecommerce_behavior,train,3496,C00314,1.0
ch2_ecommerce_behavior,train,3497,C02837,0.0
ch2_ecommerce_behavior,train,3498,C09713,0.0
ch2_ecommerce_behavior,train,3499,C02915,0.0
ch2_ecommerce_behavior,train,3500,C06949,0.0
ch2_ecommerce_behavior,train,3501,C04090,0.0
ch2_ecommerce_behavior,train,3502,C06523,0.0
ch2_ecommerce_behavior,train,3503,C03102,1.0
ch2_ecommerce_behavior,train,3504,C08955,0.0
ch2_ecommerce_behavior,train,3505,C08856,1.0
ch2_ecommerce_behavior,train,3506,C01318,0.0
ch2_ecommerce_behavior,train,3507,C07644,0.0
ch2_ecommerce_behavior,train,3508,C05068,0.0
ch2_ecommerce_behavior,train,3509,C03005,0.0
ch2_ecommerce_behavior,train,3510,C02580,0.0
ch2_ecommerce_behavior,train,3511,C04169,1.0
ch2_ecommerce_behavior,train,3512,C06030,1.0
ch2_ecommerce_behavior,train,3513,C00122,1.0
ch2_ecommerce_behavior,train,3514,C01721,0.0
ch2_ecommerce_behavior,train,3515,C04923,0.0
ch2_ecommerce_behavior,train,3516,C01613,0.0
ch2_ecommerce_behavior,train,3517,C04019,0.0
ch2_ecommerce_behavior,train,3518,C05842,0.0
ch2_ecommerce_behavior,train,3519,C06056,0.0
ch2_ecommerce_behavior,train,3520,C06017,0.0
ch2_ecommerce_behavior,train,3521,C03236,0.0
ch2_ecommerce_behavior,train,3522,C07438,0.0
ch2_ecommerce_behavior,train,3523,C08842,0.0
ch2_ecommerce_behavior,train,3524,C02851,0.0
ch2_ecommerce_behavior,train,3525,C06587,1.0
ch2_ecommerce_behavior,train,3526,C06583,0.0
ch2_ecommerce_behavior,train,3527,C04504,0.0
ch2_ecommerce_behavior,train,3528,C00188,0.0
ch2_ecommerce_behavior,train,3529,C02681,0.0
ch2_ecommerce_behavior,train,3530,C04192,0.0
ch2_ecommerce_behavior,train,3531,C08568,1.0
ch2_ecommerce_behavior,train,3532,C01620,0.0
ch2_ecommerce_behavior,train,3533,C08452,0.0
ch2_ecommerce_behavior,train,3534,C01267,0.0
ch2_ecommerce_behavior,train,3535,C00609,0.0
ch2_ecommerce_behavior,train,3536,C09288,0.0
ch2_ecommerce_behavior,train,3537,C00599,0.0
ch2_ecommerce_behavior,train,3538,C02220,0.0
ch2_ecommerce_behavior,train,3539,C06414,1.0
ch2_ecommerce_behavior,train,3540,C02263,1.0
ch2_ecommerce_behavior,train,3541,C06027,1.0
ch2_ecommerce_behavior,train,3542,C07825,1.0
ch2_ecommerce_behavior,train,3543,C02448,0.0
ch2_ecommerce_behavior,train,3544,C02348,0.0
ch2_ecommerce_behavior,train,3545,C05849,0.0
ch2_ecommerce_behavior,train,3546,C02566,0.0
ch2_ecommerce_behavior,train,3547,C03760,1.0
ch2_ecommerce_behavior,train,3548,C01995,0.0
ch2_ecommerce_behavior,train,3549,C09215,0.0
ch2_ecommerce_behavior,train,3550,C04162,0.0
ch2_ecommerce_behavior,train,3551,C04365,0.0
ch2_ecommerce_behavior,train,3552,C00998,0.0
ch2_ecommerce_behavior,train,3553,C09692,1.0
ch2_ecommerce_behavior,train,3554,C07658,0.0
ch2_ecommerce_behavior,train,3555,C09406,0.0
ch2_ecommerce_behavior,train,3556,C02895,0.0
ch2_ecommerce_behavior,train,3557,C00387,1.0
ch2_ecommerce_behavior,train,3558,C09786,0.0
ch2_ecommerce_behavior,train,3559,C05121,0.0
ch2_ecommerce_behavior,train,3560,C03266,0.0
ch2_ecommerce_behavior,train,3561,C07592,0.0
ch2_ecommerce_behavior,train,3562,C00930,0.0
ch2_ecommerce_behavior,train,3563,C09832,0.0
ch2_ecommerce_behavior,train,3564,C00469,0.0
ch2_ecommerce_behavior,train,3565,C01402,0.0
ch2_ecommerce_behavior,train,3566,C01344,0.0
ch2_ecommerce_behavior,train,3567,C06866,1.0
ch2_ecommerce_behavior,train,3568,C09860,0.0
ch2_ecommerce_behavior,train,3569,C05003,1.0
ch2_ecommerce_behavior,train,3570,C01572,0.0
ch2_ecommerce_behavior,train,3571,C06499,0.0
ch2_ecommerce_behavior,train,3572,C07356,0.0
ch2_ecommerce_behavior,train,3573,C04809,0.0
ch2_ecommerce_behavior,train,3574,C06807,0.0
ch2_ecommerce_behavior,train,3575,C01947,0.0
ch2_ecommerce_behavior,train,3576,C09691,0.0
ch2_ecommerce_behavior,train,3577,C06996,0.0
ch2_ecommerce_behavior,train,3578,C03652,0.0
ch2_ecommerce_behavior,train,3579,C06172,0.0
ch2_ecommerce_behavior,train,3580,C04389,0.0
ch2_ecommerce_behavior,train,3581,C06918,0.0
ch2_ecommerce_behavior,train,3582,C01928,0.0
ch2_ecommerce_behavior,train,3583,C00793,1.0
ch2_ecommerce_behavior,train,3584,C05532,0.0
ch2_ecommerce_behavior,train,3585,C01782,0.0
ch2_ecommerce_behavior,train,3586,C07337,0.0
ch2_ecommerce_behavior,train,3587,C00310,0.0
ch2_ecommerce_behavior,train,3588,C00489,0.0
ch2_ecommerce_behavior,train,3589,C01272,0.0
ch2_ecommerce_behavior,train,3590,C09232,0.0
ch2_ecommerce_behavior,train,3591,C09279,0.0
ch2_ecommerce_behavior,train,3592,C04845,0.0
ch2_ecommerce_behavior,train,3593,C04915,0.0
ch2_ecommerce_behavior,train,3594,C08500,1.0
ch2_ecommerce_behavior,train,3595,C09603,0.0
ch2_ecommerce_behavior,train,3596,C07331,0.0
ch2_ecommerce_behavior,train,3597,C08809,0.0
ch2_ecommerce_behavior,train,3598,C08458,1.0
ch2_ecommerce_behavior,train,3599,C02325,0.0
ch2_ecommerce_behavior,train,3600,C00427,0.0
ch2_ecommerce_behavior,train,3601,C03214,1.0
ch2_ecommerce_behavior,train,3602,C00167,0.0
ch2_ecommerce_behavior,train,3603,C03291,0.0
ch2_ecommerce_behavior,train,3604,C08540,0.0
ch2_ecommerce_behavior,train,3605,C09417,0.0
ch2_ecommerce_behavior,train,3606,C08786,0.0
ch2_ecommerce_behavior,train,3607,C00738,0.0
ch2_ecommerce_behavior,train,3608,C07578,1.0
ch2_ecommerce_behavior,train,3609,C08982,0.0
ch2_ecommerce_behavior,train,3610,C08353,1.0
ch2_ecommerce_behavior,train,3611,C02794,0.0
ch2_ecommerce_behavior,train,3612,C05734,0.0
ch2_ecommerce_behavior,train,3613,C01639,0.0
ch2_ecommerce_behavior,train,3614,C01760,0.0
ch2_ecommerce_behavior,train,3615,C03249,0.0
ch2_ecommerce_behavior,train,3616,C09492,0.0
ch2_ecommerce_behavior,train,3617,C05056,0.0
ch2_ecommerce_behavior,train,3618,C07410,0.0
ch2_ecommerce_behavior,train,3619,C01806,0.0
ch2_ecommerce_behavior,train,3620,C05159,1.0
ch2_ecommerce_behavior,train,3621,C02501,0.0
ch2_ecommerce_behavior,train,3622,C04594,0.0
ch2_ecommerce_behavior,train,3623,C06980,0.0
ch2_ecommerce_behavior,train,3624,C08665,0.0
ch2_ecommerce_behavior,train,3625,C09852,0.0
ch2_ecommerce_behavior,train,3626,C04804,0.0
ch2_ecommerce_behavior,train,3627,C03651,1.0
ch2_ecommerce_behavior,train,3628,C08907,0.0
ch2_ecommerce_behavior,train,3629,C07806,0.0
ch2_ecommerce_behavior,train,3630,C01041,0.0
ch2_ecommerce_behavior,train,3631,C00393,0.0
ch2_ecommerce_behavior,train,3632,C07904,0.0
ch2_ecommerce_behavior,train,3633,C04966,0.0
ch2_ecommerce_behavior,train,3634,C07937,0.0
ch2_ecommerce_behavior,train,3635,C05074,1.0
ch2_ecommerce_behavior,train,3636,C08448,0.0
ch2_ecommerce_behavior,train,3637,C07233,0.0
ch2_ecommerce_behavior,train,3638,C03376,1.0
ch2_ecommerce_behavior,train,3639,C04702,0.0
ch2_ecommerce_behavior,train,3640,C08881,0.0
ch2_ecommerce_behavior,train,3641,C09002,1.0
ch2_ecommerce_behavior,train,3642,C06458,0.0
ch2_ecommerce_behavior,train,3643,C06955,1.0
ch2_ecommerce_behavior,train,3644,C02618,0.0
ch2_ecommerce_behavior,train,3645,C03534,0.0
ch2_ecommerce_behavior,train,3646,C04632,0.0
ch2_ecommerce_behavior,train,3647,C00598,0.0
ch2_ecommerce_behavior,train,3648,C03597,0.0
ch2_ecommerce_behavior,train,3649,C02060,0.0
ch2_ecommerce_behavior,train,3650,C03041,0.0
ch2_ecommerce_behavior,train,3651,C03305,0.0
ch2_ecommerce_behavior,train,3652,C06618,0.0
ch2_ecommerce_behavior,train,3653,C09525,0.0
ch2_ecommerce_behavior,train,3654,C02844,1.0
ch2_ecommerce_behavior,train,3655,C08562,0.0
ch2_ecommerce_behavior,train,3656,C06386,0.0
ch2_ecommerce_behavior,train,3657,C03344,0.0
ch2_ecommerce_behavior,train,3658,C08863,0.0
ch2_ecommerce_behavior,train,3659,C01560,0.0
ch2_ecommerce_behavior,train,3660,C08812,0.0
ch2_ecommerce_behavior,train,3661,C01142,0.0
ch2_ecommerce_behavior,train,3662,C05747,1.0
ch2_ecommerce_behavior,train,3663,C08918,0.0
ch2_ecommerce_behavior,train,3664,C01915,0.0
ch2_ecommerce_behavior,train,3665,C05930,0.0
ch2_ecommerce_behavior,train,3666,C01937,0.0
ch2_ecommerce_behavior,train,3667,C01181,0.0
ch2_ecommerce_behavior,train,3668,C02221,0.0
ch2_ecommerce_behavior,train,3669,C01148,1.0
ch2_ecommerce_behavior,train,3670,C06798,0.0
ch2_ecommerce_behavior,train,3671,C09507,1.0
ch2_ecommerce_behavior,train,3672,C06512,0.0
ch2_ecommerce_behavior,train,3673,C06154,0.0
ch2_ecommerce_behavior,train,3674,C03821,0.0
ch2_ecommerce_behavior,train,3675,C09689,0.0
ch2_ecommerce_behavior,train,3676,C06727,0.0
ch2_ecommerce_behavior,train,3677,C06502,0.0
ch2_ecommerce_behavior,train,3678,C06566,0.0
ch2_ecommerce_behavior,train,3679,C00199,0.0
ch2_ecommerce_behavior,train,3680,C05300,0.0
ch2_ecommerce_behavior,train,3681,C09025,0.0
ch2_ecommerce_behavior,train,3682,C09160,0.0
ch2_ecommerce_behavior,train,3683,C05237,0.0
ch2_ecommerce_behavior,train,3684,C02218,0.0
ch2_ecommerce_behavior,train,3685,C07285,0.0
ch2_ecommerce_behavior,train,3686,C00775,0.0
ch2_ecommerce_behavior,train,3687,C00255,0.0
ch2_ecommerce_behavior,train,3688,C01342,0.0
ch2_ecommerce_behavior,train,3689,C09400,0.0
ch2_ecommerce_behavior,train,3690,C06469,0.0
ch2_ecommerce_behavior,train,3691,C05158,0.0
ch2_ecommerce_behavior,train,3692,C07687,0.0
ch2_ecommerce_behavior,train,3693,C04562,0.0
ch2_ecommerce_behavior,train,3694,C07291,0.0
ch2_ecommerce_behavior,train,3695,C00672,0.0
ch2_ecommerce_behavior,train,3696,C09982,0.0
ch2_ecommerce_behavior,train,3697,C01212,0.0
ch2_ecommerce_behavior,train,3698,C08209,0.0
ch2_ecommerce_behavior,train,3699,C00189,0.0
ch2_ecommerce_behavior,train,3700,C08840,1.0
ch2_ecommerce_behavior,train,3701,C01595,0.0
ch2_ecommerce_behavior,train,3702,C00130,0.0
ch2_ecommerce_behavior,train,3703,C01032,0.0
ch2_ecommerce_behavior,train,3704,C01408,0.0
ch2_ecommerce_behavior,train,3705,C00947,0.0
ch2_ecommerce_behavior,train,3706,C03295,0.0
ch2_ecommerce_behavior,train,3707,C08682,0.0
ch2_ecommerce_behavior,train,3708,C01353,0.0
ch2_ecommerce_behavior,train,3709,C00316,0.0
ch2_ecommerce_behavior,train,3710,C05139,0.0
ch2_ecommerce_behavior,train,3711,C03812,1.0
ch2_ecommerce_behavior,train,3712,C00639,0.0
ch2_ecommerce_behavior,train,3713,C00648,0.0
ch2_ecommerce_behavior,train,3714,C05998,0.0
ch2_ecommerce_behavior,train,3715,C08609,0.0
ch2_ecommerce_behavior,train,3716,C03556,0.0
ch2_ecommerce_behavior,train,3717,C07587,1.0
ch2_ecommerce_behavior,train,3718,C04413,0.0
ch2_ecommerce_behavior,train,3719,C05903,0.0
ch2_ecommerce_behavior,train,3720,C06134,0.0
ch2_ecommerce_behavior,train,3721,C03733,0.0
ch2_ecommerce_behavior,train,3722,C04199,0.0
ch2_ecommerce_behavior,train,3723,C00786,0.0
ch2_ecommerce_behavior,train,3724,C01990,0.0
ch2_ecommerce_behavior,train,3725,C04585,0.0
ch2_ecommerce_behavior,train,3726,C05391,0.0
ch2_ecommerce_behavior,train,3727,C05451,0.0
ch2_ecommerce_behavior,train,3728,C06940,0.0
ch2_ecommerce_behavior,train,3729,C09978,0.0
ch2_ecommerce_behavior,train,3730,C06182,0.0
ch2_ecommerce_behavior,train,3731,C09131,0.0
ch2_ecommerce_behavior,train,3732,C02509,0.0
ch2_ecommerce_behavior,train,3733,C06102,0.0
ch2_ecommerce_behavior,train,3734,C05243,0.0
ch2_ecommerce_behavior,train,3735,C05836,0.0
ch2_ecommerce_behavior,train,3736,C05986,0.0
ch2_ecommerce_behavior,train,3737,C02754,0.0
ch2_ecommerce_behavior,train,3738,C09658,0.0
ch2_ecommerce_behavior,train,3739,C01934,0.0
ch2_ecommerce_behavior,train,3740,C02626,0.0
ch2_ecommerce_behavior,train,3741,C00381,0.0
ch2_ecommerce_behavior,train,3742,C06413,1.0
ch2_ecommerce_behavior,train,3743,C00569,0.0
ch2_ecommerce_behavior,train,3744,C07770,0.0
ch2_ecommerce_behavior,train,3745,C08362,0.0
ch2_ecommerce_behavior,train,3746,C07511,0.0
ch2_ecommerce_behavior,train,3747,C00058,0.0
ch2_ecommerce_behavior,train,3748,C03368,0.0
ch2_ecommerce_behavior,train,3749,C02250,0.0
ch2_ecommerce_behavior,train,3750,C07765,0.0
ch2_ecommerce_behavior,train,3751,C09882,0.0
ch2_ecommerce_behavior,train,3752,C04677,1.0
ch2_ecommerce_behavior,train,3753,C08564,0.0
ch2_ecommerce_behavior,train,3754,C09672,0.0
ch2_ecommerce_behavior,train,3755,C04779,0.0
ch2_ecommerce_behavior,train,3756,C06021,0.0
ch2_ecommerce_behavior,train,3757,C01830,0.0
ch2_ecommerce_behavior,train,3758,C06044,0.0
ch2_ecommerce_behavior,train,3759,C06856,0.0
ch2_ecommerce_behavior,train,3760,C03516,0.0
ch2_ecommerce_behavior,train,3761,C08008,0.0
ch2_ecommerce_behavior,train,3762,C00777,0.0
ch2_ecommerce_behavior,train,3763,C09452,0.0
ch2_ecommerce_behavior,train,3764,C00075,0.0
ch2_ecommerce_behavior,train,3765,C03684,0.0
ch2_ecommerce_behavior,train,3766,C01843,0.0
ch2_ecommerce_behavior,train,3767,C09411,0.0
ch2_ecommerce_behavior,train,3768,C06934,0.0
ch2_ecommerce_behavior,train,3769,C08104,0.0
ch2_ecommerce_behavior,train,3770,C05256,0.0
ch2_ecommerce_behavior,train,3771,C05673,1.0
ch2_ecommerce_behavior,train,3772,C06168,0.0
ch2_ecommerce_behavior,train,3773,C07091,0.0
ch2_ecommerce_behavior,train,3774,C05387,0.0
ch2_ecommerce_behavior,train,3775,C00885,0.0
ch2_ecommerce_behavior,train,3776,C00333,0.0
ch2_ecommerce_behavior,train,3777,C07314,0.0
ch2_ecommerce_behavior,train,3778,C02562,0.0
ch2_ecommerce_behavior,train,3779,C06768,0.0
ch2_ecommerce_behavior,train,3780,C06636,0.0
ch2_ecommerce_behavior,train,3781,C01608,0.0
ch2_ecommerce_behavior,train,3782,C09117,0.0
ch2_ecommerce_behavior,train,3783,C04232,0.0
ch2_ecommerce_behavior,train,3784,C02041,0.0
ch2_ecommerce_behavior,train,3785,C07547,0.0
ch2_ecommerce_behavior,train,3786,C03489,0.0
ch2_ecommerce_behavior,train,3787,C03636,0.0
ch2_ecommerce_behavior,train,3788,C04646,0.0
ch2_ecommerce_behavior,train,3789,C04832,0.0
ch2_ecommerce_behavior,train,3790,C02751,0.0
ch2_ecommerce_behavior,train,3791,C02350,1.0
ch2_ecommerce_behavior,train,3792,C00589,0.0
ch2_ecommerce_behavior,train,3793,C01985,0.0
ch2_ecommerce_behavior,train,3794,C08764,0.0
ch2_ecommerce_behavior,train,3795,C03147,0.0
ch2_ecommerce_behavior,train,3796,C03198,0.0
ch2_ecommerce_behavior,train,3797,C03524,0.0
ch2_ecommerce_behavior,train,3798,C09793,1.0
ch2_ecommerce_behavior,train,3799,C00488,0.0
ch2_ecommerce_behavior,train,3800,C02426,0.0
ch2_ecommerce_behavior,train,3801,C04816,0.0
ch2_ecommerce_behavior,train,3802,C03074,0.0
ch2_ecommerce_behavior,train,3803,C06419,0.0
ch2_ecommerce_behavior,train,3804,C01935,1.0
ch2_ecommerce_behavior,train,3805,C07299,0.0
ch2_ecommerce_behavior,train,3806,C07742,0.0
ch2_ecommerce_behavior,train,3807,C01713,0.0
ch2_ecommerce_behavior,train,3808,C09202,1.0
ch2_ecommerce_behavior,train,3809,C09610,0.0
ch2_ecommerce_behavior,train,3810,C08243,0.0
ch2_ecommerce_behavior,train,3811,C00790,0.0
ch2_ecommerce_behavior,train,3812,C01221,0.0
ch2_ecommerce_behavior,train,3813,C08592,0.0
ch2_ecommerce_behavior,train,3814,C08544,0.0
ch2_ecommerce_behavior,train,3815,C04483,0.0
ch2_ecommerce_behavior,train,3816,C09791,1.0
ch2_ecommerce_behavior,train,3817,C05161,0.0
ch2_ecommerce_behavior,train,3818,C06522,0.0
ch2_ecommerce_behavior,train,3819,C09955,0.0
ch2_ecommerce_behavior,train,3820,C05352,0.0
ch2_ecommerce_behavior,train,3821,C05007,1.0
ch2_ecommerce_behavior,train,3822,C01336,1.0
ch2_ecommerce_behavior,train,3823,C01684,1.0
ch2_ecommerce_behavior,train,3824,C07998,0.0
ch2_ecommerce_behavior,train,3825,C08329,0.0
ch2_ecommerce_behavior,train,3826,C07971,0.0
ch2_ecommerce_behavior,train,3827,C07819,0.0
ch2_ecommerce_behavior,train,3828,C04166,0.0
ch2_ecommerce_behavior,train,3829,C03176,0.0
ch2_ecommerce_behavior,train,3830,C02333,0.0
ch2_ecommerce_behavior,train,3831,C08440,0.0
ch2_ecommerce_behavior,train,3832,C02377,0.0
ch2_ecommerce_behavior,train,3833,C04549,0.0
ch2_ecommerce_behavior,train,3834,C09252,0.0
ch2_ecommerce_behavior,train,3835,C09220,1.0
ch2_ecommerce_behavior,train,3836,C07918,0.0
ch2_ecommerce_behavior,train,3837,C07079,1.0
ch2_ecommerce_behavior,train,3838,C02800,0.0
ch2_ecommerce_behavior,train,3839,C01756,0.0
ch2_ecommerce_behavior,train,3840,C09425,1.0
ch2_ecommerce_behavior,train,3841,C03840,0.0
ch2_ecommerce_behavior,train,3842,C00527,0.0
ch2_ecommerce_behavior,train,3843,C00374,0.0
ch2_ecommerce_behavior,train,3844,C01393,1.0
ch2_ecommerce_behavior,train,3845,C03991,0.0
ch2_ecommerce_behavior,train,3846,C03223,1.0
ch2_ecommerce_behavior,train,3847,C05403,0.0
ch2_ecommerce_behavior,train,3848,C08435,0.0
ch2_ecommerce_behavior,train,3849,C09878,0.0
ch2_ecommerce_behavior,train,3850,C08656,0.0
ch2_ecommerce_behavior,train,3851,C04776,0.0
ch2_ecommerce_behavior,train,3852,C05619,0.0
ch2_ecommerce_behavior,train,3853,C03070,0.0
ch2_ecommerce_behavior,train,3854,C08679,0.0
ch2_ecommerce_behavior,train,3855,C04235,0.0
ch2_ecommerce_behavior,train,3856,C05350,0.0
ch2_ecommerce_behavior,train,3857,C01817,1.0
ch2_ecommerce_behavior,train,3858,C07519,1.0
ch2_ecommerce_behavior,train,3859,C05758,1.0
ch2_ecommerce_behavior,train,3860,C02629,0.0
ch2_ecommerce_behavior,train,3861,C01347,0.0
ch2_ecommerce_behavior,train,3862,C08587,1.0
ch2_ecommerce_behavior,train,3863,C07525,0.0
ch2_ecommerce_behavior,train,3864,C07284,0.0
ch2_ecommerce_behavior,train,3865,C07662,0.0
ch2_ecommerce_behavior,train,3866,C09338,1.0
ch2_ecommerce_behavior,train,3867,C07296,0.0
ch2_ecommerce_behavior,train,3868,C09348,0.0
ch2_ecommerce_behavior,train,3869,C00820,0.0
ch2_ecommerce_behavior,train,3870,C08310,0.0
ch2_ecommerce_behavior,train,3871,C08657,1.0
ch2_ecommerce_behavior,train,3872,C04998,0.0
ch2_ecommerce_behavior,train,3873,C00429,0.0
ch2_ecommerce_behavior,train,3874,C06517,0.0
ch2_ecommerce_behavior,train,3875,C07774,0.0
ch2_ecommerce_behavior,train,3876,C01925,0.0
ch2_ecommerce_behavior,train,3877,C02002,0.0
ch2_ecommerce_behavior,train,3878,C01640,0.0
ch2_ecommerce_behavior,train,3879,C00453,0.0
ch2_ecommerce_behavior,train,3880,C00302,1.0
ch2_ecommerce_behavior,train,3881,C09920,0.0
ch2_ecommerce_behavior,train,3882,C00260,0.0
ch2_ecommerce_behavior,train,3883,C07987,0.0
ch2_ecommerce_behavior,train,3884,C03038,1.0
ch2_ecommerce_behavior,train,3885,C05105,0.0
ch2_ecommerce_behavior,train,3886,C05662,1.0
ch2_ecommerce_behavior,train,3887,C04383,0.0
ch2_ecommerce_behavior,train,3888,C02769,1.0
ch2_ecommerce_behavior,train,3889,C03752,0.0
ch2_ecommerce_behavior,train,3890,C09041,1.0
ch2_ecommerce_behavior,train,3891,C08732,1.0
ch2_ecommerce_behavior,train,3892,C02572,0.0
ch2_ecommerce_behavior,train,3893,C03623,0.0
ch2_ecommerce_behavior,train,3894,C04011,1.0
ch2_ecommerce_behavior,train,3895,C02714,0.0
ch2_ecommerce_behavior,train,3896,C05956,0.0
ch2_ecommerce_behavior,train,3897,C06620,0.0
ch2_ecommerce_behavior,train,3898,C00107,0.0
ch2_ecommerce_behavior,train,3899,C00187,0.0
ch2_ecommerce_behavior,train,3900,C01301,0.0
ch2_ecommerce_behavior,train,3901,C03243,0.0
ch2_ecommerce_behavior,train,3902,C08661,0.0
ch2_ecommerce_behavior,train,3903,C01019,0.0
ch2_ecommerce_behavior,train,3904,C03691,0.0
ch2_ecommerce_behavior,train,3905,C05851,0.0
ch2_ecommerce_behavior,train,3906,C06688,0.0
ch2_ecommerce_behavior,train,3907,C05383,0.0
ch2_ecommerce_behavior,train,3908,C03971,1.0
ch2_ecommerce_behavior,train,3909,C05176,0.0
ch2_ecommerce_behavior,train,3910,C06130,1.0
ch2_ecommerce_behavior,train,3911,C08617,0.0
ch2_ecommerce_behavior,train,3912,C09802,0.0
ch2_ecommerce_behavior,train,3913,C08462,0.0
ch2_ecommerce_behavior,train,3914,C00139,0.0
ch2_ecommerce_behavior,train,3915,C05427,0.0
ch2_ecommerce_behavior,train,3916,C02587,0.0
ch2_ecommerce_behavior,train,3917,C04014,0.0
ch2_ecommerce_behavior,train,3918,C00104,0.0
ch2_ecommerce_behavior,train,3919,C02125,0.0
ch2_ecommerce_behavior,train,3920,C09554,0.0
ch2_ecommerce_behavior,train,3921,C06573,0.0
ch2_ecommerce_behavior,train,3922,C00925,0.0
ch2_ecommerce_behavior,train,3923,C08374,0.0
ch2_ecommerce_behavior,train,3924,C04203,0.0
ch2_ecommerce_behavior,train,3925,C06695,1.0
ch2_ecommerce_behavior,train,3926,C01802,1.0
ch2_ecommerce_behavior,train,3927,C04693,0.0
ch2_ecommerce_behavior,train,3928,C02209,1.0
ch2_ecommerce_behavior,train,3929,C01689,0.0
ch2_ecommerce_behavior,train,3930,C08729,0.0
ch2_ecommerce_behavior,train,3931,C08674,0.0
ch2_ecommerce_behavior,train,3932,C09928,0.0
ch2_ecommerce_behavior,train,3933,C06242,1.0
ch2_ecommerce_behavior,train,3934,C03858,0.0
ch2_ecommerce_behavior,train,3935,C05712,0.0
ch2_ecommerce_behavior,train,3936,C00319,0.0
ch2_ecommerce_behavior,train,3937,C00838,0.0
ch2_ecommerce_behavior,train,3938,C05096,0.0
ch2_ecommerce_behavior,train,3939,C07922,0.0
ch2_ecommerce_behavior,train,3940,C00353,1.0
ch2_ecommerce_behavior,train,3941,C05266,0.0
ch2_ecommerce_behavior,train,3942,C07783,0.0
ch2_ecommerce_behavior,train,3943,C02777,0.0
ch2_ecommerce_behavior,train,3944,C01895,0.0
ch2_ecommerce_behavior,train,3945,C07076,1.0
ch2_ecommerce_behavior,train,3946,C00091,1.0
ch2_ecommerce_behavior,train,3947,C08906,1.0
ch2_ecommerce_behavior,train,3948,C09281,0.0
ch2_ecommerce_behavior,train,3949,C04605,1.0
ch2_ecommerce_behavior,train,3950,C08616,0.0
ch2_ecommerce_behavior,train,3951,C00972,0.0
ch2_ecommerce_behavior,train,3952,C08028,1.0
ch2_ecommerce_behavior,train,3953,C03475,0.0
ch2_ecommerce_behavior,train,3954,C05678,0.0
ch2_ecommerce_behavior,train,3955,C06384,1.0
ch2_ecommerce_behavior,train,3956,C03215,0.0
ch2_ecommerce_behavior,train,3957,C05520,0.0
ch2_ecommerce_behavior,train,3958,C02138,0.0
ch2_ecommerce_behavior,train,3959,C04404,0.0
ch2_ecommerce_behavior,train,3960,C07737,0.0
ch2_ecommerce_behavior,train,3961,C09350,0.0
ch2_ecommerce_behavior,train,3962,C02831,1.0
ch2_ecommerce_behavior,train,3963,C02841,0.0
ch2_ecommerce_behavior,train,3964,C02933,0.0
ch2_ecommerce_behavior,train,3965,C06930,0.0
ch2_ecommerce_behavior,train,3966,C07460,0.0
ch2_ecommerce_behavior,train,3967,C05565,0.0
ch2_ecommerce_behavior,train,3968,C03725,1.0
ch2_ecommerce_behavior,train,3969,C04586,0.0
ch2_ecommerce_behavior,train,3970,C09311,0.0
ch2_ecommerce_behavior,train,3971,C07243,0.0
ch2_ecommerce_behavior,train,3972,C03299,0.0
ch2_ecommerce_behavior,train,3973,C03629,1.0
ch2_ecommerce_behavior,train,3974,C08196,0.0
ch2_ecommerce_behavior,train,3975,C09495,0.0
ch2_ecommerce_behavior,train,3976,C08128,0.0
ch2_ecommerce_behavior,train,3977,C08666,0.0
ch2_ecommerce_behavior,train,3978,C09415,0.0
ch2_ecommerce_behavior,train,3979,C09787,0.0
ch2_ecommerce_behavior,train,3980,C00870,0.0
ch2_ecommerce_behavior,train,3981,C05372,0.0
ch2_ecommerce_behavior,train,3982,C08678,0.0
ch2_ecommerce_behavior,train,3983,C01657,0.0
ch2_ecommerce_behavior,train,3984,C06213,0.0
ch2_ecommerce_behavior,train,3985,C04255,0.0
ch2_ecommerce_behavior,train,3986,C02144,0.0
ch2_ecommerce_behavior,train,3987,C01369,0.0
ch2_ecommerce_behavior,train,3988,C01523,0.0
ch2_ecommerce_behavior,train,3989,C06812,0.0
ch2_ecommerce_behavior,train,3990,C02852,0.0
ch2_ecommerce_behavior,train,3991,C04094,1.0
ch2_ecommerce_behavior,train,3992,C00238,1.0
ch2_ecommerce_behavior,train,3993,C04870,0.0
ch2_ecommerce_behavior,train,3994,C01191,0.0
ch2_ecommerce_behavior,train,3995,C05333,0.0
ch2_ecommerce_behavior,train,3996,C04468,0.0
ch2_ecommerce_behavior,train,3997,C05503,1.0
ch2_ecommerce_behavior,train,3998,C08430,0.0
ch2_ecommerce_behavior,train,3999,C02541,0.0
ch2_ecommerce_behavior,train,4000,C03674,0.0
ch2_ecommerce_behavior,train,4001,C00173,0.0
ch2_ecommerce_behavior,train,4002,C03614,0.0
ch2_ecommerce_behavior,train,4003,C03525,1.0
ch2_ecommerce_behavior,train,4004,C00073,0.0
ch2_ecommerce_behavior,train,4005,C00505,0.0
ch2_ecommerce_behavior,train,4006,C02936,0.0
ch2_ecommerce_behavior,train,4007,C00377,0.0
ch2_ecommerce_behavior,train,4008,C00745,0.0
ch2_ecommerce_behavior,train,4009,C09510,0.0
ch2_ecommerce_behavior,train,4010,C00509,0.0
ch2_ecommerce_behavior,train,4011,C03751,1.0
ch2_ecommerce_behavior,train,4012,C06630,0.0
ch2_ecommerce_behavior,train,4013,C02795,0.0
ch2_ecommerce_behavior,train,4014,C02908,0.0
ch2_ecommerce_behavior,train,4015,C03644,1.0
ch2_ecommerce_behavior,train,4016,C04891,0.0
ch2_ecommerce_behavior,train,4017,C07237,0.0
ch2_ecommerce_behavior,train,4018,C05719,1.0
ch2_ecommerce_behavior,train,4019,C06619,0.0
ch2_ecommerce_behavior,train,4020,C09058,1.0
ch2_ecommerce_behavior,train,4021,C00082,1.0
ch2_ecommerce_behavior,train,4022,C02674,0.0
ch2_ecommerce_behavior,train,4023,C02963,1.0
ch2_ecommerce_behavior,train,4024,C07876,0.0
ch2_ecommerce_behavior,train,4025,C04354,0.0
ch2_ecommerce_behavior,train,4026,C06127,0.0
ch2_ecommerce_behavior,train,4027,C07192,0.0
ch2_ecommerce_behavior,train,4028,C07106,0.0
ch2_ecommerce_behavior,train,4029,C09551,0.0
ch2_ecommerce_behavior,train,4030,C03080,0.0
ch2_ecommerce_behavior,train,4031,C07850,0.0
ch2_ecommerce_behavior,train,4032,C05782,0.0
ch2_ecommerce_behavior,train,4033,C02719,0.0
ch2_ecommerce_behavior,train,4034,C00549,0.0
ch2_ecommerce_behavior,train,4035,C03034,0.0
ch2_ecommerce_behavior,train,4036,C05884,0.0
ch2_ecommerce_behavior,train,4037,C06455,0.0
ch2_ecommerce_behavior,train,4038,C05954,0.0
ch2_ecommerce_behavior,train,4039,C02005,0.0
ch2_ecommerce_behavior,train,4040,C00869,0.0
ch2_ecommerce_behavior,train,4041,C09298,1.0
ch2_ecommerce_behavior,train,4042,C00012,0.0
ch2_ecommerce_behavior,train,4043,C08685,0.0
ch2_ecommerce_behavior,train,4044,C07137,1.0
ch2_ecommerce_behavior,train,4045,C07378,0.0
ch2_ecommerce_behavior,train,4046,C05238,0.0
ch2_ecommerce_behavior,train,4047,C02236,0.0
ch2_ecommerce_behavior,train,4048,C03077,0.0
ch2_ecommerce_behavior,train,4049,C09767,0.0
ch2_ecommerce_behavior,train,4050,C09496,0.0
ch2_ecommerce_behavior,train,4051,C04575,0.0
ch2_ecommerce_behavior,train,4052,C08762,0.0
ch2_ecommerce_behavior,train,4053,C02608,0.0
ch2_ecommerce_behavior,train,4054,C00995,0.0
ch2_ecommerce_behavior,train,4055,C03883,0.0
ch2_ecommerce_behavior,train,4056,C08479,0.0
ch2_ecommerce_behavior,train,4057,C07504,0.0
ch2_ecommerce_behavior,train,4058,C07952,1.0
ch2_ecommerce_behavior,train,4059,C02519,0.0
ch2_ecommerce_behavior,train,4060,C05393,0.0
ch2_ecommerce_behavior,train,4061,C00422,0.0
ch2_ecommerce_behavior,train,4062,C09173,0.0
ch2_ecommerce_behavior,train,4063,C01479,0.0
ch2_ecommerce_behavior,train,4064,C03362,0.0
ch2_ecommerce_behavior,train,4065,C06051,0.0
ch2_ecommerce_behavior,train,4066,C09219,0.0
ch2_ecommerce_behavior,train,4067,C03263,0.0
ch2_ecommerce_behavior,train,4068,C08929,0.0
ch2_ecommerce_behavior,train,4069,C03483,0.0
ch2_ecommerce_behavior,train,4070,C04176,0.0
ch2_ecommerce_behavior,train,4071,C03860,0.0
ch2_ecommerce_behavior,train,4072,C09508,0.0
ch2_ecommerce_behavior,train,4073,C03870,0.0
ch2_ecommerce_behavior,train,4074,C01458,0.0
ch2_ecommerce_behavior,train,4075,C09485,0.0
ch2_ecommerce_behavior,train,4076,C08140,0.0
ch2_ecommerce_behavior,train,4077,C09257,0.0
ch2_ecommerce_behavior,train,4078,C00725,0.0
ch2_ecommerce_behavior,train,4079,C07882,0.0
ch2_ecommerce_behavior,train,4080,C04463,1.0
ch2_ecommerce_behavior,train,4081,C03650,1.0
ch2_ecommerce_behavior,train,4082,C02247,0.0
ch2_ecommerce_behavior,train,4083,C03137,0.0
ch2_ecommerce_behavior,train,4084,C05162,0.0
ch2_ecommerce_behavior,train,4085,C01606,0.0
ch2_ecommerce_behavior,train,4086,C06997,0.0
ch2_ecommerce_behavior,train,4087,C08966,0.0
ch2_ecommerce_behavior,train,4088,C00298,0.0
ch2_ecommerce_behavior,train,4089,C01818,0.0
ch2_ecommerce_behavior,train,4090,C04136,0.0
ch2_ecommerce_behavior,train,4091,C02062,0.0
ch2_ecommerce_behavior,train,4092,C07992,0.0
ch2_ecommerce_behavior,train,4093,C01300,0.0
ch2_ecommerce_behavior,train,4094,C07852,0.0
ch2_ecommerce_behavior,train,4095,C02270,1.0
ch2_ecommerce_behavior,train,4096,C01398,0.0
ch2_ecommerce_behavior,train,4097,C01702,0.0
ch2_ecommerce_behavior,train,4098,C07066,0.0
ch2_ecommerce_behavior,train,4099,C02396,0.0
ch2_ecommerce_behavior,train,4100,C00409,1.0
ch2_ecommerce_behavior,train,4101,C02398,0.0
ch2_ecommerce_behavior,train,4102,C08451,1.0
ch2_ecommerce_behavior,train,4103,C06738,0.0
ch2_ecommerce_behavior,train,4104,C03748,0.0
ch2_ecommerce_behavior,train,4105,C04885,0.0
ch2_ecommerce_behavior,train,4106,C09851,0.0
ch2_ecommerce_behavior,train,4107,C06106,0.0
ch2_ecommerce_behavior,train,4108,C06076,0.0
ch2_ecommerce_behavior,train,4109,C07752,0.0
ch2_ecommerce_behavior,train,4110,C06721,0.0
ch2_ecommerce_behavior,train,4111,C02925,0.0
ch2_ecommerce_behavior,train,4112,C05955,0.0
ch2_ecommerce_behavior,train,4113,C06790,1.0
ch2_ecommerce_behavior,train,4114,C08714,0.0
ch2_ecommerce_behavior,train,4115,C03458,1.0
ch2_ecommerce_behavior,train,4116,C02131,1.0
ch2_ecommerce_behavior,train,4117,C07836,1.0
ch2_ecommerce_behavior,train,4118,C00600,1.0
ch2_ecommerce_behavior,train,4119,C00120,0.0
ch2_ecommerce_behavior,train,4120,C04075,0.0
ch2_ecommerce_behavior,train,4121,C00586,0.0
ch2_ecommerce_behavior,train,4122,C05432,0.0
ch2_ecommerce_behavior,train,4123,C01343,0.0
ch2_ecommerce_behavior,train,4124,C03480,1.0
ch2_ecommerce_behavior,train,4125,C01325,0.0
ch2_ecommerce_behavior,train,4126,C05968,0.0
ch2_ecommerce_behavior,train,4127,C08621,0.0
ch2_ecommerce_behavior,train,4128,C01996,0.0
ch2_ecommerce_behavior,train,4129,C07177,1.0
ch2_ecommerce_behavior,train,4130,C07200,0.0
ch2_ecommerce_behavior,train,4131,C05204,0.0
ch2_ecommerce_behavior,train,4132,C06771,0.0
ch2_ecommerce_behavior,train,4133,C01576,0.0
ch2_ecommerce_behavior,train,4134,C06462,0.0
ch2_ecommerce_behavior,train,4135,C04807,0.0
ch2_ecommerce_behavior,train,4136,C09107,0.0
ch2_ecommerce_behavior,train,4137,C04208,0.0
ch2_ecommerce_behavior,train,4138,C01085,0.0
ch2_ecommerce_behavior,train,4139,C00337,0.0
ch2_ecommerce_behavior,train,4140,C00664,0.0
ch2_ecommerce_behavior,train,4141,C00617,0.0
ch2_ecommerce_behavior,train,4142,C00558,0.0
ch2_ecommerce_behavior,train,4143,C01388,0.0
ch2_ecommerce_behavior,train,4144,C01734,0.0
ch2_ecommerce_behavior,train,4145,C05311,1.0
ch2_ecommerce_behavior,train,4146,C04289,0.0
ch2_ecommerce_behavior,train,4147,C05481,0.0
ch2_ecommerce_behavior,train,4148,C07147,1.0
ch2_ecommerce_behavior,train,4149,C03721,1.0
ch2_ecommerce_behavior,train,4150,C07889,0.0
ch2_ecommerce_behavior,train,4151,C08868,0.0
ch2_ecommerce_behavior,train,4152,C06998,0.0
ch2_ecommerce_behavior,train,4153,C05603,0.0
ch2_ecommerce_behavior,train,4154,C07823,0.0
ch2_ecommerce_behavior,train,4155,C02106,0.0
ch2_ecommerce_behavior,train,4156,C09253,0.0
ch2_ecommerce_behavior,train,4157,C07591,0.0
ch2_ecommerce_behavior,train,4158,C09778,0.0
ch2_ecommerce_behavior,train,4159,C04159,0.0
ch2_ecommerce_behavior,train,4160,C01487,0.0
ch2_ecommerce_behavior,train,4161,C01018,1.0
ch2_ecommerce_behavior,train,4162,C01757,0.0
ch2_ecommerce_behavior,train,4163,C08323,0.0
ch2_ecommerce_behavior,train,4164,C00147,0.0
ch2_ecommerce_behavior,train,4165,C08883,1.0
ch2_ecommerce_behavior,train,4166,C06586,0.0
ch2_ecommerce_behavior,train,4167,C07428,0.0
ch2_ecommerce_behavior,train,4168,C01926,0.0
ch2_ecommerce_behavior,train,4169,C00544,0.0
ch2_ecommerce_behavior,train,4170,C06442,0.0
ch2_ecommerce_behavior,train,4171,C01070,0.0
ch2_ecommerce_behavior,train,4172,C09122,0.0
ch2_ecommerce_behavior,train,4173,C03657,0.0
ch2_ecommerce_behavior,train,4174,C07226,0.0
ch2_ecommerce_behavior,train,4175,C02241,1.0
ch2_ecommerce_behavior,train,4176,C01319,0.0
ch2_ecommerce_behavior,train,4177,C04333,0.0
ch2_ecommerce_behavior,train,4178,C00996,0.0
ch2_ecommerce_behavior,train,4179,C02425,1.0
ch2_ecommerce_behavior,train,4180,C00766,0.0
ch2_ecommerce_behavior,train,4181,C08830,0.0
ch2_ecommerce_behavior,train,4182,C09946,0.0
ch2_ecommerce_behavior,train,4183,C01992,0.0
ch2_ecommerce_behavior,train,4184,C07349,0.0
ch2_ecommerce_behavior,train,4185,C07842,0.0
ch2_ecommerce_behavior,train,4186,C02858,0.0
ch2_ecommerce_behavior,train,4187,C02158,0.0
ch2_ecommerce_behavior,train,4188,C03521,0.0
ch2_ecommerce_behavior,train,4189,C00102,1.0
ch2_ecommerce_behavior,train,4190,C08207,0.0
ch2_ecommerce_behavior,train,4191,C04260,0.0
ch2_ecommerce_behavior,train,4192,C06059,0.0
ch2_ecommerce_behavior,train,4193,C01497,1.0
ch2_ecommerce_behavior,train,4194,C07303,0.0
ch2_ecommerce_behavior,train,4195,C08080,0.0
ch2_ecommerce_behavior,train,4196,C04481,1.0
ch2_ecommerce_behavior,train,4197,C06339,0.0
ch2_ecommerce_behavior,train,4198,C02959,0.0
ch2_ecommerce_behavior,train,4199,C09756,0.0
ch2_ecommerce_behavior,train,4200,C07630,0.0
ch2_ecommerce_behavior,train,4201,C08838,1.0
ch2_ecommerce_behavior,train,4202,C01631,0.0
ch2_ecommerce_behavior,train,4203,C02020,1.0
ch2_ecommerce_behavior,train,4204,C02780,0.0
ch2_ecommerce_behavior,train,4205,C08120,0.0
ch2_ecommerce_behavior,train,4206,C09265,0.0
ch2_ecommerce_behavior,train,4207,C09996,0.0
ch2_ecommerce_behavior,train,4208,C06564,0.0
ch2_ecommerce_behavior,train,4209,C08380,0.0
ch2_ecommerce_behavior,train,4210,C02369,0.0
ch2_ecommerce_behavior,train,4211,C03054,0.0
ch2_ecommerce_behavior,train,4212,C07112,0.0
ch2_ecommerce_behavior,train,4213,C04125,0.0
ch2_ecommerce_behavior,train,4214,C04997,0.0
ch2_ecommerce_behavior,train,4215,C05272,0.0
ch2_ecommerce_behavior,train,4216,C07070,0.0
ch2_ecommerce_behavior,train,4217,C05469,0.0
ch2_ecommerce_behavior,train,4218,C01316,1.0
ch2_ecommerce_behavior,train,4219,C06495,0.0
ch2_ecommerce_behavior,train,4220,C05277,1.0
ch2_ecommerce_behavior,train,4221,C07523,0.0
ch2_ecommerce_behavior,train,4222,C04364,1.0
ch2_ecommerce_behavior,train,4223,C09363,0.0
ch2_ecommerce_behavior,train,4224,C02023,0.0
ch2_ecommerce_behavior,train,4225,C09064,0.0
ch2_ecommerce_behavior,train,4226,C06882,0.0
ch2_ecommerce_behavior,train,4227,C07949,0.0
ch2_ecommerce_behavior,train,4228,C02479,0.0
ch2_ecommerce_behavior,train,4229,C07897,0.0
ch2_ecommerce_behavior,train,4230,C01299,0.0
ch2_ecommerce_behavior,train,4231,C03151,1.0
ch2_ecommerce_behavior,train,4232,C05286,0.0
ch2_ecommerce_behavior,train,4233,C09964,1.0
ch2_ecommerce_behavior,train,4234,C07563,0.0
ch2_ecommerce_behavior,train,4235,C02880,0.0
ch2_ecommerce_behavior,train,4236,C08275,1.0
ch2_ecommerce_behavior,train,4237,C08459,1.0
ch2_ecommerce_behavior,train,4238,C08852,0.0
ch2_ecommerce_behavior,train,4239,C00807,0.0
ch2_ecommerce_behavior,train,4240,C09753,1.0
ch2_ecommerce_behavior,train,4241,C02113,0.0
ch2_ecommerce_behavior,train,4242,C00774,0.0
ch2_ecommerce_behavior,train,4243,C05477,0.0
ch2_ecommerce_behavior,train,4244,C06348,0.0
ch2_ecommerce_behavior,train,4245,C05640,0.0
ch2_ecommerce_behavior,train,4246,C09458,0.0
ch2_ecommerce_behavior,train,4247,C05974,0.0
ch2_ecommerce_behavior,train,4248,C04936,0.0
ch2_ecommerce_behavior,train,4249,C00205,0.0
ch2_ecommerce_behavior,train,4250,C00605,0.0
ch2_ecommerce_behavior,train,4251,C03808,0.0
ch2_ecommerce_behavior,train,4252,C01933,0.0
ch2_ecommerce_behavior,train,4253,C08361,0.0
ch2_ecommerce_behavior,train,4254,C02934,0.0
ch2_ecommerce_behavior,train,4255,C01819,0.0
ch2_ecommerce_behavior,train,4256,C08232,0.0
ch2_ecommerce_behavior,train,4257,C00702,1.0
ch2_ecommerce_behavior,train,4258,C04660,0.0
ch2_ecommerce_behavior,train,4259,C08628,0.0
ch2_ecommerce_behavior,train,4260,C02186,0.0
ch2_ecommerce_behavior,train,4261,C03315,0.0
ch2_ecommerce_behavior,train,4262,C03347,0.0
ch2_ecommerce_behavior,train,4263,C01225,0.0
ch2_ecommerce_behavior,train,4264,C05330,0.0
ch2_ecommerce_behavior,train,4265,C00411,0.0
ch2_ecommerce_behavior,train,4266,C06690,0.0
ch2_ecommerce_behavior,train,4267,C09169,0.0
ch2_ecommerce_behavior,train,4268,C08992,0.0
ch2_ecommerce_behavior,train,4269,C03463,1.0
ch2_ecommerce_behavior,train,4270,C01464,0.0
ch2_ecommerce_behavior,train,4271,C07494,0.0
ch2_ecommerce_behavior,train,4272,C06418,0.0
ch2_ecommerce_behavior,train,4273,C01650,0.0
ch2_ecommerce_behavior,train,4274,C05368,0.0
ch2_ecommerce_behavior,train,4275,C02972,0.0
ch2_ecommerce_behavior,train,4276,C00532,0.0
ch2_ecommerce_behavior,train,4277,C03653,1.0
ch2_ecommerce_behavior,train,4278,C08474,0.0
ch2_ecommerce_behavior,train,4279,C06324,1.0
ch2_ecommerce_behavior,train,4280,C09405,0.0
ch2_ecommerce_behavior,train,4281,C07900,0.0
ch2_ecommerce_behavior,train,4282,C03761,0.0
ch2_ecommerce_behavior,train,4283,C05500,0.0
ch2_ecommerce_behavior,train,4284,C01563,0.0
ch2_ecommerce_behavior,train,4285,C09436,0.0
ch2_ecommerce_behavior,train,4286,C08725,1.0
ch2_ecommerce_behavior,train,4287,C08983,0.0
ch2_ecommerce_behavior,train,4288,C07612,0.0
ch2_ecommerce_behavior,train,4289,C07973,1.0
ch2_ecommerce_behavior,train,4290,C09443,0.0
ch2_ecommerce_behavior,train,4291,C01867,0.0
ch2_ecommerce_behavior,train,4292,C08211,0.0
ch2_ecommerce_behavior,train,4293,C05868,0.0
ch2_ecommerce_behavior,train,4294,C01423,0.0
ch2_ecommerce_behavior,train,4295,C02176,0.0
ch2_ecommerce_behavior,train,4296,C04296,0.0
ch2_ecommerce_behavior,train,4297,C04726,0.0
ch2_ecommerce_behavior,train,4298,C09460,0.0
ch2_ecommerce_behavior,train,4299,C01672,0.0
ch2_ecommerce_behavior,train,4300,C09372,0.0
ch2_ecommerce_behavior,train,4301,C04571,0.0
ch2_ecommerce_behavior,train,4302,C04830,1.0
ch2_ecommerce_behavior,train,4303,C06993,0.0
ch2_ecommerce_behavior,train,4304,C06364,0.0
ch2_ecommerce_behavior,train,4305,C06691,1.0
ch2_ecommerce_behavior,train,4306,C07875,1.0
ch2_ecommerce_behavior,train,4307,C01220,0.0
ch2_ecommerce_behavior,train,4308,C04391,0.0
ch2_ecommerce_behavior,train,4309,C06942,0.0
ch2_ecommerce_behavior,train,4310,C06230,0.0
ch2_ecommerce_behavior,train,4311,C01693,0.0
ch2_ecommerce_behavior,train,4312,C03708,0.0
ch2_ecommerce_behavior,train,4313,C04691,0.0
ch2_ecommerce_behavior,train,4314,C07377,0.0
ch2_ecommerce_behavior,train,4315,C04572,0.0
ch2_ecommerce_behavior,train,4316,C03893,1.0
ch2_ecommerce_behavior,train,4317,C03462,0.0
ch2_ecommerce_behavior,train,4318,C01845,0.0
ch2_ecommerce_behavior,train,4319,C02765,0.0
ch2_ecommerce_behavior,train,4320,C00717,0.0
ch2_ecommerce_behavior,train,4321,C06054,0.0
ch2_ecommerce_behavior,train,4322,C02152,1.0
ch2_ecommerce_behavior,train,4323,C08363,0.0
ch2_ecommerce_behavior,train,4324,C04020,0.0
ch2_ecommerce_behavior,train,4325,C09840,0.0
ch2_ecommerce_behavior,train,4326,C09755,0.0
ch2_ecommerce_behavior,train,4327,C08295,0.0
ch2_ecommerce_behavior,train,4328,C09821,0.0
ch2_ecommerce_behavior,train,4329,C05367,0.0
ch2_ecommerce_behavior,train,4330,C05697,0.0
ch2_ecommerce_behavior,train,4331,C04567,0.0
ch2_ecommerce_behavior,train,4332,C06966,1.0
ch2_ecommerce_behavior,train,4333,C04716,1.0
ch2_ecommerce_behavior,train,4334,C05234,0.0
ch2_ecommerce_behavior,train,4335,C01707,0.0
ch2_ecommerce_behavior,train,4336,C06922,0.0
ch2_ecommerce_behavior,train,4337,C07047,0.0
ch2_ecommerce_behavior,train,4338,C02911,0.0
ch2_ecommerce_behavior,train,4339,C09599,0.0
ch2_ecommerce_behavior,train,4340,C05799,1.0
ch2_ecommerce_behavior,train,4341,C06563,0.0
ch2_ecommerce_behavior,train,4342,C02589,0.0
ch2_ecommerce_behavior,train,4343,C02791,1.0
ch2_ecommerce_behavior,train,4344,C01739,1.0
ch2_ecommerce_behavior,train,4345,C07648,0.0
ch2_ecommerce_behavior,train,4346,C00512,0.0
ch2_ecommerce_behavior,train,4347,C07098,0.0
ch2_ecommerce_behavior,train,4348,C03965,0.0
ch2_ecommerce_behavior,train,4349,C03900,0.0
ch2_ecommerce_behavior,train,4350,C06317,0.0
ch2_ecommerce_behavior,train,4351,C09333,0.0
ch2_ecommerce_behavior,train,4352,C08376,0.0
ch2_ecommerce_behavior,train,4353,C08650,0.0
ch2_ecommerce_behavior,train,4354,C06622,0.0
ch2_ecommerce_behavior,train,4355,C00614,0.0
ch2_ecommerce_behavior,train,4356,C06055,0.0
ch2_ecommerce_behavior,train,4357,C03544,0.0
ch2_ecommerce_behavior,train,4358,C05535,0.0
ch2_ecommerce_behavior,train,4359,C05085,0.0
ch2_ecommerce_behavior,train,4360,C06149,0.0
ch2_ecommerce_behavior,train,4361,C02136,0.0
ch2_ecommerce_behavior,train,4362,C03879,0.0
ch2_ecommerce_behavior,train,4363,C02265,0.0
ch2_ecommerce_behavior,train,4364,C00352,0.0
ch2_ecommerce_behavior,train,4365,C03262,1.0
ch2_ecommerce_behavior,train,4366,C06417,0.0
ch2_ecommerce_behavior,train,4367,C09856,0.0
ch2_ecommerce_behavior,train,4368,C00400,0.0
ch2_ecommerce_behavior,train,4369,C00296,0.0
ch2_ecommerce_behavior,train,4370,C00036,1.0
ch2_ecommerce_behavior,train,4371,C06970,0.0
ch2_ecommerce_behavior,train,4372,C03769,0.0
ch2_ecommerce_behavior,train,4373,C01821,0.0
ch2_ecommerce_behavior,train,4374,C07276,0.0
ch2_ecommerce_behavior,train,4375,C01776,0.0
ch2_ecommerce_behavior,train,4376,C01459,0.0
ch2_ecommerce_behavior,train,4377,C00015,0.0
ch2_ecommerce_behavior,train,4378,C09967,0.0
ch2_ecommerce_behavior,train,4379,C00682,0.0
ch2_ecommerce_behavior,train,4380,C07977,1.0
ch2_ecommerce_behavior,train,4381,C05000,1.0
ch2_ecommerce_behavior,train,4382,C04337,0.0
ch2_ecommerce_behavior,train,4383,C09693,0.0
ch2_ecommerce_behavior,train,4384,C09674,0.0
ch2_ecommerce_behavior,train,4385,C06508,1.0
ch2_ecommerce_behavior,train,4386,C07873,1.0
ch2_ecommerce_behavior,train,4387,C04256,0.0
ch2_ecommerce_behavior,train,4388,C05940,0.0
ch2_ecommerce_behavior,train,4389,C00436,0.0
ch2_ecommerce_behavior,train,4390,C05515,0.0
ch2_ecommerce_behavior,train,4391,C03106,0.0
ch2_ecommerce_behavior,train,4392,C02262,0.0
ch2_ecommerce_behavior,train,4393,C08162,0.0
ch2_ecommerce_behavior,train,4394,C06928,0.0
ch2_ecommerce_behavior,train,4395,C04210,0.0
ch2_ecommerce_behavior,train,4396,C02548,0.0
ch2_ecommerce_behavior,train,4397,C08235,0.0
ch2_ecommerce_behavior,train,4398,C03031,0.0
ch2_ecommerce_behavior,train,4399,C03323,0.0
ch2_ecommerce_behavior,train,4400,C04578,0.0
ch2_ecommerce_behavior,train,4401,C07139,0.0
ch2_ecommerce_behavior,train,4402,C05575,0.0
ch2_ecommerce_behavior,train,4403,C08944,0.0
ch2_ecommerce_behavior,train,4404,C08203,0.0
ch2_ecommerce_behavior,train,4405,C03109,0.0
ch2_ecommerce_behavior,train,4406,C09661,0.0
ch2_ecommerce_behavior,train,4407,C01583,0.0
ch2_ecommerce_behavior,train,4408,C01037,0.0
ch2_ecommerce_behavior,train,4409,C06677,0.0
ch2_ecommerce_behavior,train,4410,C07622,1.0
ch2_ecommerce_behavior,train,4411,C04910,1.0
ch2_ecommerce_behavior,train,4412,C06667,0.0
ch2_ecommerce_behavior,train,4413,C06197,0.0
ch2_ecommerce_behavior,train,4414,C07608,0.0
ch2_ecommerce_behavior,train,4415,C01842,0.0
ch2_ecommerce_behavior,train,4416,C02406,1.0
ch2_ecommerce_behavior,train,4417,C02090,0.0
ch2_ecommerce_behavior,train,4418,C01589,0.0
ch2_ecommerce_behavior,train,4419,C07531,0.0
ch2_ecommerce_behavior,train,4420,C07164,0.0
ch2_ecommerce_behavior,train,4421,C05655,0.0
ch2_ecommerce_behavior,train,4422,C09690,0.0
ch2_ecommerce_behavior,train,4423,C00232,1.0
ch2_ecommerce_behavior,train,4424,C01022,1.0
ch2_ecommerce_behavior,train,4425,C06005,0.0
ch2_ecommerce_behavior,train,4426,C04711,0.0
ch2_ecommerce_behavior,train,4427,C06814,0.0
ch2_ecommerce_behavior,train,4428,C08814,0.0
ch2_ecommerce_behavior,train,4429,C06604,0.0
ch2_ecommerce_behavior,train,4430,C09093,0.0
ch2_ecommerce_behavior,train,4431,C04704,0.0
ch2_ecommerce_behavior,train,4432,C09827,0.0
ch2_ecommerce_behavior,train,4433,C00568,0.0
ch2_ecommerce_behavior,train,4434,C03718,0.0
ch2_ecommerce_behavior,train,4435,C07115,0.0
ch2_ecommerce_behavior,train,4436,C06844,0.0
ch2_ecommerce_behavior,train,4437,C04607,0.0
ch2_ecommerce_behavior,train,4438,C06357,0.0
ch2_ecommerce_behavior,train,4439,C09072,0.0
ch2_ecommerce_behavior,train,4440,C03582,0.0
ch2_ecommerce_behavior,train,4441,C09090,0.0
ch2_ecommerce_behavior,train,4442,C00542,0.0
ch2_ecommerce_behavior,train,4443,C02251,0.0
ch2_ecommerce_behavior,train,4444,C04721,0.0
ch2_ecommerce_behavior,train,4445,C09973,0.0
ch2_ecommerce_behavior,train,4446,C02549,1.0
ch2_ecommerce_behavior,train,4447,C00151,0.0
ch2_ecommerce_behavior,train,4448,C04390,0.0
ch2_ecommerce_behavior,train,4449,C02600,0.0
ch2_ecommerce_behavior,train,4450,C09620,0.0
ch2_ecommerce_behavior,train,4451,C02011,0.0
ch2_ecommerce_behavior,train,4452,C09073,0.0
ch2_ecommerce_behavior,train,4453,C08696,1.0
ch2_ecommerce_behavior,train,4454,C09968,0.0
ch2_ecommerce_behavior,train,4455,C04659,0.0
ch2_ecommerce_behavior,train,4456,C04370,1.0
ch2_ecommerce_behavior,train,4457,C02712,1.0
ch2_ecommerce_behavior,train,4458,C03067,0.0
ch2_ecommerce_behavior,train,4459,C02433,0.0
ch2_ecommerce_behavior,train,4460,C06612,0.0
ch2_ecommerce_behavior,train,4461,C06961,0.0
ch2_ecommerce_behavior,train,4462,C01140,0.0
ch2_ecommerce_behavior,train,4463,C01284,0.0
ch2_ecommerce_behavior,train,4464,C03175,0.0
ch2_ecommerce_behavior,train,4465,C07618,0.0
ch2_ecommerce_behavior,train,4466,C08774,0.0
ch2_ecommerce_behavior,train,4467,C00822,0.0
ch2_ecommerce_behavior,train,4468,C08558,1.0
ch2_ecommerce_behavior,train,4469,C08807,0.0
ch2_ecommerce_behavior,train,4470,C05140,0.0
ch2_ecommerce_behavior,train,4471,C03529,0.0
ch2_ecommerce_behavior,train,4472,C07094,0.0
ch2_ecommerce_behavior,train,4473,C02068,1.0
ch2_ecommerce_behavior,train,4474,C08949,0.0
ch2_ecommerce_behavior,train,4475,C08851,0.0
ch2_ecommerce_behavior,train,4476,C04275,0.0
ch2_ecommerce_behavior,train,4477,C09286,0.0
ch2_ecommerce_behavior,train,4478,C03729,0.0
ch2_ecommerce_behavior,train,4479,C03160,0.0
ch2_ecommerce_behavior,train,4480,C02668,0.0
ch2_ecommerce_behavior,train,4481,C02598,0.0
ch2_ecommerce_behavior,train,4482,C07778,0.0
ch2_ecommerce_behavior,train,4483,C05499,0.0
ch2_ecommerce_behavior,train,4484,C09868,1.0
ch2_ecommerce_behavior,train,4485,C02294,1.0
ch2_ecommerce_behavior,train,4486,C01334,0.0
ch2_ecommerce_behavior,train,4487,C00235,0.0
ch2_ecommerce_behavior,train,4488,C01683,0.0
ch2_ecommerce_behavior,train,4489,C00140,0.0
ch2_ecommerce_behavior,train,4490,C03703,0.0
ch2_ecommerce_behavior,train,4491,C01327,0.0
ch2_ecommerce_behavior,train,4492,C06503,0.0
ch2_ecommerce_behavior,train,4493,C01494,0.0
ch2_ecommerce_behavior,train,4494,C02725,0.0
ch2_ecommerce_behavior,train,4495,C02072,0.0
ch2_ecommerce_behavior,train,4496,C00513,0.0
ch2_ecommerce_behavior,train,4497,C09998,0.0
ch2_ecommerce_behavior,train,4498,C08461,1.0
ch2_ecommerce_behavior,train,4499,C07363,0.0
ch2_ecommerce_behavior,train,4500,C03217,0.0
ch2_ecommerce_behavior,train,4501,C03588,1.0
ch2_ecommerce_behavior,train,4502,C05021,0.0
ch2_ecommerce_behavior,train,4503,C03113,0.0
ch2_ecommerce_behavior,train,4504,C07881,1.0
ch2_ecommerce_behavior,train,4505,C03613,0.0
ch2_ecommerce_behavior,train,4506,C06549,1.0
ch2_ecommerce_behavior,train,4507,C08053,0.0
ch2_ecommerce_behavior,train,4508,C00726,0.0
ch2_ecommerce_behavior,train,4509,C09902,0.0
ch2_ecommerce_behavior,train,4510,C01637,0.0
ch2_ecommerce_behavior,train,4511,C05231,0.0
ch2_ecommerce_behavior,train,4512,C01244,0.0
ch2_ecommerce_behavior,train,4513,C01552,0.0
ch2_ecommerce_behavior,train,4514,C05984,0.0
ch2_ecommerce_behavior,train,4515,C04388,0.0
ch2_ecommerce_behavior,train,4516,C09621,0.0
ch2_ecommerce_behavior,train,4517,C07083,0.0
ch2_ecommerce_behavior,train,4518,C09696,0.0
ch2_ecommerce_behavior,train,4519,C01271,0.0
ch2_ecommerce_behavior,train,4520,C00706,0.0
ch2_ecommerce_behavior,train,4521,C02982,0.0
ch2_ecommerce_behavior,train,4522,C09447,1.0
ch2_ecommerce_behavior,train,4523,C09180,0.0
ch2_ecommerce_behavior,train,4524,C09268,0.0
ch2_ecommerce_behavior,train,4525,C08476,0.0
ch2_ecommerce_behavior,train,4526,C06848,0.0
ch2_ecommerce_behavior,train,4527,C01258,1.0
ch2_ecommerce_behavior,train,4528,C01073,0.0
ch2_ecommerce_behavior,train,4529,C03897,1.0
ch2_ecommerce_behavior,train,4530,C02293,1.0
ch2_ecommerce_behavior,train,4531,C04561,1.0
ch2_ecommerce_behavior,train,4532,C00805,0.0
ch2_ecommerce_behavior,train,4533,C02866,0.0
ch2_ecommerce_behavior,train,4534,C00334,0.0
ch2_ecommerce_behavior,train,4535,C01719,0.0
ch2_ecommerce_behavior,train,4536,C02306,0.0
ch2_ecommerce_behavior,train,4537,C03857,0.0
ch2_ecommerce_behavior,train,4538,C02888,0.0
ch2_ecommerce_behavior,train,4539,C06927,0.0
ch2_ecommerce_behavior,train,4540,C08478,0.0
ch2_ecommerce_behavior,train,4541,C00744,0.0
ch2_ecommerce_behavior,train,4542,C04224,1.0
ch2_ecommerce_behavior,train,4543,C08390,0.0
ch2_ecommerce_behavior,train,4544,C08381,0.0
ch2_ecommerce_behavior,train,4545,C02462,0.0
ch2_ecommerce_behavior,train,4546,C04433,0.0
ch2_ecommerce_behavior,train,4547,C06105,0.0
ch2_ecommerce_behavior,train,4548,C03092,0.0
ch2_ecommerce_behavior,train,4549,C04956,0.0
ch2_ecommerce_behavior,train,4550,C03024,0.0
ch2_ecommerce_behavior,train,4551,C06635,0.0
ch2_ecommerce_behavior,train,4552,C09503,0.0
ch2_ecommerce_behavior,train,4553,C00076,0.0
ch2_ecommerce_behavior,train,4554,C02869,1.0
ch2_ecommerce_behavior,train,4555,C00808,0.0
ch2_ecommerce_behavior,train,4556,C02812,0.0
ch2_ecommerce_behavior,train,4557,C06345,0.0
ch2_ecommerce_behavior,train,4558,C05250,1.0
ch2_ecommerce_behavior,train,4559,C08571,0.0
ch2_ecommerce_behavior,train,4560,C00088,0.0
ch2_ecommerce_behavior,train,4561,C08010,1.0
ch2_ecommerce_behavior,train,4562,C02557,0.0
ch2_ecommerce_behavior,train,4563,C09797,0.0
ch2_ecommerce_behavior,train,4564,C07470,0.0
ch2_ecommerce_behavior,train,4565,C00844,0.0
ch2_ecommerce_behavior,train,4566,C03182,0.0
ch2_ecommerce_behavior,train,4567,C08215,1.0
ch2_ecommerce_behavior,train,4568,C05702,1.0
ch2_ecommerce_behavior,train,4569,C00281,0.0
ch2_ecommerce_behavior,train,4570,C08443,0.0
ch2_ecommerce_behavior,train,4571,C02427,0.0
ch2_ecommerce_behavior,train,4572,C09040,0.0
ch2_ecommerce_behavior,train,4573,C04496,0.0
ch2_ecommerce_behavior,train,4574,C06938,0.0
ch2_ecommerce_behavior,train,4575,C06839,0.0
ch2_ecommerce_behavior,train,4576,C08740,0.0
ch2_ecommerce_behavior,train,4577,C09256,0.0
ch2_ecommerce_behavior,train,4578,C05182,0.0
ch2_ecommerce_behavior,train,4579,C08163,1.0
ch2_ecommerce_behavior,train,4580,C09418,1.0
ch2_ecommerce_behavior,train,4581,C07817,0.0
ch2_ecommerce_behavior,train,4582,C08607,0.0
ch2_ecommerce_behavior,train,4583,C00615,0.0
ch2_ecommerce_behavior,train,4584,C01160,0.0
ch2_ecommerce_behavior,train,4585,C08063,0.0
ch2_ecommerce_behavior,train,4586,C01887,0.0
ch2_ecommerce_behavior,train,4587,C00116,0.0
ch2_ecommerce_behavior,train,4588,C06634,0.0
ch2_ecommerce_behavior,train,4589,C01429,0.0
ch2_ecommerce_behavior,train,4590,C05840,0.0
ch2_ecommerce_behavior,train,4591,C07512,0.0
ch2_ecommerce_behavior,train,4592,C00721,0.0
ch2_ecommerce_behavior,train,4593,C07257,0.0
ch2_ecommerce_behavior,train,4594,C00048,1.0
ch2_ecommerce_behavior,train,4595,C00944,0.0
ch2_ecommerce_behavior,train,4596,C01565,0.0
ch2_ecommerce_behavior,train,4597,C04281,0.0
ch2_ecommerce_behavior,train,4598,C09494,0.0
ch2_ecommerce_behavior,train,4599,C03627,0.0
ch2_ecommerce_behavior,train,4600,C03700,0.0
ch2_ecommerce_behavior,train,4601,C04310,0.0
ch2_ecommerce_behavior,train,4602,C04415,0.0
ch2_ecommerce_behavior,train,4603,C08183,0.0
ch2_ecommerce_behavior,train,4604,C09987,0.0
ch2_ecommerce_behavior,train,4605,C05185,0.0
ch2_ecommerce_behavior,train,4606,C08658,0.0
ch2_ecommerce_behavior,train,4607,C01435,1.0
ch2_ecommerce_behavior,train,4608,C00755,0.0
ch2_ecommerce_behavior,train,4609,C08248,0.0
ch2_ecommerce_behavior,train,4610,C07913,0.0
ch2_ecommerce_behavior,train,4611,C02705,0.0
ch2_ecommerce_behavior,train,4612,C02055,0.0
ch2_ecommerce_behavior,train,4613,C00112,0.0
ch2_ecommerce_behavior,train,4614,C05502,0.0
ch2_ecommerce_behavior,train,4615,C06397,1.0
ch2_ecommerce_behavior,train,4616,C00931,0.0
ch2_ecommerce_behavior,train,4617,C03609,1.0
ch2_ecommerce_behavior,train,4618,C05945,0.0
ch2_ecommerce_behavior,train,4619,C01188,0.0
ch2_ecommerce_behavior,train,4620,C04040,0.0
ch2_ecommerce_behavior,train,4621,C05090,0.0
ch2_ecommerce_behavior,train,4622,C04618,1.0
ch2_ecommerce_behavior,train,4623,C05205,0.0
ch2_ecommerce_behavior,train,4624,C02083,0.0
ch2_ecommerce_behavior,train,4625,C05462,1.0
ch2_ecommerce_behavior,train,4626,C06726,0.0
ch2_ecommerce_behavior,train,4627,C03087,0.0
ch2_ecommerce_behavior,train,4628,C01410,1.0
ch2_ecommerce_behavior,train,4629,C04625,1.0
ch2_ecommerce_behavior,train,4630,C09874,0.0
ch2_ecommerce_behavior,train,4631,C04926,0.0
ch2_ecommerce_behavior,train,4632,C06136,0.0
ch2_ecommerce_behavior,train,4633,C01209,0.0
ch2_ecommerce_behavior,train,4634,C00936,0.0
ch2_ecommerce_behavior,train,4635,C06813,0.0
ch2_ecommerce_behavior,train,4636,C03210,0.0
ch2_ecommerce_behavior,train,4637,C03484,0.0
ch2_ecommerce_behavior,train,4638,C03465,1.0
ch2_ecommerce_behavior,train,4639,C02660,1.0
ch2_ecommerce_behavior,train,4640,C02793,1.0
ch2_ecommerce_behavior,train,4641,C09162,0.0
ch2_ecommerce_behavior,train,4642,C07503,0.0
ch2_ecommerce_behavior,train,4643,C03193,1.0
ch2_ecommerce_behavior,train,4644,C09720,0.0
ch2_ecommerce_behavior,train,4645,C06757,0.0
ch2_ecommerce_behavior,train,4646,C00857,0.0
ch2_ecommerce_behavior,train,4647,C03585,0.0
ch2_ecommerce_behavior,train,4648,C07376,1.0
ch2_ecommerce_behavior,train,4649,C02135,0.0
ch2_ecommerce_behavior,train,4650,C09862,0.0
ch2_ecommerce_behavior,train,4651,C09463,1.0
ch2_ecommerce_behavior,train,4652,C07089,0.0
ch2_ecommerce_behavior,train,4653,C05064,0.0
ch2_ecommerce_behavior,train,4654,C03519,0.0
ch2_ecommerce_behavior,train,4655,C08951,0.0
ch2_ecommerce_behavior,train,4656,C09449,0.0
ch2_ecommerce_behavior,train,4657,C04574,0.0
ch2_ecommerce_behavior,train,4658,C06094,0.0
ch2_ecommerce_behavior,train,4659,C07693,0.0
ch2_ecommerce_behavior,train,4660,C04069,0.0
ch2_ecommerce_behavior,train,4661,C08798,1.0
ch2_ecommerce_behavior,train,4662,C03537,0.0
ch2_ecommerce_behavior,train,4663,C06379,0.0
ch2_ecommerce_behavior,train,4664,C07671,0.0
ch2_ecommerce_behavior,train,4665,C09340,0.0
ch2_ecommerce_behavior,train,4666,C07931,0.0
ch2_ecommerce_behavior,train,4667,C04291,0.0
ch2_ecommerce_behavior,train,4668,C08905,0.0
ch2_ecommerce_behavior,train,4669,C02870,0.0
ch2_ecommerce_behavior,train,4670,C07822,1.0
ch2_ecommerce_behavior,train,4671,C05977,0.0
ch2_ecommerce_behavior,train,4672,C04866,1.0
ch2_ecommerce_behavior,train,4673,C04452,0.0
ch2_ecommerce_behavior,train,4674,C04699,0.0
ch2_ecommerce_behavior,train,4675,C06845,0.0
ch2_ecommerce_behavior,train,4676,C07826,0.0
ch2_ecommerce_behavior,train,4677,C06218,1.0
ch2_ecommerce_behavior,train,4678,C09657,0.0
ch2_ecommerce_behavior,train,4679,C01279,0.0
ch2_ecommerce_behavior,train,4680,C07458,0.0
ch2_ecommerce_behavior,train,4681,C09201,0.0
ch2_ecommerce_behavior,train,4682,C08045,1.0
ch2_ecommerce_behavior,train,4683,C05033,0.0
ch2_ecommerce_behavior,train,4684,C07642,0.0
ch2_ecommerce_behavior,train,4685,C05601,0.0
ch2_ecommerce_behavior,train,4686,C04876,0.0
ch2_ecommerce_behavior,train,4687,C09039,1.0
ch2_ecommerce_behavior,train,4688,C04543,0.0
ch2_ecommerce_behavior,train,4689,C05344,0.0
ch2_ecommerce_behavior,train,4690,C05077,0.0
ch2_ecommerce_behavior,train,4691,C09639,0.0
ch2_ecommerce_behavior,train,4692,C03285,0.0
ch2_ecommerce_behavior,train,4693,C04294,0.0
ch2_ecommerce_behavior,train,4694,C09462,0.0
ch2_ecommerce_behavior,train,4695,C06245,0.0
ch2_ecommerce_behavior,train,4696,C06113,0.0
ch2_ecommerce_behavior,train,4697,C09034,0.0
ch2_ecommerce_behavior,train,4698,C06164,0.0
ch2_ecommerce_behavior,train,4699,C06685,1.0
ch2_ecommerce_behavior,train,4700,C05421,0.0
ch2_ecommerce_behavior,train,4701,C04880,0.0
ch2_ecommerce_behavior,train,4702,C09934,0.0
ch2_ecommerce_behavior,train,4703,C07762,0.0
ch2_ecommerce_behavior,train,4704,C02543,0.0
ch2_ecommerce_behavior,train,4705,C09839,0.0
ch2_ecommerce_behavior,train,4706,C05360,0.0
ch2_ecommerce_behavior,train,4707,C01077,0.0
ch2_ecommerce_behavior,train,4708,C08605,0.0
ch2_ecommerce_behavior,train,4709,C02512,1.0
ch2_ecommerce_behavior,train,4710,C05235,0.0
ch2_ecommerce_behavior,train,4711,C04419,0.0
ch2_ecommerce_behavior,train,4712,C00519,0.0
ch2_ecommerce_behavior,train,4713,C04207,0.0
ch2_ecommerce_behavior,train,4714,C08129,0.0
ch2_ecommerce_behavior,train,4715,C04132,0.0
ch2_ecommerce_behavior,train,4716,C09705,1.0
ch2_ecommerce_behavior,train,4717,C04769,0.0
ch2_ecommerce_behavior,train,4718,C00207,0.0
ch2_ecommerce_behavior,train,4719,C06670,0.0
ch2_ecommerce_behavior,train,4720,C04349,0.0
ch2_ecommerce_behavior,train,4721,C02755,0.0
ch2_ecommerce_behavior,train,4722,C06445,0.0
ch2_ecommerce_behavior,train,4723,C03468,0.0
ch2_ecommerce_behavior,train,4724,C09031,0.0
ch2_ecommerce_behavior,train,4725,C04103,0.0
ch2_ecommerce_behavior,train,4726,C03336,0.0
ch2_ecommerce_behavior,train,4727,C00567,0.0
ch2_ecommerce_behavior,train,4728,C01766,1.0
ch2_ecommerce_behavior,train,4729,C00236,0.0
ch2_ecommerce_behavior,train,4730,C01269,0.0
ch2_ecommerce_behavior,train,4731,C05534,0.0
ch2_ecommerce_behavior,train,4732,C04754,0.0
ch2_ecommerce_behavior,train,4733,C03842,0.0
ch2_ecommerce_behavior,train,4734,C04467,0.0
ch2_ecommerce_behavior,train,4735,C05797,0.0
ch2_ecommerce_behavior,train,4736,C06748,0.0
ch2_ecommerce_behavior,train,4737,C01165,0.0
ch2_ecommerce_behavior,train,4738,C00054,0.0
ch2_ecommerce_behavior,train,4739,C03320,0.0
ch2_ecommerce_behavior,train,4740,C06720,0.0
ch2_ecommerce_behavior,train,4741,C06474,0.0
ch2_ecommerce_behavior,train,4742,C01302,0.0
ch2_ecommerce_behavior,train,4743,C04144,0.0
ch2_ecommerce_behavior,train,4744,C01952,0.0
ch2_ecommerce_behavior,train,4745,C00017,0.0
ch2_ecommerce_behavior,train,4746,C03680,0.0
ch2_ecommerce_behavior,train,4747,C00250,1.0
ch2_ecommerce_behavior,train,4748,C07163,0.0
ch2_ecommerce_behavior,train,4749,C09370,0.0
ch2_ecommerce_behavior,train,4750,C04264,0.0
ch2_ecommerce_behavior,train,4751,C04426,1.0
ch2_ecommerce_behavior,train,4752,C00779,0.0
ch2_ecommerce_behavior,train,4753,C06717,0.0
ch2_ecommerce_behavior,train,4754,C09625,0.0
ch2_ecommerce_behavior,train,4755,C00030,0.0
ch2_ecommerce_behavior,train,4756,C02799,0.0
ch2_ecommerce_behavior,train,4757,C08577,0.0
ch2_ecommerce_behavior,train,4758,C09124,0.0
ch2_ecommerce_behavior,train,4759,C07902,0.0
ch2_ecommerce_behavior,train,4760,C02003,0.0
ch2_ecommerce_behavior,train,4761,C05646,0.0
ch2_ecommerce_behavior,train,4762,C06299,1.0
ch2_ecommerce_behavior,train,4763,C00072,0.0
ch2_ecommerce_behavior,train,4764,C07194,0.0
ch2_ecommerce_behavior,train,4765,C05629,0.0
ch2_ecommerce_behavior,train,4766,C01120,0.0
ch2_ecommerce_behavior,train,4767,C05775,0.0
ch2_ecommerce_behavior,train,4768,C01870,0.0
ch2_ecommerce_behavior,train,4769,C06596,1.0
ch2_ecommerce_behavior,train,4770,C08527,0.0
ch2_ecommerce_behavior,train,4771,C09904,0.0
ch2_ecommerce_behavior,train,4772,C01185,0.0
ch2_ecommerce_behavior,train,4773,C00899,0.0
ch2_ecommerce_behavior,train,4774,C01884,0.0
ch2_ecommerce_behavior,train,4775,C00692,0.0
ch2_ecommerce_behavior,train,4776,C07588,0.0
ch2_ecommerce_behavior,train,4777,C03120,0.0
ch2_ecommerce_behavior,train,4778,C06342,0.0
ch2_ecommerce_behavior,train,4779,C03346,0.0
ch2_ecommerce_behavior,train,4780,C01123,0.0
ch2_ecommerce_behavior,train,4781,C00551,0.0
ch2_ecommerce_behavior,train,4782,C07030,0.0
ch2_ecommerce_behavior,train,4783,C07884,0.0
ch2_ecommerce_behavior,train,4784,C03523,1.0
ch2_ecommerce_behavior,train,4785,C03607,1.0
ch2_ecommerce_behavior,train,4786,C07489,0.0
ch2_ecommerce_behavior,train,4787,C02232,1.0
ch2_ecommerce_behavior,train,4788,C05610,0.0
ch2_ecommerce_behavior,train,4789,C05480,0.0
ch2_ecommerce_behavior,train,4790,C09513,1.0
ch2_ecommerce_behavior,train,4791,C06165,0.0
ch2_ecommerce_behavior,train,4792,C08111,1.0
ch2_ecommerce_behavior,train,4793,C00633,0.0
ch2_ecommerce_behavior,train,4794,C07864,0.0
ch2_ecommerce_behavior,train,4795,C00675,1.0
ch2_ecommerce_behavior,train,4796,C03209,0.0
ch2_ecommerce_behavior,train,4797,C02386,1.0
ch2_ecommerce_behavior,train,4798,C03911,0.0
ch2_ecommerce_behavior,train,4799,C06382,0.0
ch2_ecommerce_behavior,train,4800,C09129,1.0
ch2_ecommerce_behavior,train,4801,C05637,0.0
ch2_ecommerce_behavior,train,4802,C03416,0.0
ch2_ecommerce_behavior,train,4803,C04378,0.0
ch2_ecommerce_behavior,train,4804,C01691,0.0
ch2_ecommerce_behavior,train,4805,C01858,0.0
ch2_ecommerce_behavior,train,4806,C06969,0.0
ch2_ecommerce_behavior,train,4807,C05927,0.0
ch2_ecommerce_behavior,train,4808,C08141,0.0
ch2_ecommerce_behavior,train,4809,C05729,0.0
ch2_ecommerce_behavior,train,4810,C01475,0.0
ch2_ecommerce_behavior,train,4811,C03555,1.0
ch2_ecommerce_behavior,train,4812,C06834,0.0
ch2_ecommerce_behavior,train,4813,C09913,0.0
ch2_ecommerce_behavior,train,4814,C03511,0.0
ch2_ecommerce_behavior,train,4815,C05053,1.0
ch2_ecommerce_behavior,train,4816,C04376,0.0
ch2_ecommerce_behavior,train,4817,C00178,0.0
ch2_ecommerce_behavior,train,4818,C09766,0.0
ch2_ecommerce_behavior,train,4819,C06689,0.0
ch2_ecommerce_behavior,train,4820,C07487,0.0
ch2_ecommerce_behavior,train,4821,C00787,0.0
ch2_ecommerce_behavior,train,4822,C00491,1.0
ch2_ecommerce_behavior,train,4823,C01619,0.0
ch2_ecommerce_behavior,train,4824,C01157,1.0
ch2_ecommerce_behavior,train,4825,C05302,0.0
ch2_ecommerce_behavior,train,4826,C04397,0.0
ch2_ecommerce_behavior,train,4827,C04649,0.0
ch2_ecommerce_behavior,train,4828,C02258,0.0
ch2_ecommerce_behavior,train,4829,C02918,0.0
ch2_ecommerce_behavior,train,4830,C09725,0.0
ch2_ecommerce_behavior,train,4831,C03928,1.0
ch2_ecommerce_behavior,train,4832,C09319,0.0
ch2_ecommerce_behavior,train,4833,C08686,0.0
ch2_ecommerce_behavior,train,4834,C09992,0.0
ch2_ecommerce_behavior,train,4835,C08125,0.0
ch2_ecommerce_behavior,train,4836,C09717,1.0
ch2_ecommerce_behavior,train,4837,C03773,0.0
ch2_ecommerce_behavior,train,4838,C06902,0.0
ch2_ecommerce_behavior,train,4839,C02455,0.0
ch2_ecommerce_behavior,train,4840,C05095,0.0
ch2_ecommerce_behavior,train,4841,C04834,1.0
ch2_ecommerce_behavior,train,4842,C07048,0.0
ch2_ecommerce_behavior,train,4843,C00865,0.0
ch2_ecommerce_behavior,train,4844,C07125,0.0
ch2_ecommerce_behavior,train,4845,C01748,0.0
ch2_ecommerce_behavior,train,4846,C04928,0.0
ch2_ecommerce_behavior,train,4847,C08928,0.0
ch2_ecommerce_behavior,train,4848,C06593,0.0
ch2_ecommerce_behavior,train,4849,C09846,0.0
ch2_ecommerce_behavior,train,4850,C00798,0.0
ch2_ecommerce_behavior,train,4851,C09994,0.0
ch2_ecommerce_behavior,train,4852,C09065,1.0
ch2_ecommerce_behavior,train,4853,C04319,0.0
ch2_ecommerce_behavior,train,4854,C02874,0.0
ch2_ecommerce_behavior,train,4855,C02650,0.0
ch2_ecommerce_behavior,train,4856,C06255,0.0
ch2_ecommerce_behavior,train,4857,C08746,1.0
ch2_ecommerce_behavior,train,4858,C06555,0.0
ch2_ecommerce_behavior,train,4859,C01768,0.0
ch2_ecommerce_behavior,train,4860,C02672,0.0
ch2_ecommerce_behavior,train,4861,C05378,0.0
ch2_ecommerce_behavior,train,4862,C05591,0.0
ch2_ecommerce_behavior,train,4863,C00455,0.0
ch2_ecommerce_behavior,train,4864,C07631,0.0
ch2_ecommerce_behavior,train,4865,C06457,0.0
ch2_ecommerce_behavior,train,4866,C01536,0.0
ch2_ecommerce_behavior,train,4867,C07701,0.0
ch2_ecommerce_behavior,train,4868,C09597,0.0
ch2_ecommerce_behavior,train,4869,C04077,1.0
ch2_ecommerce_behavior,train,4870,C04328,0.0
ch2_ecommerce_behavior,train,4871,C09729,0.0
ch2_ecommerce_behavior,train,4872,C08123,1.0
ch2_ecommerce_behavior,train,4873,C07358,1.0
ch2_ecommerce_behavior,train,4874,C09088,1.0
ch2_ecommerce_behavior,train,4875,C05622,1.0
ch2_ecommerce_behavior,train,4876,C01568,0.0
ch2_ecommerce_behavior,train,4877,C00022,1.0
ch2_ecommerce_behavior,train,4878,C01791,1.0
ch2_ecommerce_behavior,train,4879,C05047,0.0
ch2_ecommerce_behavior,train,4880,C00200,0.0
ch2_ecommerce_behavior,train,4881,C07129,0.0
ch2_ecommerce_behavior,train,4882,C07758,0.0
ch2_ecommerce_behavior,train,4883,C00809,0.0
ch2_ecommerce_behavior,train,4884,C02132,0.0
ch2_ecommerce_behavior,train,4885,C08839,0.0
ch2_ecommerce_behavior,train,4886,C03335,0.0
ch2_ecommerce_behavior,train,4887,C02257,0.0
ch2_ecommerce_behavior,train,4888,C01012,1.0
ch2_ecommerce_behavior,train,4889,C02683,1.0
ch2_ecommerce_behavior,train,4890,C02171,0.0
ch2_ecommerce_behavior,train,4891,C01031,0.0
ch2_ecommerce_behavior,train,4892,C08986,0.0
ch2_ecommerce_behavior,train,4893,C02577,0.0
ch2_ecommerce_behavior,train,4894,C01704,1.0
ch2_ecommerce_behavior,train,4895,C03758,0.0
ch2_ecommerce_behavior,train,4896,C06333,0.0
ch2_ecommerce_behavior,train,4897,C07573,1.0
ch2_ecommerce_behavior,train,4898,C01580,0.0
ch2_ecommerce_behavior,train,4899,C02601,0.0
ch2_ecommerce_behavior,train,4900,C02329,0.0
ch2_ecommerce_behavior,train,4901,C07238,1.0
ch2_ecommerce_behavior,train,4902,C07602,1.0
ch2_ecommerce_behavior,train,4903,C01532,0.0
ch2_ecommerce_behavior,train,4904,C07387,0.0
ch2_ecommerce_behavior,train,4905,C06658,0.0
ch2_ecommerce_behavior,train,4906,C02100,0.0
ch2_ecommerce_behavior,train,4907,C09962,0.0
ch2_ecommerce_behavior,train,4908,C02080,0.0
ch2_ecommerce_behavior,train,4909,C07414,0.0
ch2_ecommerce_behavior,train,4910,C03616,0.0
ch2_ecommerce_behavior,train,4911,C08429,1.0
ch2_ecommerce_behavior,train,4912,C05045,0.0
ch2_ecommerce_behavior,train,4913,C02927,0.0
ch2_ecommerce_behavior,train,4914,C02937,0.0
ch2_ecommerce_behavior,train,4915,C06800,1.0
ch2_ecommerce_behavior,train,4916,C07034,1.0
ch2_ecommerce_behavior,train,4917,C02127,0.0
ch2_ecommerce_behavior,train,4918,C08449,0.0
ch2_ecommerce_behavior,train,4919,C08638,0.0
ch2_ecommerce_behavior,train,4920,C09126,1.0
ch2_ecommerce_behavior,train,4921,C05633,0.0
ch2_ecommerce_behavior,train,4922,C03735,0.0
ch2_ecommerce_behavior,train,4923,C02744,0.0
ch2_ecommerce_behavior,train,4924,C06171,1.0
ch2_ecommerce_behavior,train,4925,C04278,0.0
ch2_ecommerce_behavior,train,4926,C05340,0.0
ch2_ecommerce_behavior,train,4927,C03899,0.0
ch2_ecommerce_behavior,train,4928,C04085,0.0
ch2_ecommerce_behavior,train,4929,C04547,0.0
ch2_ecommerce_behavior,train,4930,C04032,0.0
ch2_ecommerce_behavior,train,4931,C08520,0.0
ch2_ecommerce_behavior,train,4932,C07803,0.0
ch2_ecommerce_behavior,train,4933,C01534,0.0
ch2_ecommerce_behavior,train,4934,C09488,0.0
ch2_ecommerce_behavior,train,4935,C07689,0.0
ch2_ecommerce_behavior,train,4936,C09591,1.0
ch2_ecommerce_behavior,train,4937,C02692,0.0
ch2_ecommerce_behavior,train,4938,C06035,0.0
ch2_ecommerce_behavior,train,4939,C07107,0.0
ch2_ecommerce_behavior,train,4940,C05132,0.0
ch2_ecommerce_behavior,train,4941,C01567,1.0
ch2_ecommerce_behavior,train,4942,C07196,1.0
ch2_ecommerce_behavior,train,4943,C05307,1.0
ch2_ecommerce_behavior,train,4944,C02130,1.0
ch2_ecommerce_behavior,train,4945,C02349,0.0
ch2_ecommerce_behavior,train,4946,C05380,1.0
ch2_ecommerce_behavior,train,4947,C08259,0.0
ch2_ecommerce_behavior,train,4948,C02760,0.0
ch2_ecommerce_behavior,train,4949,C08326,0.0
ch2_ecommerce_behavior,train,4950,C06706,0.0
ch2_ecommerce_behavior,train,4951,C07263,1.0
ch2_ecommerce_behavior,train,4952,C07269,0.0
ch2_ecommerce_behavior,train,4953,C00103,0.0
ch2_ecommerce_behavior,train,4954,C00456,1.0
ch2_ecommerce_behavior,train,4955,C04609,0.0
ch2_ecommerce_behavior,train,4956,C05866,0.0
ch2_ecommerce_behavior,train,4957,C03797,0.0
ch2_ecommerce_behavior,train,4958,C03467,0.0
ch2_ecommerce_behavior,train,4959,C02458,0.0
ch2_ecommerce_behavior,train,4960,C02713,0.0
ch2_ecommerce_behavior,train,4961,C08227,1.0
ch2_ecommerce_behavior,train,4962,C01176,0.0
ch2_ecommerce_behavior,train,4963,C05736,1.0
ch2_ecommerce_behavior,train,4964,C06994,0.0
ch2_ecommerce_behavior,train,4965,C00685,0.0
ch2_ecommerce_behavior,train,4966,C06454,0.0
ch2_ecommerce_behavior,train,4967,C05032,0.0
ch2_ecommerce_behavior,train,4968,C00295,0.0
ch2_ecommerce_behavior,train,4969,C06205,0.0
ch2_ecommerce_behavior,train,4970,C05993,0.0
ch2_ecommerce_behavior,train,4971,C04785,0.0
ch2_ecommerce_behavior,train,4972,C08726,1.0
ch2_ecommerce_behavior,train,4973,C04324,0.0
ch2_ecommerce_behavior,train,4974,C00955,0.0
ch2_ecommerce_behavior,train,4975,C04510,0.0
ch2_ecommerce_behavior,train,4976,C06088,0.0
ch2_ecommerce_behavior,train,4977,C01714,0.0
ch2_ecommerce_behavior,train,4978,C02855,0.0
ch2_ecommerce_behavior,train,4979,C00884,0.0
ch2_ecommerce_behavior,train,4980,C09529,0.0
ch2_ecommerce_behavior,train,4981,C00287,0.0
ch2_ecommerce_behavior,train,4982,C00477,0.0
ch2_ecommerce_behavior,train,4983,C03774,0.0
ch2_ecommerce_behavior,train,4984,C01571,0.0
ch2_ecommerce_behavior,train,4985,C00728,0.0
ch2_ecommerce_behavior,train,4986,C05826,0.0
ch2_ecommerce_behavior,train,4987,C02430,0.0
ch2_ecommerce_behavior,train,4988,C08780,0.0
ch2_ecommerce_behavior,train,4989,C01208,0.0
ch2_ecommerce_behavior,train,4990,C03303,0.0
ch2_ecommerce_behavior,train,4991,C01731,0.0
ch2_ecommerce_behavior,train,4992,C04177,0.0
ch2_ecommerce_behavior,train,4993,C04601,0.0
ch2_ecommerce_behavior,train,4994,C00170,0.0
ch2_ecommerce_behavior,train,4995,C04353,0.0
ch2_ecommerce_behavior,train,4996,C09900,0.0
ch2_ecommerce_behavior,train,4997,C05511,0.0
ch2_ecommerce_behavior,train,4998,C02505,1.0
ch2_ecommerce_behavior,train,4999,C09259,0.0
ch2_ecommerce_behavior,train,5000,C02552,0.0
ch2_ecommerce_behavior,train,5001,C07326,1.0
ch2_ecommerce_behavior,train,5002,C04970,0.0
ch2_ecommerce_behavior,train,5003,C00926,0.0
ch2_ecommerce_behavior,train,5004,C08408,0.0
ch2_ecommerce_behavior,train,5005,C01602,0.0
ch2_ecommerce_behavior,train,5006,C08823,0.0
ch2_ecommerce_behavior,train,5007,C04027,0.0
ch2_ecommerce_behavior,train,5008,C01384,1.0
ch2_ecommerce_behavior,train,5009,C01797,0.0
ch2_ecommerce_behavior,train,5010,C02574,0.0
ch2_ecommerce_behavior,train,5011,C04268,0.0
ch2_ecommerce_behavior,train,5012,C08677,0.0
ch2_ecommerce_behavior,train,5013,C02157,0.0
ch2_ecommerce_behavior,train,5014,C07943,0.0
ch2_ecommerce_behavior,train,5015,C00060,0.0
ch2_ecommerce_behavior,train,5016,C08493,0.0
ch2_ecommerce_behavior,train,5017,C00395,0.0
ch2_ecommerce_behavior,train,5018,C01397,0.0
ch2_ecommerce_behavior,train,5019,C07786,0.0
ch2_ecommerce_behavior,train,5020,C06195,1.0
ch2_ecommerce_behavior,train,5021,C04671,0.0
ch2_ecommerce_behavior,train,5022,C03476,0.0
ch2_ecommerce_behavior,train,5023,C02086,0.0
ch2_ecommerce_behavior,train,5024,C07215,1.0
ch2_ecommerce_behavior,train,5025,C05514,1.0
ch2_ecommerce_behavior,train,5026,C03062,0.0
ch2_ecommerce_behavior,train,5027,C07373,0.0
ch2_ecommerce_behavior,train,5028,C07746,0.0
ch2_ecommerce_behavior,train,5029,C07361,1.0
ch2_ecommerce_behavior,train,5030,C02717,1.0
ch2_ecommerce_behavior,train,5031,C07874,0.0
ch2_ecommerce_behavior,train,5032,C08029,0.0
ch2_ecommerce_behavior,train,5033,C04002,0.0
ch2_ecommerce_behavior,train,5034,C00351,0.0
ch2_ecommerce_behavior,train,5035,C09782,0.0
ch2_ecommerce_behavior,train,5036,C01931,0.0
ch2_ecommerce_behavior,train,5037,C00695,0.0
ch2_ecommerce_behavior,train,5038,C00963,0.0
ch2_ecommerce_behavior,train,5039,C04037,0.0
ch2_ecommerce_behavior,train,5040,C01079,0.0
ch2_ecommerce_behavior,train,5041,C00531,0.0
ch2_ecommerce_behavior,train,5042,C08492,0.0
ch2_ecommerce_behavior,train,5043,C04949,0.0
ch2_ecommerce_behavior,train,5044,C04033,0.0
ch2_ecommerce_behavior,train,5045,C03079,1.0
ch2_ecommerce_behavior,train,5046,C01291,1.0
ch2_ecommerce_behavior,train,5047,C07480,0.0
ch2_ecommerce_behavior,train,5048,C09161,0.0
ch2_ecommerce_behavior,train,5049,C01581,0.0
ch2_ecommerce_behavior,train,5050,C04668,0.0
ch2_ecommerce_behavior,train,5051,C09010,1.0
ch2_ecommerce_behavior,train,5052,C00024,0.0
ch2_ecommerce_behavior,train,5053,C08802,0.0
ch2_ecommerce_behavior,train,5054,C04705,0.0
ch2_ecommerce_behavior,train,5055,C08301,0.0
ch2_ecommerce_behavior,train,5056,C09378,0.0
ch2_ecommerce_behavior,train,5057,C07632,0.0
ch2_ecommerce_behavior,train,5058,C02978,0.0
ch2_ecommerce_behavior,train,5059,C08810,0.0
ch2_ecommerce_behavior,train,5060,C07683,0.0
ch2_ecommerce_behavior,train,5061,C03764,0.0
ch2_ecommerce_behavior,train,5062,C00642,0.0
ch2_ecommerce_behavior,train,5063,C07589,1.0
ch2_ecommerce_behavior,train,5064,C03169,0.0
ch2_ecommerce_behavior,train,5065,C05390,0.0
ch2_ecommerce_behavior,train,5066,C00223,0.0
ch2_ecommerce_behavior,train,5067,C01445,0.0
ch2_ecommerce_behavior,train,5068,C08447,1.0
ch2_ecommerce_behavior,train,5069,C08483,1.0
ch2_ecommerce_behavior,train,5070,C06787,0.0
ch2_ecommerce_behavior,train,5071,C08841,1.0
ch2_ecommerce_behavior,train,5072,C01305,1.0
ch2_ecommerce_behavior,train,5073,C01682,1.0
ch2_ecommerce_behavior,train,5074,C06189,0.0
ch2_ecommerce_behavior,train,5075,C08154,0.0
ch2_ecommerce_behavior,train,5076,C02449,0.0
ch2_ecommerce_behavior,train,5077,C09021,0.0
ch2_ecommerce_behavior,train,5078,C04523,0.0
ch2_ecommerce_behavior,train,5079,C00009,0.0
ch2_ecommerce_behavior,train,5080,C05274,0.0
ch2_ecommerce_behavior,train,5081,C08006,0.0
ch2_ecommerce_behavior,train,5082,C07492,0.0
ch2_ecommerce_behavior,train,5083,C00417,0.0
ch2_ecommerce_behavior,train,5084,C05760,0.0
ch2_ecommerce_behavior,train,5085,C09684,0.0
ch2_ecommerce_behavior,train,5086,C01673,0.0
ch2_ecommerce_behavior,train,5087,C02321,0.0
ch2_ecommerce_behavior,train,5088,C02252,0.0
ch2_ecommerce_behavior,train,5089,C08246,0.0
ch2_ecommerce_behavior,train,5090,C05554,0.0
ch2_ecommerce_behavior,train,5091,C04583,1.0
ch2_ecommerce_behavior,train,5092,C08431,0.0
ch2_ecommerce_behavior,train,5093,C09455,1.0
ch2_ecommerce_behavior,train,5094,C01189,0.0
ch2_ecommerce_behavior,train,5095,C00907,0.0
ch2_ecommerce_behavior,train,5096,C03997,0.0
ch2_ecommerce_behavior,train,5097,C00106,0.0
ch2_ecommerce_behavior,train,5098,C07955,0.0
ch2_ecommerce_behavior,train,5099,C00044,0.0
ch2_ecommerce_behavior,train,5100,C03746,0.0
ch2_ecommerce_behavior,train,5101,C01451,0.0
ch2_ecommerce_behavior,train,5102,C04266,0.0
ch2_ecommerce_behavior,train,5103,C05002,0.0
ch2_ecommerce_behavior,train,5104,C04808,0.0
ch2_ecommerce_behavior,train,5105,C02437,1.0
ch2_ecommerce_behavior,train,5106,C02740,0.0
ch2_ecommerce_behavior,train,5107,C08147,0.0
ch2_ecommerce_behavior,train,5108,C05426,0.0
ch2_ecommerce_behavior,train,5109,C02443,1.0
ch2_ecommerce_behavior,train,5110,C09600,0.0
ch2_ecommerce_behavior,train,5111,C06194,0.0
ch2_ecommerce_behavior,train,5112,C05905,0.0
ch2_ecommerce_behavior,train,5113,C05523,0.0
ch2_ecommerce_behavior,train,5114,C00892,1.0
ch2_ecommerce_behavior,train,5115,C07499,1.0
ch2_ecommerce_behavior,train,5116,C02840,0.0
ch2_ecommerce_behavior,train,5117,C05963,1.0
ch2_ecommerce_behavior,train,5118,C08278,0.0
ch2_ecommerce_behavior,train,5119,C03046,0.0
ch2_ecommerce_behavior,train,5120,C04505,0.0
ch2_ecommerce_behavior,train,5121,C05870,0.0
ch2_ecommerce_behavior,train,5122,C09006,0.0
ch2_ecommerce_behavior,train,5123,C01210,0.0
ch2_ecommerce_behavior,train,5124,C08498,0.0
ch2_ecommerce_behavior,train,5125,C09384,0.0
ch2_ecommerce_behavior,train,5126,C01024,0.0
ch2_ecommerce_behavior,train,5127,C03697,0.0
ch2_ecommerce_behavior,train,5128,C01706,0.0
ch2_ecommerce_behavior,train,5129,C03575,0.0
ch2_ecommerce_behavior,train,5130,C08532,0.0
ch2_ecommerce_behavior,train,5131,C09343,1.0
ch2_ecommerce_behavior,train,5132,C08902,0.0
ch2_ecommerce_behavior,train,5133,C04238,0.0
ch2_ecommerce_behavior,train,5134,C01415,0.0
ch2_ecommerce_behavior,train,5135,C09327,1.0
ch2_ecommerce_behavior,train,5136,C08733,0.0
ch2_ecommerce_behavior,train,5137,C00536,0.0
ch2_ecommerce_behavior,train,5138,C07449,0.0
ch2_ecommerce_behavior,train,5139,C07305,1.0
ch2_ecommerce_behavior,train,5140,C01000,0.0
ch2_ecommerce_behavior,train,5141,C06728,0.0
ch2_ecommerce_behavior,train,5142,C02346,0.0
ch2_ecommerce_behavior,train,5143,C07339,0.0
ch2_ecommerce_behavior,train,5144,C01183,0.0
ch2_ecommerce_behavior,train,5145,C05598,1.0
ch2_ecommerce_behavior,train,5146,C03313,0.0
ch2_ecommerce_behavior,train,5147,C03269,0.0
ch2_ecommerce_behavior,train,5148,C02162,0.0
ch2_ecommerce_behavior,train,5149,C01234,1.0
ch2_ecommerce_behavior,train,5150,C09019,0.0
ch2_ecommerce_behavior,train,5151,C02256,0.0
ch2_ecommerce_behavior,train,5152,C07766,0.0
ch2_ecommerce_behavior,train,5153,C09739,0.0
ch2_ecommerce_behavior,train,5154,C02737,0.0
ch2_ecommerce_behavior,train,5155,C07383,1.0
ch2_ecommerce_behavior,train,5156,C03579,0.0
ch2_ecommerce_behavior,train,5157,C08472,1.0
ch2_ecommerce_behavior,train,5158,C03853,0.0
ch2_ecommerce_behavior,train,5159,C07914,0.0
ch2_ecommerce_behavior,train,5160,C04792,0.0
ch2_ecommerce_behavior,train,5161,C08582,1.0
ch2_ecommerce_behavior,train,5162,C05778,0.0
ch2_ecommerce_behavior,train,5163,C07402,1.0
ch2_ecommerce_behavior,train,5164,C05188,0.0
ch2_ecommerce_behavior,train,5165,C05479,1.0
ch2_ecommerce_behavior,train,5166,C06267,0.0
ch2_ecommerce_behavior,train,5167,C09427,1.0
ch2_ecommerce_behavior,train,5168,C04462,0.0
ch2_ecommerce_behavior,train,5169,C01460,0.0
ch2_ecommerce_behavior,train,5170,C01256,0.0
ch2_ecommerce_behavior,train,5171,C06676,0.0
ch2_ecommerce_behavior,train,5172,C03945,0.0
ch2_ecommerce_behavior,train,5173,C09762,0.0
ch2_ecommerce_behavior,train,5174,C08755,1.0
ch2_ecommerce_behavior,train,5175,C06708,0.0
ch2_ecommerce_behavior,train,5176,C03944,1.0
ch2_ecommerce_behavior,train,5177,C08758,0.0
ch2_ecommerce_behavior,train,5178,C02550,0.0
ch2_ecommerce_behavior,train,5179,C07986,0.0
ch2_ecommerce_behavior,train,5180,C06588,0.0
ch2_ecommerce_behavior,train,5181,C02594,1.0
ch2_ecommerce_behavior,train,5182,C09842,0.0
ch2_ecommerce_behavior,train,5183,C06606,0.0
ch2_ecommerce_behavior,train,5184,C05572,0.0
ch2_ecommerce_behavior,train,5185,C07422,0.0
ch2_ecommerce_behavior,train,5186,C04745,0.0
ch2_ecommerce_behavior,train,5187,C03681,0.0
ch2_ecommerce_behavior,train,5188,C08659,0.0
ch2_ecommerce_behavior,train,5189,C02910,0.0
ch2_ecommerce_behavior,train,5190,C05475,0.0
ch2_ecommerce_behavior,train,5191,C02834,0.0
ch2_ecommerce_behavior,train,5192,C06360,1.0
ch2_ecommerce_behavior,train,5193,C01755,0.0
ch2_ecommerce_behavior,train,5194,C00578,0.0
ch2_ecommerce_behavior,train,5195,C01810,0.0
ch2_ecommerce_behavior,train,5196,C02735,0.0
ch2_ecommerce_behavior,train,5197,C02975,0.0
ch2_ecommerce_behavior,train,5198,C01477,0.0
ch2_ecommerce_behavior,train,5199,C01986,0.0
ch2_ecommerce_behavior,train,5200,C04848,0.0
ch2_ecommerce_behavior,train,5201,C01977,0.0
ch2_ecommerce_behavior,train,5202,C02124,0.0
ch2_ecommerce_behavior,train,5203,C03693,1.0
ch2_ecommerce_behavior,train,5204,C04957,0.0
ch2_ecommerce_behavior,train,5205,C09167,0.0
ch2_ecommerce_behavior,train,5206,C07809,0.0
ch2_ecommerce_behavior,train,5207,C04110,0.0
ch2_ecommerce_behavior,train,5208,C08043,0.0
ch2_ecommerce_behavior,train,5209,C05750,0.0
ch2_ecommerce_behavior,train,5210,C07797,0.0
ch2_ecommerce_behavior,train,5211,C02605,0.0
ch2_ecommerce_behavior,train,5212,C01422,0.0
ch2_ecommerce_behavior,train,5213,C06340,0.0
ch2_ecommerce_behavior,train,5214,C02746,0.0
ch2_ecommerce_behavior,train,5215,C00908,0.0
ch2_ecommerce_behavior,train,5216,C07120,0.0
ch2_ecommerce_behavior,train,5217,C02913,0.0
ch2_ecommerce_behavior,train,5218,C04874,0.0
ch2_ecommerce_behavior,train,5219,C05226,0.0
ch2_ecommerce_behavior,train,5220,C05843,1.0
ch2_ecommerce_behavior,train,5221,C06033,0.0
ch2_ecommerce_behavior,train,5222,C04178,0.0
ch2_ecommerce_behavior,train,5223,C07078,0.0
ch2_ecommerce_behavior,train,5224,C02646,1.0
ch2_ecommerce_behavior,train,5225,C02590,0.0
ch2_ecommerce_behavior,train,5226,C02269,0.0
ch2_ecommerce_behavior,train,5227,C03904,1.0
ch2_ecommerce_behavior,train,5228,C07857,1.0
ch2_ecommerce_behavior,train,5229,C02653,0.0
ch2_ecommerce_behavior,train,5230,C05929,0.0
ch2_ecommerce_behavior,train,5231,C00126,0.0
ch2_ecommerce_behavior,train,5232,C06071,1.0
ch2_ecommerce_behavior,train,5233,C04348,0.0
ch2_ecommerce_behavior,train,5234,C08712,0.0
ch2_ecommerce_behavior,train,5235,C01761,1.0
ch2_ecommerce_behavior,train,5236,C09321,0.0
ch2_ecommerce_behavior,train,5237,C09916,0.0
ch2_ecommerce_behavior,train,5238,C08379,0.0
ch2_ecommerce_behavior,train,5239,C00023,0.0
ch2_ecommerce_behavior,train,5240,C04542,0.0
ch2_ecommerce_behavior,train,5241,C02434,0.0
ch2_ecommerce_behavior,train,5242,C08455,0.0
ch2_ecommerce_behavior,train,5243,C00350,0.0
ch2_ecommerce_behavior,train,5244,C07260,0.0
ch2_ecommerce_behavior,train,5245,C09877,0.0
ch2_ecommerce_behavior,train,5246,C05212,1.0
ch2_ecommerce_behavior,train,5247,C03938,0.0
ch2_ecommerce_behavior,train,5248,C00833,0.0
ch2_ecommerce_behavior,train,5249,C05191,0.0
ch2_ecommerce_behavior,train,5250,C05214,0.0
ch2_ecommerce_behavior,train,5251,C06009,0.0
ch2_ecommerce_behavior,train,5252,C02641,0.0
ch2_ecommerce_behavior,train,5253,C05113,0.0
ch2_ecommerce_behavior,train,5254,C01281,0.0
ch2_ecommerce_behavior,train,5255,C06976,0.0
ch2_ecommerce_behavior,train,5256,C05549,0.0
ch2_ecommerce_behavior,train,5257,C06504,0.0
ch2_ecommerce_behavior,train,5258,C02814,0.0
ch2_ecommerce_behavior,train,5259,C01009,1.0
ch2_ecommerce_behavior,train,5260,C04707,0.0
ch2_ecommerce_behavior,train,5261,C04833,0.0
ch2_ecommerce_behavior,train,5262,C07473,0.0
ch2_ecommerce_behavior,train,5263,C05301,0.0
ch2_ecommerce_behavior,train,5264,C09602,0.0
ch2_ecommerce_behavior,train,5265,C09662,0.0
ch2_ecommerce_behavior,train,5266,C00612,1.0
ch2_ecommerce_behavior,train,5267,C05570,0.0
ch2_ecommerce_behavior,train,5268,C07505,0.0
ch2_ecommerce_behavior,train,5269,C08531,1.0
ch2_ecommerce_behavior,train,5270,C07457,0.0
ch2_ecommerce_behavior,train,5271,C05262,0.0
ch2_ecommerce_behavior,train,5272,C08913,1.0
ch2_ecommerce_behavior,train,5273,C01247,1.0
ch2_ecommerce_behavior,train,5274,C02414,0.0
ch2_ecommerce_behavior,train,5275,C00168,0.0
ch2_ecommerce_behavior,train,5276,C02201,0.0
ch2_ecommerce_behavior,train,5277,C07266,0.0
ch2_ecommerce_behavior,train,5278,C05211,0.0
ch2_ecommerce_behavior,train,5279,C02316,0.0
ch2_ecommerce_behavior,train,5280,C03767,0.0
ch2_ecommerce_behavior,train,5281,C04904,0.0
ch2_ecommerce_behavior,train,5282,C05192,0.0
ch2_ecommerce_behavior,train,5283,C00111,0.0
ch2_ecommerce_behavior,train,5284,C04187,1.0
ch2_ecommerce_behavior,train,5285,C06133,1.0
ch2_ecommerce_behavior,train,5286,C02954,0.0
ch2_ecommerce_behavior,train,5287,C07932,0.0
ch2_ecommerce_behavior,train,5288,C08296,0.0
ch2_ecommerce_behavior,train,5289,C05973,1.0
ch2_ecommerce_behavior,train,5290,C02782,0.0
ch2_ecommerce_behavior,train,5291,C01246,0.0
ch2_ecommerce_behavior,train,5292,C07507,0.0
ch2_ecommerce_behavior,train,5293,C02335,0.0
ch2_ecommerce_behavior,train,5294,C00901,0.0
ch2_ecommerce_behavior,train,5295,C07895,0.0
ch2_ecommerce_behavior,train,5296,C03671,0.0
ch2_ecommerce_behavior,train,5297,C03060,0.0
ch2_ecommerce_behavior,train,5298,C07398,1.0
ch2_ecommerce_behavior,train,5299,C05587,1.0
ch2_ecommerce_behavior,train,5300,C03157,0.0
ch2_ecommerce_behavior,train,5301,C01072,0.0
ch2_ecommerce_behavior,train,5302,C03766,0.0
ch2_ecommerce_behavior,train,5303,C03605,1.0
ch2_ecommerce_behavior,train,5304,C04234,1.0
ch2_ecommerce_behavior,train,5305,C09533,0.0
ch2_ecommerce_behavior,train,5306,C04614,0.0
ch2_ecommerce_behavior,train,5307,C04786,0.0
ch2_ecommerce_behavior,train,5308,C03429,0.0
ch2_ecommerce_behavior,train,5309,C00444,0.0
ch2_ecommerce_behavior,train,5310,C05886,0.0
ch2_ecommerce_behavior,train,5311,C09570,0.0
ch2_ecommerce_behavior,train,5312,C05429,0.0
ch2_ecommerce_behavior,train,5313,C04336,0.0
ch2_ecommerce_behavior,train,5314,C03375,0.0
ch2_ecommerce_behavior,train,5315,C07133,0.0
ch2_ecommerce_behavior,train,5316,C02700,0.0
ch2_ecommerce_behavior,train,5317,C04151,0.0
ch2_ecommerce_behavior,train,5318,C00762,0.0
ch2_ecommerce_behavior,train,5319,C06863,0.0
ch2_ecommerce_behavior,train,5320,C08699,0.0
ch2_ecommerce_behavior,train,5321,C04137,0.0
ch2_ecommerce_behavior,train,5322,C09135,0.0
ch2_ecommerce_behavior,train,5323,C05588,0.0
ch2_ecommerce_behavior,train,5324,C03271,0.0
ch2_ecommerce_behavior,train,5325,C08456,1.0
ch2_ecommerce_behavior,train,5326,C01407,0.0
ch2_ecommerce_behavior,train,5327,C05261,1.0
ch2_ecommerce_behavior,train,5328,C00641,0.0
ch2_ecommerce_behavior,train,5329,C02413,0.0
ch2_ecommerce_behavior,train,5330,C09304,0.0
ch2_ecommerce_behavior,train,5331,C02466,0.0
ch2_ecommerce_behavior,train,5332,C00813,0.0
ch2_ecommerce_behavior,train,5333,C00119,0.0
ch2_ecommerce_behavior,train,5334,C07280,0.0
ch2_ecommerce_behavior,train,5335,C00259,0.0
ch2_ecommerce_behavior,train,5336,C03282,0.0
ch2_ecommerce_behavior,train,5337,C07847,1.0
ch2_ecommerce_behavior,train,5338,C06575,1.0
ch2_ecommerce_behavior,train,5339,C08384,1.0
ch2_ecommerce_behavior,train,5340,C03813,0.0
ch2_ecommerce_behavior,train,5341,C06609,0.0
ch2_ecommerce_behavior,train,5342,C00677,0.0
ch2_ecommerce_behavior,train,5343,C08588,0.0
ch2_ecommerce_behavior,train,5344,C03219,0.0
ch2_ecommerce_behavior,train,5345,C08832,0.0
ch2_ecommerce_behavior,train,5346,C06449,0.0
ch2_ecommerce_behavior,train,5347,C04351,0.0
ch2_ecommerce_behavior,train,5348,C01226,0.0
ch2_ecommerce_behavior,train,5349,C02708,0.0
ch2_ecommerce_behavior,train,5350,C05325,1.0
ch2_ecommerce_behavior,train,5351,C04902,0.0
ch2_ecommerce_behavior,train,5352,C08816,0.0
ch2_ecommerce_behavior,train,5353,C01155,0.0
ch2_ecommerce_behavior,train,5354,C08064,0.0
ch2_ecommerce_behavior,train,5355,C03875,0.0
ch2_ecommerce_behavior,train,5356,C06672,0.0
ch2_ecommerce_behavior,train,5357,C00418,1.0
ch2_ecommerce_behavior,train,5358,C09682,1.0
ch2_ecommerce_behavior,train,5359,C00783,0.0
ch2_ecommerce_behavior,train,5360,C03701,0.0
ch2_ecommerce_behavior,train,5361,C05718,0.0
ch2_ecommerce_behavior,train,5362,C07953,1.0
ch2_ecommerce_behavior,train,5363,C06875,0.0
ch2_ecommerce_behavior,train,5364,C01190,0.0
ch2_ecommerce_behavior,train,5365,C08343,0.0
ch2_ecommerce_behavior,train,5366,C09805,0.0
ch2_ecommerce_behavior,train,5367,C07464,0.0
ch2_ecommerce_behavior,train,5368,C03261,0.0
ch2_ecommerce_behavior,train,5369,C03472,0.0
ch2_ecommerce_behavior,train,5370,C03788,0.0
ch2_ecommerce_behavior,train,5371,C07966,0.0
ch2_ecommerce_behavior,train,5372,C07321,0.0
ch2_ecommerce_behavior,train,5373,C07397,0.0
ch2_ecommerce_behavior,train,5374,C02721,0.0
ch2_ecommerce_behavior,train,5375,C04292,1.0
ch2_ecommerce_behavior,train,5376,C07342,0.0
ch2_ecommerce_behavior,train,5377,C06456,0.0
ch2_ecommerce_behavior,train,5378,C00724,1.0
ch2_ecommerce_behavior,train,5379,C07748,1.0
ch2_ecommerce_behavior,train,5380,C09218,0.0
ch2_ecommerce_behavior,train,5381,C09649,0.0
ch2_ecommerce_behavior,train,5382,C02286,0.0
ch2_ecommerce_behavior,train,5383,C02203,1.0
ch2_ecommerce_behavior,train,5384,C07534,0.0
ch2_ecommerce_behavior,train,5385,C04635,1.0
ch2_ecommerce_behavior,train,5386,C04673,0.0
ch2_ecommerce_behavior,train,5387,C00843,1.0
ch2_ecommerce_behavior,train,5388,C01753,0.0
ch2_ecommerce_behavior,train,5389,C02097,0.0
ch2_ecommerce_behavior,train,5390,C09000,0.0
ch2_ecommerce_behavior,train,5391,C04514,0.0
ch2_ecommerce_behavior,train,5392,C02939,0.0
ch2_ecommerce_behavior,train,5393,C02715,0.0
ch2_ecommerce_behavior,train,5394,C05492,0.0
ch2_ecommerce_behavior,train,5395,C06343,0.0
ch2_ecommerce_behavior,train,5396,C06986,0.0
ch2_ecommerce_behavior,train,5397,C05276,0.0
ch2_ecommerce_behavior,train,5398,C01219,0.0
ch2_ecommerce_behavior,train,5399,C08109,0.0
ch2_ecommerce_behavior,train,5400,C08574,1.0
ch2_ecommerce_behavior,train,5401,C08948,0.0
ch2_ecommerce_behavior,train,5402,C07145,0.0
ch2_ecommerce_behavior,train,5403,C00528,0.0
ch2_ecommerce_behavior,train,5404,C00449,1.0
ch2_ecommerce_behavior,train,5405,C04849,0.0
ch2_ecommerce_behavior,train,5406,C01520,0.0
ch2_ecommerce_behavior,train,5407,C05471,0.0
ch2_ecommerce_behavior,train,5408,C02555,0.0
ch2_ecommerce_behavior,train,5409,C03954,1.0
ch2_ecommerce_behavior,train,5410,C04101,0.0
ch2_ecommerce_behavior,train,5411,C09557,0.0
ch2_ecommerce_behavior,train,5412,C08970,0.0
ch2_ecommerce_behavior,train,5413,C09468,0.0
ch2_ecommerce_behavior,train,5414,C04642,1.0
ch2_ecommerce_behavior,train,5415,C08996,0.0
ch2_ecommerce_behavior,train,5416,C01700,0.0
ch2_ecommerce_behavior,train,5417,C06804,0.0
ch2_ecommerce_behavior,train,5418,C01363,1.0
ch2_ecommerce_behavior,train,5419,C00065,0.0
ch2_ecommerce_behavior,train,5420,C05784,0.0
ch2_ecommerce_behavior,train,5421,C09666,1.0
ch2_ecommerce_behavior,train,5422,C02567,0.0
ch2_ecommerce_behavior,train,5423,C02531,1.0
ch2_ecommerce_behavior,train,5424,C06898,1.0
ch2_ecommerce_behavior,train,5425,C00317,0.0
ch2_ecommerce_behavior,train,5426,C09337,0.0
ch2_ecommerce_behavior,train,5427,C07093,0.0
ch2_ecommerce_behavior,train,5428,C00708,0.0
ch2_ecommerce_behavior,train,5429,C03542,0.0
ch2_ecommerce_behavior,train,5430,C08033,0.0
ch2_ecommerce_behavior,train,5431,C05355,0.0
ch2_ecommerce_behavior,train,5432,C06117,0.0
ch2_ecommerce_behavior,train,5433,C02946,0.0
ch2_ecommerce_behavior,train,5434,C00668,1.0
ch2_ecommerce_behavior,train,5435,C05913,0.0
ch2_ecommerce_behavior,train,5436,C06323,0.0
ch2_ecommerce_behavior,train,5437,C06220,1.0
ch2_ecommerce_behavior,train,5438,C06921,0.0
ch2_ecommerce_behavior,train,5439,C09168,0.0
ch2_ecommerce_behavior,train,5440,C07690,0.0
ch2_ecommerce_behavior,train,5441,C02955,0.0
ch2_ecommerce_behavior,train,5442,C02465,0.0
ch2_ecommerce_behavior,train,5443,C06173,0.0
ch2_ecommerce_behavior,train,5444,C06078,0.0
ch2_ecommerce_behavior,train,5445,C03456,0.0
ch2_ecommerce_behavior,train,5446,C05217,0.0
ch2_ecommerce_behavior,train,5447,C02749,0.0
ch2_ecommerce_behavior,train,5448,C05034,0.0
ch2_ecommerce_behavior,train,5449,C07721,0.0
ch2_ecommerce_behavior,train,5450,C06559,1.0
ch2_ecommerce_behavior,train,5451,C09383,0.0
ch2_ecommerce_behavior,train,5452,C02169,0.0
ch2_ecommerce_behavior,train,5453,C05661,0.0
ch2_ecommerce_behavior,train,5454,C02932,0.0
ch2_ecommerce_behavior,train,5455,C04828,1.0
ch2_ecommerce_behavior,train,5456,C05694,0.0
ch2_ecommerce_behavior,train,5457,C01878,1.0
ch2_ecommerce_behavior,train,5458,C01798,0.0
ch2_ecommerce_behavior,train,5459,C06308,0.0
ch2_ecommerce_behavior,train,5460,C00399,0.0
ch2_ecommerce_behavior,train,5461,C05057,0.0
ch2_ecommerce_behavior,train,5462,C02260,0.0
ch2_ecommerce_behavior,train,5463,C07074,0.0
ch2_ecommerce_behavior,train,5464,C05941,1.0
ch2_ecommerce_behavior,train,5465,C09275,0.0
ch2_ecommerce_behavior,train,5466,C00898,0.0
ch2_ecommerce_behavior,train,5467,C01879,0.0
ch2_ecommerce_behavior,train,5468,C00110,0.0
ch2_ecommerce_behavior,train,5469,C02483,0.0
ch2_ecommerce_behavior,train,5470,C02180,0.0
ch2_ecommerce_behavior,train,5471,C08180,0.0
ch2_ecommerce_behavior,train,5472,C04034,1.0
ch2_ecommerce_behavior,train,5473,C04338,1.0
ch2_ecommerce_behavior,train,5474,C07925,0.0
ch2_ecommerce_behavior,train,5475,C07514,0.0
ch2_ecommerce_behavior,train,5476,C04243,0.0
ch2_ecommerce_behavior,train,5477,C00739,0.0
ch2_ecommerce_behavior,train,5478,C02337,0.0
ch2_ecommerce_behavior,train,5479,C05946,0.0
ch2_ecommerce_behavior,train,5480,C00874,0.0
ch2_ecommerce_behavior,train,5481,C01097,0.0
ch2_ecommerce_behavior,train,5482,C04708,0.0
ch2_ecommerce_behavior,train,5483,C09930,0.0
ch2_ecommerce_behavior,train,5484,C06240,0.0
ch2_ecommerce_behavior,train,5485,C09788,0.0
ch2_ecommerce_behavior,train,5486,C07336,0.0
ch2_ecommerce_behavior,train,5487,C07920,0.0
ch2_ecommerce_behavior,train,5488,C09332,0.0
ch2_ecommerce_behavior,train,5489,C08980,0.0
ch2_ecommerce_behavior,train,5490,C05199,0.0
ch2_ecommerce_behavior,train,5491,C07382,0.0
ch2_ecommerce_behavior,train,5492,C06060,0.0
ch2_ecommerce_behavior,train,5493,C00137,0.0
ch2_ecommerce_behavior,train,5494,C04443,0.0
ch2_ecommerce_behavior,train,5495,C09836,0.0
ch2_ecommerce_behavior,train,5496,C03620,0.0
ch2_ecommerce_behavior,train,5497,C00277,0.0
ch2_ecommerce_behavior,train,5498,C00699,0.0
ch2_ecommerce_behavior,train,5499,C02137,0.0
ch2_ecommerce_behavior,train,5500,C04145,0.0
ch2_ecommerce_behavior,train,5501,C05958,0.0
ch2_ecommerce_behavior,train,5502,C04743,1.0
ch2_ecommerce_behavior,train,5503,C01840,0.0
ch2_ecommerce_behavior,train,5504,C00622,1.0
ch2_ecommerce_behavior,train,5505,C01506,0.0
ch2_ecommerce_behavior,train,5506,C08400,0.0
ch2_ecommerce_behavior,train,5507,C03445,0.0
ch2_ecommerce_behavior,train,5508,C07297,0.0
ch2_ecommerce_behavior,train,5509,C02196,0.0
ch2_ecommerce_behavior,train,5510,C08759,0.0
ch2_ecommerce_behavior,train,5511,C03804,0.0
ch2_ecommerce_behavior,train,5512,C09757,0.0
ch2_ecommerce_behavior,train,5513,C04435,0.0
ch2_ecommerce_behavior,train,5514,C06463,1.0
ch2_ecommerce_behavior,train,5515,C00198,0.0
ch2_ecommerce_behavior,train,5516,C00390,1.0
ch2_ecommerce_behavior,train,5517,C05381,1.0
ch2_ecommerce_behavior,train,5518,C06576,0.0
ch2_ecommerce_behavior,train,5519,C02452,0.0
ch2_ecommerce_behavior,train,5520,C02117,0.0
ch2_ecommerce_behavior,train,5521,C08271,0.0
ch2_ecommerce_behavior,train,5522,C06310,0.0
ch2_ecommerce_behavior,train,5523,C07399,0.0
ch2_ecommerce_behavior,train,5524,C09636,0.0
ch2_ecommerce_behavior,train,5525,C03047,0.0
ch2_ecommerce_behavior,train,5526,C01864,0.0
ch2_ecommerce_behavior,train,5527,C04120,1.0
ch2_ecommerce_behavior,train,5528,C05508,0.0
ch2_ecommerce_behavior,train,5529,C01799,0.0
ch2_ecommerce_behavior,train,5530,C08989,0.0
ch2_ecommerce_behavior,train,5531,C02371,0.0
ch2_ecommerce_behavior,train,5532,C07984,1.0
ch2_ecommerce_behavior,train,5533,C04515,0.0
ch2_ecommerce_behavior,train,5534,C06557,1.0
ch2_ecommerce_behavior,train,5535,C07736,0.0
ch2_ecommerce_behavior,train,5536,C08600,1.0
ch2_ecommerce_behavior,train,5537,C00502,0.0
ch2_ecommerce_behavior,train,5538,C01658,0.0
ch2_ecommerce_behavior,train,5539,C08604,0.0
ch2_ecommerce_behavior,train,5540,C05576,0.0
ch2_ecommerce_behavior,train,5541,C07575,0.0
ch2_ecommerce_behavior,train,5542,C07298,0.0
ch2_ecommerce_behavior,train,5543,C09571,1.0
ch2_ecommerce_behavior,train,5544,C02065,0.0
ch2_ecommerce_behavior,train,5545,C07176,0.0
ch2_ecommerce_behavior,train,5546,C00736,0.0
ch2_ecommerce_behavior,train,5547,C07006,0.0
ch2_ecommerce_behavior,train,5548,C09303,0.0
ch2_ecommerce_behavior,train,5549,C08941,0.0
ch2_ecommerce_behavior,train,5550,C04739,0.0
ch2_ecommerce_behavior,train,5551,C08602,1.0
ch2_ecommerce_behavior,train,5552,C04466,1.0
ch2_ecommerce_behavior,train,5553,C08538,0.0
ch2_ecommerce_behavior,train,5554,C06745,0.0
ch2_ecommerce_behavior,train,5555,C02993,0.0
ch2_ecommerce_behavior,train,5556,C08958,0.0
ch2_ecommerce_behavior,train,5557,C01906,0.0
ch2_ecommerce_behavior,train,5558,C03919,0.0
ch2_ecommerce_behavior,train,5559,C01588,0.0
ch2_ecommerce_behavior,train,5560,C09841,1.0
ch2_ecommerce_behavior,train,5561,C09759,0.0
ch2_ecommerce_behavior,train,5562,C00325,0.0
ch2_ecommerce_behavior,train,5563,C06121,0.0
ch2_ecommerce_behavior,train,5564,C09195,0.0
ch2_ecommerce_behavior,train,5565,C00945,1.0
ch2_ecommerce_behavior,train,5566,C07172,0.0
ch2_ecommerce_behavior,train,5567,C05919,1.0
ch2_ecommerce_behavior,train,5568,C04770,0.0
ch2_ecommerce_behavior,train,5569,C06603,0.0
ch2_ecommerce_behavior,train,5570,C05016,1.0
ch2_ecommerce_behavior,train,5571,C07067,0.0
ch2_ecommerce_behavior,train,5572,C09317,0.0
ch2_ecommerce_behavior,train,5573,C09576,0.0
ch2_ecommerce_behavior,train,5574,C02818,0.0
ch2_ecommerce_behavior,train,5575,C03171,0.0
ch2_ecommerce_behavior,train,5576,C05641,0.0
ch2_ecommerce_behavior,train,5577,C06786,0.0
ch2_ecommerce_behavior,train,5578,C03927,0.0
ch2_ecommerce_behavior,train,5579,C09896,0.0
ch2_ecommerce_behavior,train,5580,C04836,1.0
ch2_ecommerce_behavior,train,5581,C04491,0.0
ch2_ecommerce_behavior,train,5582,C07426,0.0
ch2_ecommerce_behavior,train,5583,C01304,0.0
ch2_ecommerce_behavior,train,5584,C06085,0.0
ch2_ecommerce_behavior,train,5585,C08266,0.0
ch2_ecommerce_behavior,train,5586,C05679,0.0
ch2_ecommerce_behavior,train,5587,C00684,0.0
ch2_ecommerce_behavior,train,5588,C07944,1.0
ch2_ecommerce_behavior,train,5589,C09743,1.0
ch2_ecommerce_behavior,train,5590,C08074,0.0
ch2_ecommerce_behavior,train,5591,C08024,1.0
ch2_ecommerce_behavior,train,5592,C06228,0.0
ch2_ecommerce_behavior,train,5593,C09224,0.0
ch2_ecommerce_behavior,train,5594,C02716,0.0
ch2_ecommerce_behavior,train,5595,C05850,1.0
ch2_ecommerce_behavior,train,5596,C05348,0.0
ch2_ecommerce_behavior,train,5597,C06139,1.0
ch2_ecommerce_behavior,train,5598,C00274,0.0
ch2_ecommerce_behavior,train,5599,C04750,0.0
ch2_ecommerce_behavior,train,5600,C00366,0.0
ch2_ecommerce_behavior,train,5601,C05877,1.0
ch2_ecommerce_behavior,train,5602,C07051,0.0
ch2_ecommerce_behavior,train,5603,C06789,0.0
ch2_ecommerce_behavior,train,5604,C05041,1.0
ch2_ecommerce_behavior,train,5605,C03852,0.0
ch2_ecommerce_behavior,train,5606,C06597,1.0
ch2_ecommerce_behavior,train,5607,C06832,0.0
ch2_ecommerce_behavior,train,5608,C02093,1.0
ch2_ecommerce_behavior,train,5609,C01274,0.0
ch2_ecommerce_behavior,train,5610,C01409,0.0
ch2_ecommerce_behavior,train,5611,C05636,0.0
ch2_ecommerce_behavior,train,5612,C01850,0.0
ch2_ecommerce_behavior,train,5613,C03140,0.0
ch2_ecommerce_behavior,train,5614,C01391,0.0
ch2_ecommerce_behavior,train,5615,C09537,0.0
ch2_ecommerce_behavior,train,5616,C05723,0.0
ch2_ecommerce_behavior,train,5617,C01542,0.0
ch2_ecommerce_behavior,train,5618,C02142,0.0
ch2_ecommerce_behavior,train,5619,C03360,0.0
ch2_ecommerce_behavior,train,5620,C00993,0.0
ch2_ecommerce_behavior,train,5621,C06326,0.0
ch2_ecommerce_behavior,train,5622,C00814,0.0
ch2_ecommerce_behavior,train,5623,C08590,0.0
ch2_ecommerce_behavior,train,5624,C00070,0.0
ch2_ecommerce_behavior,train,5625,C05680,0.0
ch2_ecommerce_behavior,train,5626,C02666,0.0
ch2_ecommerce_behavior,train,5627,C05251,1.0
ch2_ecommerce_behavior,train,5628,C02576,0.0
ch2_ecommerce_behavior,train,5629,C00169,0.0
ch2_ecommerce_behavior,train,5630,C09353,0.0
ch2_ecommerce_behavior,train,5631,C06352,0.0
ch2_ecommerce_behavior,train,5632,C08648,0.0
ch2_ecommerce_behavior,train,5633,C06026,0.0
ch2_ecommerce_behavior,train,5634,C05065,1.0
ch2_ecommerce_behavior,train,5635,C08670,0.0
ch2_ecommerce_behavior,train,5636,C09055,0.0
ch2_ecommerce_behavior,train,5637,C08561,0.0
ch2_ecommerce_behavior,train,5638,C02839,1.0
ch2_ecommerce_behavior,train,5639,C08116,1.0
ch2_ecommerce_behavior,train,5640,C03441,1.0
ch2_ecommerce_behavior,train,5641,C07558,0.0
ch2_ecommerce_behavior,train,5642,C00083,0.0
ch2_ecommerce_behavior,train,5643,C01122,0.0
ch2_ecommerce_behavior,train,5644,C09423,0.0
ch2_ecommerce_behavior,train,5645,C03780,1.0
ch2_ecommerce_behavior,train,5646,C08991,0.0
ch2_ecommerce_behavior,train,5647,C02354,1.0
ch2_ecommerce_behavior,train,5648,C09187,0.0
ch2_ecommerce_behavior,train,5649,C02887,0.0
ch2_ecommerce_behavior,train,5650,C05613,0.0
ch2_ecommerce_behavior,train,5651,C06629,0.0
ch2_ecommerce_behavior,train,5652,C08245,0.0
ch2_ecommerce_behavior,train,5653,C06705,0.0
ch2_ecommerce_behavior,train,5654,C02235,0.0
ch2_ecommerce_behavior,train,5655,C06554,0.0
ch2_ecommerce_behavior,train,5656,C08388,0.0
ch2_ecommerce_behavior,train,5657,C09294,0.0
ch2_ecommerce_behavior,train,5658,C02173,0.0
ch2_ecommerce_behavior,train,5659,C04752,0.0
ch2_ecommerce_behavior,train,5660,C08878,0.0
ch2_ecommerce_behavior,train,5661,C02165,0.0
ch2_ecommerce_behavior,train,5662,C02703,0.0
ch2_ecommerce_behavior,train,5663,C06698,0.0
ch2_ecommerce_behavior,train,5664,C07148,0.0
ch2_ecommerce_behavior,train,5665,C00285,0.0
ch2_ecommerce_behavior,train,5666,C06758,1.0
ch2_ecommerce_behavior,train,5667,C08460,0.0
ch2_ecommerce_behavior,train,5668,C01661,0.0
ch2_ecommerce_behavior,train,5669,C08107,0.0
ch2_ecommerce_behavior,train,5670,C09732,1.0
ch2_ecommerce_behavior,train,5671,C05254,0.0
ch2_ecommerce_behavior,train,5672,C05891,0.0
ch2_ecommerce_behavior,train,5673,C08797,0.0
ch2_ecommerce_behavior,train,5674,C03765,0.0
ch2_ecommerce_behavior,train,5675,C07704,0.0
ch2_ecommerce_behavior,train,5676,C03690,0.0
ch2_ecommerce_behavior,train,5677,C01417,0.0
ch2_ecommerce_behavior,train,5678,C03297,0.0
ch2_ecommerce_behavior,train,5679,C05279,0.0
ch2_ecommerce_behavior,train,5680,C02057,0.0
ch2_ecommerce_behavior,train,5681,C05920,0.0
ch2_ecommerce_behavior,train,5682,C07930,0.0
ch2_ecommerce_behavior,train,5683,C06912,0.0
ch2_ecommerce_behavior,train,5684,C01474,1.0
ch2_ecommerce_behavior,train,5685,C08630,0.0
ch2_ecommerce_behavior,train,5686,C05071,1.0
ch2_ecommerce_behavior,train,5687,C00888,0.0
ch2_ecommerce_behavior,train,5688,C02233,1.0
ch2_ecommerce_behavior,train,5689,C03493,0.0
ch2_ecommerce_behavior,train,5690,C03734,0.0
ch2_ecommerce_behavior,train,5691,C02620,0.0
ch2_ecommerce_behavior,train,5692,C01993,1.0
ch2_ecommerce_behavior,train,5693,C01778,0.0
ch2_ecommerce_behavior,train,5694,C06344,0.0
ch2_ecommerce_behavior,train,5695,C00051,1.0
ch2_ecommerce_behavior,train,5696,C03424,0.0
ch2_ecommerce_behavior,train,5697,C01745,0.0
ch2_ecommerce_behavior,train,5698,C07599,0.0
ch2_ecommerce_behavior,train,5699,C03621,0.0
ch2_ecommerce_behavior,train,5700,C05059,1.0
ch2_ecommerce_behavior,train,5701,C09349,0.0
ch2_ecommerce_behavior,train,5702,C03415,0.0
ch2_ecommerce_behavior,train,5703,C02315,1.0
ch2_ecommerce_behavior,train,5704,C08298,0.0
ch2_ecommerce_behavior,train,5705,C00159,0.0
ch2_ecommerce_behavior,train,5706,C06741,0.0
ch2_ecommerce_behavior,train,5707,C05938,0.0
ch2_ecommerce_behavior,train,5708,C03716,0.0
ch2_ecommerce_behavior,train,5709,C08202,1.0
ch2_ecommerce_behavior,train,5710,C04674,0.0
ch2_ecommerce_behavior,train,5711,C09532,0.0
ch2_ecommerce_behavior,train,5712,C00735,0.0
ch2_ecommerce_behavior,train,5713,C08428,0.0
ch2_ecommerce_behavior,train,5714,C00129,0.0
ch2_ecommerce_behavior,train,5715,C06654,0.0
ch2_ecommerce_behavior,train,5716,C05988,1.0
ch2_ecommerce_behavior,train,5717,C00190,0.0
ch2_ecommerce_behavior,train,5718,C06024,0.0
ch2_ecommerce_behavior,train,5719,C05219,0.0
ch2_ecommerce_behavior,train,5720,C04740,0.0
ch2_ecommerce_behavior,train,5721,C04908,0.0
ch2_ecommerce_behavior,train,5722,C09280,0.0
ch2_ecommerce_behavior,train,5723,C00445,0.0
ch2_ecommerce_behavior,train,5724,C07983,0.0
ch2_ecommerce_behavior,train,5725,C06042,0.0
ch2_ecommerce_behavior,train,5726,C08224,0.0
ch2_ecommerce_behavior,train,5727,C02685,0.0
ch2_ecommerce_behavior,train,5728,C04472,0.0
ch2_ecommerce_behavior,train,5729,C00034,0.0
ch2_ecommerce_behavior,train,5730,C02621,1.0
ch2_ecommerce_behavior,train,5731,C05925,0.0
ch2_ecommerce_behavior,train,5732,C07095,1.0
ch2_ecommerce_behavior,train,5733,C02040,0.0
ch2_ecommerce_behavior,train,5734,C05196,0.0
ch2_ecommerce_behavior,train,5735,C06545,0.0
ch2_ecommerce_behavior,train,5736,C02838,0.0
ch2_ecommerce_behavior,train,5737,C04789,0.0
ch2_ecommerce_behavior,train,5738,C05271,0.0
ch2_ecommerce_behavior,train,5739,C08331,0.0
ch2_ecommerce_behavior,train,5740,C08252,0.0
ch2_ecommerce_behavior,train,5741,C02706,0.0
ch2_ecommerce_behavior,train,5742,C09707,0.0
ch2_ecommerce_behavior,train,5743,C07039,0.0
ch2_ecommerce_behavior,train,5744,C05267,0.0
ch2_ecommerce_behavior,train,5745,C09181,0.0
ch2_ecommerce_behavior,train,5746,C09314,0.0
ch2_ecommerce_behavior,train,5747,C09977,0.0
ch2_ecommerce_behavior,train,5748,C01541,1.0
ch2_ecommerce_behavior,train,5749,C00261,0.0
ch2_ecommerce_behavior,train,5750,C04992,0.0
ch2_ecommerce_behavior,train,5751,C01648,0.0
ch2_ecommerce_behavior,train,5752,C00421,0.0
ch2_ecommerce_behavior,train,5753,C08258,0.0
ch2_ecommerce_behavior,train,5754,C06415,0.0
ch2_ecommerce_behavior,train,5755,C06759,0.0
ch2_ecommerce_behavior,train,5756,C07869,0.0
ch2_ecommerce_behavior,train,5757,C00404,1.0
ch2_ecommerce_behavior,train,5758,C04811,0.0
ch2_ecommerce_behavior,train,5759,C04710,0.0
ch2_ecommerce_behavior,train,5760,C07497,0.0
ch2_ecommerce_behavior,train,5761,C04244,0.0
ch2_ecommerce_behavior,train,5762,C00524,1.0
ch2_ecommerce_behavior,train,5763,C02522,0.0
ch2_ecommerce_behavior,train,5764,C03595,1.0
ch2_ecommerce_behavior,train,5765,C02902,0.0
ch2_ecommerce_behavior,train,5766,C00529,0.0
ch2_ecommerce_behavior,train,5767,C00587,0.0
ch2_ecommerce_behavior,train,5768,C06075,0.0
ch2_ecommerce_behavior,train,5769,C03006,0.0
ch2_ecommerce_behavior,train,5770,C07619,0.0
ch2_ecommerce_behavior,train,5771,C07482,1.0
ch2_ecommerce_behavior,train,5772,C03722,0.0
ch2_ecommerce_behavior,train,5773,C03371,0.0
ch2_ecommerce_behavior,train,5774,C08239,0.0
ch2_ecommerce_behavior,train,5775,C08249,0.0
ch2_ecommerce_behavior,train,5776,C01609,0.0
ch2_ecommerce_behavior,train,5777,C07910,1.0
ch2_ecommerce_behavior,train,5778,C04341,0.0
ch2_ecommerce_behavior,train,5779,C05440,1.0
ch2_ecommerce_behavior,train,5780,C08785,1.0
ch2_ecommerce_behavior,train,5781,C04782,0.0
ch2_ecommerce_behavior,train,5782,C01228,0.0
ch2_ecommerce_behavior,train,5783,C04587,0.0
ch2_ecommerce_behavior,train,5784,C03921,0.0
ch2_ecommerce_behavior,train,5785,C03192,0.0
ch2_ecommerce_behavior,train,5786,C06913,0.0
ch2_ecommerce_behavior,train,5787,C01793,0.0
ch2_ecommerce_behavior,train,5788,C03642,1.0
ch2_ecommerce_behavior,train,5789,C08131,0.0
ch2_ecommerce_behavior,train,5790,C07676,0.0
ch2_ecommerce_behavior,train,5791,C04185,0.0
ch2_ecommerce_behavior,train,5792,C08801,0.0
ch2_ecommerce_behavior,train,5793,C06266,1.0
ch2_ecommerce_behavior,train,5794,C04911,0.0
ch2_ecommerce_behavior,train,5795,C01260,0.0
ch2_ecommerce_behavior,train,5796,C03256,1.0
ch2_ecommerce_behavior,train,5797,C01437,0.0
ch2_ecommerce_behavior,train,5798,C00545,1.0
ch2_ecommerce_behavior,train,5799,C07710,0.0
ch2_ecommerce_behavior,train,5800,C02591,0.0
ch2_ecommerce_behavior,train,5801,C00084,1.0
ch2_ecommerce_behavior,train,5802,C02823,1.0
ch2_ecommerce_behavior,train,5803,C07890,0.0
ch2_ecommerce_behavior,train,5804,C07213,0.0
ch2_ecommerce_behavior,train,5805,C01385,1.0
ch2_ecommerce_behavior,train,5806,C00535,0.0
ch2_ecommerce_behavior,train,5807,C03498,0.0
ch2_ecommerce_behavior,train,5808,C06167,0.0
ch2_ecommerce_behavior,train,5809,C09113,0.0
ch2_ecommerce_behavior,train,5810,C08672,0.0
ch2_ecommerce_behavior,train,5811,C03101,0.0
ch2_ecommerce_behavior,train,5812,C00280,0.0
ch2_ecommerce_behavior,train,5813,C09390,1.0
ch2_ecommerce_behavior,train,5814,C02069,0.0
ch2_ecommerce_behavior,train,5815,C08280,0.0
ch2_ecommerce_behavior,train,5816,C02317,0.0
ch2_ecommerce_behavior,train,5817,C06063,0.0
ch2_ecommerce_behavior,train,5818,C06019,0.0
ch2_ecommerce_behavior,train,5819,C00121,0.0
ch2_ecommerce_behavior,train,5820,C00063,0.0
ch2_ecommerce_behavior,train,5821,C08357,0.0
ch2_ecommerce_behavior,train,5822,C01763,0.0
ch2_ecommerce_behavior,train,5823,C05906,0.0
ch2_ecommerce_behavior,train,5824,C06525,0.0
ch2_ecommerce_behavior,train,5825,C09012,0.0
ch2_ecommerce_behavior,train,5826,C09997,1.0
ch2_ecommerce_behavior,train,5827,C05811,0.0
ch2_ecommerce_behavior,train,5828,C03940,0.0
ch2_ecommerce_behavior,train,5829,C07069,0.0
ch2_ecommerce_behavior,train,5830,C04095,0.0
ch2_ecommerce_behavior,train,5831,C05759,0.0
ch2_ecommerce_behavior,train,5832,C06862,0.0
ch2_ecommerce_behavior,train,5833,C07727,0.0
ch2_ecommerce_behavior,train,5834,C02313,0.0
ch2_ecommerce_behavior,train,5835,C08188,0.0
ch2_ecommerce_behavior,train,5836,C09277,0.0
ch2_ecommerce_behavior,train,5837,C05145,0.0
ch2_ecommerce_behavior,train,5838,C02730,0.0
ch2_ecommerce_behavior,train,5839,C02648,0.0
ch2_ecommerce_behavior,train,5840,C03726,1.0
ch2_ecommerce_behavior,train,5841,C08505,0.0
ch2_ecommerce_behavior,train,5842,C06222,0.0
ch2_ecommerce_behavior,train,5843,C04648,0.0
ch2_ecommerce_behavior,train,5844,C05358,0.0
ch2_ecommerce_behavior,train,5845,C07926,0.0
ch2_ecommerce_behavior,train,5846,C09901,0.0
ch2_ecommerce_behavior,train,5847,C06896,0.0
ch2_ecommerce_behavior,train,5848,C03071,0.0
ch2_ecommerce_behavior,train,5849,C02303,1.0
ch2_ecommerce_behavior,train,5850,C07682,0.0
ch2_ecommerce_behavior,train,5851,C04464,0.0
ch2_ecommerce_behavior,train,5852,C08324,0.0
ch2_ecommerce_behavior,train,5853,C04490,0.0
ch2_ecommerce_behavior,train,5854,C02845,0.0
ch2_ecommerce_behavior,train,5855,C04633,1.0
ch2_ecommerce_behavior,train,5856,C00763,0.0
ch2_ecommerce_behavior,train,5857,C03677,0.0
ch2_ecommerce_behavior,train,5858,C07883,0.0
ch2_ecommerce_behavior,train,5859,C04400,0.0
ch2_ecommerce_behavior,train,5860,C01105,0.0
ch2_ecommerce_behavior,train,5861,C09095,0.0
ch2_ecommerce_behavior,train,5862,C01168,0.0
ch2_ecommerce_behavior,train,5863,C04639,0.0
ch2_ecommerce_behavior,train,5864,C08593,0.0
ch2_ecommerce_behavior,train,5865,C09052,0.0
ch2_ecommerce_behavior,train,5866,C02418,0.0
ch2_ecommerce_behavior,train,5867,C04959,0.0
ch2_ecommerce_behavior,train,5868,C05215,0.0
ch2_ecommerce_behavior,train,5869,C00712,0.0
ch2_ecommerce_behavior,train,5870,C07273,0.0
ch2_ecommerce_behavior,train,5871,C01462,0.0
ch2_ecommerce_behavior,train,5872,C07508,1.0
ch2_ecommerce_behavior,train,5873,C04352,0.0
ch2_ecommerce_behavior,train,5874,C01166,0.0
ch2_ecommerce_behavior,train,5875,C04411,0.0
ch2_ecommerce_behavior,train,5876,C03407,0.0
ch2_ecommerce_behavior,train,5877,C07965,0.0
ch2_ecommerce_behavior,train,5878,C03065,0.0
ch2_ecommerce_behavior,train,5879,C05763,0.0
ch2_ecommerce_behavior,train,5880,C08422,0.0
ch2_ecommerce_behavior,train,5881,C05063,0.0
ch2_ecommerce_behavior,train,5882,C03786,0.0
ch2_ecommerce_behavior,train,5883,C00690,0.0
ch2_ecommerce_behavior,train,5884,C01847,0.0
ch2_ecommerce_behavior,train,5885,C03143,0.0
ch2_ecommerce_behavior,train,5886,C04100,0.0
ch2_ecommerce_behavior,train,5887,C01308,0.0
ch2_ecommerce_behavior,train,5888,C06579,0.0
ch2_ecommerce_behavior,train,5889,C04036,0.0
ch2_ecommerce_behavior,train,5890,C01774,0.0
ch2_ecommerce_behavior,train,5891,C09293,0.0
ch2_ecommerce_behavior,train,5892,C04140,0.0
ch2_ecommerce_behavior,train,5893,C01680,0.0
ch2_ecommerce_behavior,train,5894,C03896,0.0
ch2_ecommerce_behavior,train,5895,C00856,0.0
ch2_ecommerce_behavior,train,5896,C04901,0.0
ch2_ecommerce_behavior,train,5897,C02923,0.0
ch2_ecommerce_behavior,train,5898,C05881,0.0
ch2_ecommerce_behavior,train,5899,C07302,0.0
ch2_ecommerce_behavior,train,5900,C08547,0.0
ch2_ecommerce_behavior,train,5901,C04270,1.0
ch2_ecommerce_behavior,train,5902,C03179,0.0
ch2_ecommerce_behavior,train,5903,C09474,0.0
ch2_ecommerce_behavior,train,5904,C00401,0.0
ch2_ecommerce_behavior,train,5905,C08518,1.0
ch2_ecommerce_behavior,train,5906,C07576,0.0
ch2_ecommerce_behavior,train,5907,C07568,0.0
ch2_ecommerce_behavior,train,5908,C03970,0.0
ch2_ecommerce_behavior,train,5909,C07015,0.0
ch2_ecommerce_behavior,train,5910,C04195,0.0
ch2_ecommerce_behavior,train,5911,C06148,0.0
ch2_ecommerce_behavior,train,5912,C01162,0.0
ch2_ecommerce_behavior,train,5913,C06664,0.0
ch2_ecommerce_behavior,train,5914,C06941,1.0
ch2_ecommerce_behavior,train,5915,C00895,0.0
ch2_ecommerce_behavior,train,5916,C00218,0.0
ch2_ecommerce_behavior,train,5917,C08454,0.0
ch2_ecommerce_behavior,train,5918,C08963,0.0
ch2_ecommerce_behavior,train,5919,C06829,0.0
ch2_ecommerce_behavior,train,5920,C03268,0.0
ch2_ecommerce_behavior,train,5921,C03756,0.0
ch2_ecommerce_behavior,train,5922,C00077,0.0
ch2_ecommerce_behavior,train,5923,C04719,1.0
ch2_ecommerce_behavior,train,5924,C02400,0.0
ch2_ecommerce_behavior,train,5925,C06320,0.0
ch2_ecommerce_behavior,train,5926,C07877,0.0
ch2_ecommerce_behavior,train,5927,C01090,1.0
ch2_ecommerce_behavior,train,5928,C05766,0.0
ch2_ecommerce_behavior,train,5929,C09910,0.0
ch2_ecommerce_behavior,train,5930,C07623,1.0
ch2_ecommerce_behavior,train,5931,C06714,0.0
ch2_ecommerce_behavior,train,5932,C01720,1.0
ch2_ecommerce_behavior,train,5933,C09627,0.0
ch2_ecommerce_behavior,train,5934,C09721,0.0
ch2_ecommerce_behavior,train,5935,C00010,0.0
ch2_ecommerce_behavior,train,5936,C00906,0.0
ch2_ecommerce_behavior,train,5937,C06979,0.0
ch2_ecommerce_behavior,train,5938,C04182,0.0
ch2_ecommerce_behavior,train,5939,C03184,0.0
ch2_ecommerce_behavior,train,5940,C09745,0.0
ch2_ecommerce_behavior,train,5941,C08142,0.0
ch2_ecommerce_behavior,train,5942,C07271,0.0
ch2_ecommerce_behavior,train,5943,C02129,0.0
ch2_ecommerce_behavior,train,5944,C06288,1.0
ch2_ecommerce_behavior,train,5945,C07429,0.0
ch2_ecommerce_behavior,train,5946,C01732,0.0
ch2_ecommerce_behavior,train,5947,C09149,1.0
ch2_ecommerce_behavior,train,5948,C06944,1.0
ch2_ecommerce_behavior,train,5949,C04357,0.0
ch2_ecommerce_behavior,train,5950,C06115,0.0
ch2_ecommerce_behavior,train,5951,C07744,0.0
ch2_ecommerce_behavior,train,5952,C03004,0.0
ch2_ecommerce_behavior,train,5953,C01368,0.0
ch2_ecommerce_behavior,train,5954,C05078,0.0
ch2_ecommerce_behavior,train,5955,C04023,0.0
ch2_ecommerce_behavior,train,5956,C01655,0.0
ch2_ecommerce_behavior,train,5957,C07789,0.0
ch2_ecommerce_behavior,train,5958,C04316,0.0
ch2_ecommerce_behavior,train,5959,C08945,0.0
ch2_ecommerce_behavior,train,5960,C02028,1.0
ch2_ecommerce_behavior,train,5961,C05337,0.0
ch2_ecommerce_behavior,train,5962,C07392,0.0
ch2_ecommerce_behavior,train,5963,C07878,1.0
ch2_ecommerce_behavior,train,5964,C04332,0.0
ch2_ecommerce_behavior,train,5965,C01049,0.0
ch2_ecommerce_behavior,train,5966,C01677,0.0
ch2_ecommerce_behavior,train,5967,C04559,0.0
ch2_ecommerce_behavior,train,5968,C06888,1.0
ch2_ecommerce_behavior,train,5969,C07991,0.0
ch2_ecommerce_behavior,train,5970,C03194,1.0
ch2_ecommerce_behavior,train,5971,C02950,1.0
ch2_ecommerce_behavior,train,5972,C08035,0.0
ch2_ecommerce_behavior,train,5973,C09394,1.0
ch2_ecommerce_behavior,train,5974,C09070,0.0
ch2_ecommerce_behavior,train,5975,C06452,0.0
ch2_ecommerce_behavior,train,5976,C06983,0.0
ch2_ecommerce_behavior,train,5977,C05419,0.0
ch2_ecommerce_behavior,train,5978,C05228,0.0
ch2_ecommerce_behavior,train,5979,C03255,0.0
ch2_ecommerce_behavior,train,5980,C08201,1.0
ch2_ecommerce_behavior,train,5981,C07639,0.0
ch2_ecommerce_behavior,train,5982,C02724,1.0
ch2_ecommerce_behavior,train,5983,C01144,0.0
ch2_ecommerce_behavior,train,5984,C08499,0.0
ch2_ecommerce_behavior,train,5985,C01048,0.0
ch2_ecommerce_behavior,train,5986,C07012,0.0
ch2_ecommerce_behavior,train,5987,C07451,0.0
ch2_ecommerce_behavior,train,5988,C06750,0.0
ch2_ecommerce_behavior,train,5989,C01752,0.0
ch2_ecommerce_behavior,train,5990,C09574,1.0
ch2_ecommerce_behavior,train,5991,C00815,0.0
ch2_ecommerce_behavior,train,5992,C07767,0.0
ch2_ecommerce_behavior,train,5993,C03331,1.0
ch2_ecommerce_behavior,train,5994,C09652,0.0
ch2_ecommerce_behavior,train,5995,C01447,0.0
ch2_ecommerce_behavior,train,5996,C08603,0.0
ch2_ecommerce_behavior,train,5997,C03906,0.0
ch2_ecommerce_behavior,train,5998,C06819,0.0
ch2_ecommerce_behavior,train,5999,C03738,0.0
ch2_ecommerce_behavior,train,6000,C03817,0.0
ch2_ecommerce_behavior,train,6001,C03731,0.0
ch2_ecommerce_behavior,train,6002,C02290,0.0
ch2_ecommerce_behavior,train,6003,C09516,0.0
ch2_ecommerce_behavior,train,6004,C00949,0.0
ch2_ecommerce_behavior,train,6005,C01450,0.0
ch2_ecommerce_behavior,train,6006,C09789,0.0
ch2_ecommerce_behavior,train,6007,C00318,0.0
ch2_ecommerce_behavior,train,6008,C05305,0.0
ch2_ecommerce_behavior,train,6009,C04806,0.0
ch2_ecommerce_behavior,train,6010,C01366,1.0
ch2_ecommerce_behavior,train,6011,C05455,0.0
ch2_ecommerce_behavior,train,6012,C06390,0.0
ch2_ecommerce_behavior,train,6013,C08002,1.0
ch2_ecommerce_behavior,train,6014,C03633,0.0
ch2_ecommerce_behavior,train,6015,C07972,0.0
ch2_ecommerce_behavior,train,6016,C02964,0.0
ch2_ecommerce_behavior,train,6017,C04638,1.0
ch2_ecommerce_behavior,train,6018,C03049,0.0
ch2_ecommerce_behavior,train,6019,C06466,0.0
ch2_ecommerce_behavior,train,6020,C09365,1.0
ch2_ecommerce_behavior,train,6021,C04502,0.0
ch2_ecommerce_behavior,train,6022,C03170,0.0
ch2_ecommerce_behavior,train,6023,C05395,0.0
ch2_ecommerce_behavior,train,6024,C05385,0.0
ch2_ecommerce_behavior,train,6025,C00423,0.0
ch2_ecommerce_behavior,train,6026,C04445,0.0
ch2_ecommerce_behavior,train,6027,C05280,1.0
ch2_ecommerce_behavior,train,6028,C06671,0.0
ch2_ecommerce_behavior,train,6029,C04882,0.0
ch2_ecommerce_behavior,train,6030,C04345,0.0
ch2_ecommerce_behavior,train,6031,C07572,0.0
ch2_ecommerce_behavior,train,6032,C00127,0.0
ch2_ecommerce_behavior,train,6033,C08238,0.0
ch2_ecommerce_behavior,train,6034,C08899,0.0
ch2_ecommerce_behavior,train,6035,C08219,0.0
ch2_ecommerce_behavior,train,6036,C06155,0.0
ch2_ecommerce_behavior,train,6037,C06496,0.0
ch2_ecommerce_behavior,train,6038,C03122,0.0
ch2_ecommerce_behavior,train,6039,C00834,0.0
ch2_ecommerce_behavior,train,6040,C04718,0.0
ch2_ecommerce_behavior,train,6041,C07862,0.0
ch2_ecommerce_behavior,train,6042,C05592,0.0
ch2_ecommerce_behavior,train,6043,C01809,0.0
ch2_ecommerce_behavior,train,6044,C00269,1.0
ch2_ecommerce_behavior,train,6045,C01396,0.0
ch2_ecommerce_behavior,train,6046,C00619,1.0
ch2_ecommerce_behavior,train,6047,C09057,0.0
ch2_ecommerce_behavior,train,6048,C04079,1.0
ch2_ecommerce_behavior,train,6049,C01723,0.0
ch2_ecommerce_behavior,train,6050,C09654,0.0
ch2_ecommerce_behavior,train,6051,C04211,0.0
ch2_ecommerce_behavior,train,6052,C05555,0.0
ch2_ecommerce_behavior,train,6053,C09097,1.0
ch2_ecommerce_behavior,train,6054,C00109,0.0
ch2_ecommerce_behavior,train,6055,C05298,1.0
ch2_ecommerce_behavior,train,6056,C00789,0.0
ch2_ecommerce_behavior,train,6057,C05014,1.0
ch2_ecommerce_behavior,train,6058,C04827,0.0
ch2_ecommerce_behavior,train,6059,C05439,0.0
ch2_ecommerce_behavior,train,6060,C03981,0.0
ch2_ecommerce_behavior,train,6061,C05498,0.0
ch2_ecommerce_behavior,train,6062,C00658,0.0
ch2_ecommerce_behavior,train,6063,C04228,0.0
ch2_ecommerce_behavior,train,6064,C05303,0.0
ch2_ecommerce_behavior,train,6065,C09042,0.0
ch2_ecommerce_behavior,train,6066,C09742,0.0
ch2_ecommerce_behavior,train,6067,C00800,0.0
ch2_ecommerce_behavior,train,6068,C07596,1.0
ch2_ecommerce_behavior,train,6069,C02363,0.0
ch2_ecommerce_behavior,train,6070,C09439,0.0
ch2_ecommerce_behavior,train,6071,C04917,0.0
ch2_ecommerce_behavior,train,6072,C02951,0.0
ch2_ecommerce_behavior,train,6073,C01730,0.0
ch2_ecommerce_behavior,train,6074,C06692,0.0
ch2_ecommerce_behavior,train,6075,C01953,1.0
ch2_ecommerce_behavior,train,6076,C04477,0.0
ch2_ecommerce_behavior,train,6077,C01200,0.0
ch2_ecommerce_behavior,train,6078,C09526,0.0
ch2_ecommerce_behavior,train,6079,C04603,0.0
ch2_ecommerce_behavior,train,6080,C01801,1.0
ch2_ecommerce_behavior,train,6081,C00289,0.0
ch2_ecommerce_behavior,train,6082,C09606,0.0
ch2_ecommerce_behavior,train,6083,C00990,0.0
ch2_ecommerce_behavior,train,6084,C04670,0.0
ch2_ecommerce_behavior,train,6085,C02693,0.0
ch2_ecommerce_behavior,train,6086,C05386,0.0
ch2_ecommerce_behavior,train,6087,C04812,0.0
ch2_ecommerce_behavior,train,6088,C01139,0.0
ch2_ecommerce_behavior,train,6089,C07369,0.0
ch2_ecommerce_behavior,train,6090,C07717,0.0
ch2_ecommerce_behavior,train,6091,C06119,0.0
ch2_ecommerce_behavior,train,6092,C03425,1.0
ch2_ecommerce_behavior,train,6093,C08835,0.0
ch2_ecommerce_behavior,train,6094,C06701,0.0
ch2_ecommerce_behavior,train,6095,C09947,0.0
ch2_ecommerce_behavior,train,6096,C05130,0.0
ch2_ecommerce_behavior,train,6097,C07344,0.0
ch2_ecommerce_behavior,train,6098,C00893,0.0
ch2_ecommerce_behavior,train,6099,C06010,0.0
ch2_ecommerce_behavior,train,6100,C03530,0.0
ch2_ecommerce_behavior,train,6101,C01828,0.0
ch2_ecommerce_behavior,train,6102,C01152,0.0
ch2_ecommerce_behavior,train,6103,C03220,0.0
ch2_ecommerce_behavior,train,6104,C00203,0.0
ch2_ecommerce_behavior,train,6105,C04269,0.0
ch2_ecommerce_behavior,train,6106,C06799,0.0
ch2_ecommerce_behavior,train,6107,C03300,0.0
ch2_ecommerce_behavior,train,6108,C04591,1.0
ch2_ecommerce_behavior,train,6109,C00042,0.0
ch2_ecommerce_behavior,train,6110,C09986,1.0
ch2_ecommerce_behavior,train,6111,C01360,0.0
ch2_ecommerce_behavior,train,6112,C09005,1.0
ch2_ecommerce_behavior,train,6113,C09943,0.0
ch2_ecommerce_behavior,train,6114,C04437,0.0
ch2_ecommerce_behavior,train,6115,C00498,0.0
ch2_ecommerce_behavior,train,6116,C02530,0.0
ch2_ecommerce_behavior,train,6117,C08105,0.0
ch2_ecommerce_behavior,train,6118,C05001,0.0
ch2_ecommerce_behavior,train,6119,C09738,0.0
ch2_ecommerce_behavior,train,6120,C04968,0.0
ch2_ecommerce_behavior,train,6121,C01332,0.0
ch2_ecommerce_behavior,train,6122,C00442,0.0
ch2_ecommerce_behavior,train,6123,C04451,0.0
ch2_ecommerce_behavior,train,6124,C09631,0.0
ch2_ecommerce_behavior,train,6125,C01263,0.0
ch2_ecommerce_behavior,train,6126,C02145,0.0
ch2_ecommerce_behavior,train,6127,C04418,0.0
ch2_ecommerce_behavior,train,6128,C05144,0.0
ch2_ecommerce_behavior,train,6129,C08570,0.0
ch2_ecommerce_behavior,train,6130,C01812,0.0
ch2_ecommerce_behavior,train,6131,C07004,0.0
ch2_ecommerce_behavior,train,6132,C09929,0.0
ch2_ecommerce_behavior,train,6133,C00358,1.0
ch2_ecommerce_behavior,train,6134,C00478,0.0
ch2_ecommerce_behavior,train,6135,C04200,1.0
ch2_ecommerce_behavior,train,6136,C09292,0.0
ch2_ecommerce_behavior,train,6137,C09963,0.0
ch2_ecommerce_behavior,train,6138,C04850,0.0
ch2_ecommerce_behavior,train,6139,C06224,1.0
ch2_ecommerce_behavior,train,6140,C08260,0.0
ch2_ecommerce_behavior,train,6141,C00669,0.0
ch2_ecommerce_behavior,train,6142,C01270,1.0
ch2_ecommerce_behavior,train,6143,C05628,1.0
ch2_ecommerce_behavior,train,6144,C09816,1.0
ch2_ecommerce_behavior,train,6145,C07193,0.0
ch2_ecommerce_behavior,train,6146,C08751,0.0
ch2_ecommerce_behavior,train,6147,C07959,0.0
ch2_ecommerce_behavior,train,6148,C02119,0.0
ch2_ecommerce_behavior,train,6149,C07045,1.0
ch2_ecommerce_behavior,train,6150,C02432,0.0
ch2_ecommerce_behavior,train,6151,C04147,0.0
ch2_ecommerce_behavior,train,6152,C05856,0.0
ch2_ecommerce_behavior,train,6153,C04606,0.0
ch2_ecommerce_behavior,train,6154,C03100,0.0
ch2_ecommerce_behavior,train,6155,C07057,0.0
ch2_ecommerce_behavior,train,6156,C02364,0.0
ch2_ecommerce_behavior,train,6157,C06939,0.0
ch2_ecommerce_behavior,train,6158,C08081,0.0
ch2_ecommerce_behavior,train,6159,C09414,0.0
ch2_ecommerce_behavior,train,6160,C04801,0.0
ch2_ecommerce_behavior,train,6161,C09683,0.0
ch2_ecommerce_behavior,train,6162,C02461,0.0
ch2_ecommerce_behavior,train,6163,C00216,0.0
ch2_ecommerce_behavior,train,6164,C09062,0.0
ch2_ecommerce_behavior,train,6165,C06444,0.0
ch2_ecommerce_behavior,train,6166,C02336,0.0
ch2_ecommerce_behavior,train,6167,C02013,0.0
ch2_ecommerce_behavior,train,6168,C04458,0.0
ch2_ecommerce_behavior,train,6169,C03869,0.0
ch2_ecommerce_behavior,train,6170,C07776,0.0
ch2_ecommerce_behavior,train,6171,C06709,0.0
ch2_ecommerce_behavior,train,6172,C07418,0.0
ch2_ecommerce_behavior,train,6173,C06435,0.0
ch2_ecommerce_behavior,train,6174,C05505,0.0
ch2_ecommerce_behavior,train,6175,C06868,0.0
ch2_ecommerce_behavior,train,6176,C05268,0.0
ch2_ecommerce_behavior,train,6177,C03845,0.0
ch2_ecommerce_behavior,train,6178,C06086,1.0
ch2_ecommerce_behavior,train,6179,C04814,1.0
ch2_ecommerce_behavior,train,6180,C09119,0.0
ch2_ecommerce_behavior,train,6181,C08112,0.0
ch2_ecommerce_behavior,train,6182,C03859,0.0
ch2_ecommerce_behavior,train,6183,C09487,0.0
ch2_ecommerce_behavior,train,6184,C03539,0.0
ch2_ecommerce_behavior,train,6185,C05269,0.0
ch2_ecommerce_behavior,train,6186,C07740,0.0
ch2_ecommerce_behavior,train,6187,C01923,0.0
ch2_ecommerce_behavior,train,6188,C02365,0.0
ch2_ecommerce_behavior,train,6189,C05245,1.0
ch2_ecommerce_behavior,train,6190,C04989,0.0
ch2_ecommerce_behavior,train,6191,C05885,0.0
ch2_ecommerce_behavior,train,6192,C04330,1.0
ch2_ecommerce_behavior,train,6193,C04078,0.0
ch2_ecommerce_behavior,train,6194,C05295,0.0
ch2_ecommerce_behavior,train,6195,C05887,1.0
ch2_ecommerce_behavior,train,6196,C03478,0.0
ch2_ecommerce_behavior,train,6197,C07997,0.0
ch2_ecommerce_behavior,train,6198,C08191,0.0
ch2_ecommerce_behavior,train,6199,C07278,0.0
ch2_ecommerce_behavior,train,6200,C09984,0.0
ch2_ecommerce_behavior,train,6201,C03682,1.0
ch2_ecommerce_behavior,train,6202,C09249,0.0
ch2_ecommerce_behavior,train,6203,C07645,0.0
ch2_ecommerce_behavior,train,6204,C08859,0.0
ch2_ecommerce_behavior,train,6205,C07989,0.0
ch2_ecommerce_behavior,train,6206,C06486,0.0
ch2_ecommerce_behavior,train,6207,C08356,0.0
ch2_ecommerce_behavior,train,6208,C01150,0.0
ch2_ecommerce_behavior,train,6209,C02998,0.0
ch2_ecommerce_behavior,train,6210,C00201,0.0
ch2_ecommerce_behavior,train,6211,C02778,0.0
ch2_ecommerce_behavior,train,6212,C08981,0.0
ch2_ecommerce_behavior,train,6213,C01694,0.0
ch2_ecommerce_behavior,train,6214,C03410,0.0
ch2_ecommerce_behavior,train,6215,C05600,0.0
ch2_ecommerce_behavior,train,6216,C02669,0.0
ch2_ecommerce_behavior,train,6217,C01503,1.0
ch2_ecommerce_behavior,train,6218,C04645,1.0
ch2_ecommerce_behavior,train,6219,C02429,0.0
ch2_ecommerce_behavior,train,6220,C04258,0.0
ch2_ecommerce_behavior,train,6221,C05026,0.0
ch2_ecommerce_behavior,train,6222,C00910,0.0
ch2_ecommerce_behavior,train,6223,C08218,1.0
ch2_ecommerce_behavior,train,6224,C04829,0.0
ch2_ecommerce_behavior,train,6225,C05566,0.0
ch2_ecommerce_behavior,train,6226,C03984,0.0
ch2_ecommerce_behavior,train,6227,C08317,1.0
ch2_ecommerce_behavior,train,6228,C09907,0.0
ch2_ecommerce_behavior,train,6229,C03413,0.0
ch2_ecommerce_behavior,train,6230,C09834,0.0
ch2_ecommerce_behavior,train,6231,C04560,0.0
ch2_ecommerce_behavior,train,6232,C01338,0.0
ch2_ecommerce_behavior,train,6233,C02477,0.0
ch2_ecommerce_behavior,train,6234,C00868,0.0
ch2_ecommerce_behavior,train,6235,C05863,0.0
ch2_ecommerce_behavior,train,6236,C08247,1.0
ch2_ecommerce_behavior,train,6237,C03679,0.0
ch2_ecommerce_behavior,train,6238,C07279,0.0
ch2_ecommerce_behavior,train,6239,C08555,0.0
ch2_ecommerce_behavior,train,6240,C07424,0.0
ch2_ecommerce_behavior,train,6241,C06082,0.0
ch2_ecommerce_behavior,train,6242,C04982,0.0
ch2_ecommerce_behavior,train,6243,C03950,1.0
ch2_ecommerce_behavior,train,6244,C07967,1.0
ch2_ecommerce_behavior,train,6245,C03518,0.0
ch2_ecommerce_behavior,train,6246,C08654,0.0
ch2_ecommerce_behavior,train,6247,C03881,0.0
ch2_ecommerce_behavior,train,6248,C06277,0.0
ch2_ecommerce_behavior,train,6249,C03017,0.0
ch2_ecommerce_behavior,train,6250,C03153,0.0
ch2_ecommerce_behavior,train,6251,C02827,0.0
ch2_ecommerce_behavior,train,6252,C03001,0.0
ch2_ecommerce_behavior,train,6253,C02912,0.0
ch2_ecommerce_behavior,train,6254,C07522,0.0
ch2_ecommerce_behavior,train,6255,C00630,0.0
ch2_ecommerce_behavior,train,6256,C07475,0.0
ch2_ecommerce_behavior,train,6257,C04793,0.0
ch2_ecommerce_behavior,train,6258,C01886,1.0
ch2_ecommerce_behavior,train,6259,C02704,0.0
ch2_ecommerce_behavior,train,6260,C07536,0.0
ch2_ecommerce_behavior,train,6261,C06000,0.0
ch2_ecommerce_behavior,train,6262,C00758,0.0
ch2_ecommerce_behavior,train,6263,C09629,0.0
ch2_ecommerce_behavior,train,6264,C03990,0.0
ch2_ecommerce_behavior,train,6265,C09282,0.0
ch2_ecommerce_behavior,train,6266,C03772,0.0
ch2_ecommerce_behavior,train,6267,C08269,0.0
ch2_ecommerce_behavior,train,6268,C05289,1.0
ch2_ecommerce_behavior,train,6269,C00398,0.0
ch2_ecommerce_behavior,train,6270,C01665,0.0
ch2_ecommerce_behavior,train,6271,C04741,0.0
ch2_ecommerce_behavior,train,6272,C03090,0.0
ch2_ecommerce_behavior,train,6273,C08279,0.0
ch2_ecommerce_behavior,train,6274,C03188,1.0
ch2_ecommerce_behavior,train,6275,C08722,0.0
ch2_ecommerce_behavior,train,6276,C07917,0.0
ch2_ecommerce_behavior,train,6277,C06146,0.0
ch2_ecommerce_behavior,train,6278,C02190,0.0
ch2_ecommerce_behavior,train,6279,C05349,0.0
ch2_ecommerce_behavior,train,6280,C03501,0.0
ch2_ecommerce_behavior,train,6281,C02254,0.0
ch2_ecommerce_behavior,train,6282,C08530,0.0
ch2_ecommerce_behavior,train,6283,C05012,0.0
ch2_ecommerce_behavior,train,6284,C03527,1.0
ch2_ecommerce_behavior,train,6285,C03037,1.0
ch2_ecommerce_behavior,train,6286,C08641,1.0
ch2_ecommerce_behavior,train,6287,C04896,0.0
ch2_ecommerce_behavior,train,6288,C08204,0.0
ch2_ecommerce_behavior,train,6289,C07780,0.0
ch2_ecommerce_behavior,train,6290,C03057,0.0
ch2_ecommerce_behavior,train,6291,C01741,0.0
ch2_ecommerce_behavior,train,6292,C04696,0.0
ch2_ecommerce_behavior,train,6293,C02753,0.0
ch2_ecommerce_behavior,train,6294,C06855,0.0
ch2_ecommerce_behavior,train,6295,C01465,0.0
ch2_ecommerce_behavior,train,6296,C06777,0.0
ch2_ecommerce_behavior,train,6297,C00986,0.0
ch2_ecommerce_behavior,train,6298,C08261,0.0
ch2_ecommerce_behavior,train,6299,C08392,0.0
ch2_ecommerce_behavior,train,6300,C08646,0.0
ch2_ecommerce_behavior,train,6301,C08501,0.0
ch2_ecommerce_behavior,train,6302,C03332,1.0
ch2_ecommerce_behavior,train,6303,C05081,0.0
ch2_ecommerce_behavior,train,6304,C08681,1.0
ch2_ecommerce_behavior,train,6305,C06407,0.0
ch2_ecommerce_behavior,train,6306,C07868,0.0
ch2_ecommerce_behavior,train,6307,C01199,0.0
ch2_ecommerce_behavior,train,6308,C07131,0.0
ch2_ecommerce_behavior,train,6309,C01938,0.0
ch2_ecommerce_behavior,train,6310,C08667,0.0
ch2_ecommerce_behavior,train,6311,C08926,0.0
ch2_ecommerce_behavior,train,6312,C03202,0.0
ch2_ecommerce_behavior,train,6313,C03457,0.0
ch2_ecommerce_behavior,train,6314,C01862,1.0
ch2_ecommerce_behavior,train,6315,C01412,0.0
ch2_ecommerce_behavior,train,6316,C07086,0.0
ch2_ecommerce_behavior,train,6317,C01710,0.0
ch2_ecommerce_behavior,train,6318,C02727,0.0
ch2_ecommerce_behavior,train,6319,C08222,1.0
ch2_ecommerce_behavior,train,6320,C07540,0.0
ch2_ecommerce_behavior,train,6321,C04684,0.0
ch2_ecommerce_behavior,train,6322,C04233,0.0
ch2_ecommerce_behavior,train,6323,C04656,0.0
ch2_ecommerce_behavior,train,6324,C09141,0.0
ch2_ecommerce_behavior,train,6325,C01698,0.0
ch2_ecommerce_behavior,train,6326,C00700,1.0
ch2_ecommerce_behavior,train,6327,C08117,0.0
ch2_ecommerce_behavior,train,6328,C06831,1.0
ch2_ecommerce_behavior,train,6329,C09605,0.0
ch2_ecommerce_behavior,train,6330,C08062,0.0
ch2_ecommerce_behavior,train,6331,C09336,0.0
ch2_ecommerce_behavior,train,6332,C07528,0.0
ch2_ecommerce_behavior,train,6333,C08042,1.0
ch2_ecommerce_behavior,train,6334,C08027,0.0
ch2_ecommerce_behavior,train,6335,C07287,0.0
ch2_ecommerce_behavior,train,6336,C05845,0.0
ch2_ecommerce_behavior,train,6337,C07186,0.0
ch2_ecommerce_behavior,train,6338,C08480,0.0
ch2_ecommerce_behavior,train,6339,C03957,0.0
ch2_ecommerce_behavior,train,6340,C07248,0.0
ch2_ecommerce_behavior,train,6341,C07380,0.0
ch2_ecommerce_behavior,train,6342,C03273,1.0
ch2_ecommerce_behavior,train,6343,C03918,0.0
ch2_ecommerce_behavior,train,6344,C00840,0.0
ch2_ecommerce_behavior,train,6345,C01442,0.0
ch2_ecommerce_behavior,train,6346,C09825,0.0
ch2_ecommerce_behavior,train,6347,C00965,0.0
ch2_ecommerce_behavior,train,6348,C04653,0.0
ch2_ecommerce_behavior,train,6349,C03503,0.0
ch2_ecommerce_behavior,train,6350,C03430,0.0
ch2_ecommerce_behavior,train,6351,C03377,0.0
ch2_ecommerce_behavior,train,6352,C02720,0.0
ch2_ecommerce_behavior,train,6353,C04252,0.0
ch2_ecommerce_behavior,train,6354,C04655,0.0
ch2_ecommerce_behavior,train,6355,C07204,0.0
ch2_ecommerce_behavior,train,6356,C09032,1.0
ch2_ecommerce_behavior,train,6357,C07793,1.0
ch2_ecommerce_behavior,train,6358,C05791,0.0
ch2_ecommerce_behavior,train,6359,C01251,0.0
ch2_ecommerce_behavior,train,6360,C09234,0.0
ch2_ecommerce_behavior,train,6361,C02534,0.0
ch2_ecommerce_behavior,train,6362,C06181,0.0
ch2_ecommerce_behavior,train,6363,C09966,0.0
ch2_ecommerce_behavior,train,6364,C07463,0.0
ch2_ecommerce_behavior,train,6365,C01686,0.0
ch2_ecommerce_behavior,train,6366,C07084,0.0
ch2_ecommerce_behavior,train,6367,C02872,0.0
ch2_ecommerce_behavior,train,6368,C08200,0.0
ch2_ecommerce_behavior,train,6369,C08572,1.0
ch2_ecommerce_behavior,train,6370,C05153,0.0
ch2_ecommerce_behavior,train,6371,C06160,0.0
ch2_ecommerce_behavior,train,6372,C01866,0.0
ch2_ecommerce_behavior,train,6373,C05464,1.0
ch2_ecommerce_behavior,train,6374,C06284,0.0
ch2_ecommerce_behavior,train,6375,C04746,0.0
ch2_ecommerce_behavior,train,6376,C02551,0.0
ch2_ecommerce_behavior,train,6377,C01540,0.0
ch2_ecommerce_behavior,train,6378,C07113,0.0
ch2_ecommerce_behavior,train,6379,C07785,1.0
ch2_ecommerce_behavior,train,6380,C00047,0.0
ch2_ecommerce_behavior,train,6381,C00555,0.0
ch2_ecommerce_behavior,train,6382,C01676,0.0
ch2_ecommerce_behavior,train,6383,C05054,0.0
ch2_ecommerce_behavior,train,6384,C02021,0.0
ch2_ecommerce_behavior,train,6385,C09810,0.0
ch2_ecommerce_behavior,train,6386,C03571,0.0
ch2_ecommerce_behavior,train,6387,C05789,0.0
ch2_ecommerce_behavior,train,6388,C06393,0.0
ch2_ecommerce_behavior,train,6389,C09132,1.0
ch2_ecommerce_behavior,train,6390,C06214,0.0
ch2_ecommerce_behavior,train,6391,C09941,0.0
ch2_ecommerce_behavior,train,6392,C02273,0.0
ch2_ecommerce_behavior,train,6393,C02312,0.0
ch2_ecommerce_behavior,train,6394,C00703,0.0
ch2_ecommerce_behavior,train,6395,C01517,0.0
ch2_ecommerce_behavior,train,6396,C08110,0.0
ch2_ecommerce_behavior,train,6397,C06234,1.0
ch2_ecommerce_behavior,train,6398,C00474,0.0
ch2_ecommerce_behavior,train,6399,C02624,0.0
ch2_ecommerce_behavior,val,0,C05706,0.0
ch2_ecommerce_behavior,val,1,C04961,1.0
ch2_ecommerce_behavior,val,2,C06158,0.0
ch2_ecommerce_behavior,val,3,C04396,0.0
ch2_ecommerce_behavior,val,4,C07286,0.0
ch2_ecommerce_behavior,val,5,C04160,0.0
ch2_ecommerce_behavior,val,6,C04229,0.0
ch2_ecommerce_behavior,val,7,C00764,0.0
ch2_ecommerce_behavior,val,8,C07477,0.0
ch2_ecommerce_behavior,val,9,C02217,0.0
ch2_ecommerce_behavior,val,10,C05859,1.0
ch2_ecommerce_behavior,val,11,C00905,0.0
ch2_ecommerce_behavior,val,12,C05225,1.0
ch2_ecommerce_behavior,val,13,C04508,0.0
ch2_ecommerce_behavior,val,14,C09958,1.0
ch2_ecommerce_behavior,val,15,C07219,0.0
ch2_ecommerce_behavior,val,16,C02664,0.0
ch2_ecommerce_behavior,val,17,C07678,0.0
ch2_ecommerce_behavior,val,18,C06363,0.0
ch2_ecommerce_behavior,val,19,C04819,1.0
ch2_ecommerce_behavior,val,20,C07087,1.0
ch2_ecommerce_behavior,val,21,C05495,0.0
ch2_ecommerce_behavior,val,22,C00863,0.0
ch2_ecommerce_behavior,val,23,C05597,0.0
ch2_ecommerce_behavior,val,24,C05526,0.0
ch2_ecommerce_behavior,val,25,C02656,0.0
ch2_ecommerce_behavior,val,26,C04592,0.0
ch2_ecommerce_behavior,val,27,C01526,0.0
ch2_ecommerce_behavior,val,28,C05402,0.0
ch2_ecommerce_behavior,val,29,C08471,0.0
ch2_ecommerce_behavior,val,30,C01112,0.0
ch2_ecommerce_behavior,val,31,C03379,1.0
ch2_ecommerce_behavior,val,32,C02353,0.0
ch2_ecommerce_behavior,val,33,C02861,0.0
ch2_ecommerce_behavior,val,34,C03461,0.0
ch2_ecommerce_behavior,val,35,C03626,0.0
ch2_ecommerce_behavior,val,36,C08542,1.0
ch2_ecommerce_behavior,val,37,C05049,1.0
ch2_ecommerce_behavior,val,38,C09240,0.0
ch2_ecommerce_behavior,val,39,C08253,0.0
ch2_ecommerce_behavior,val,40,C05317,0.0
ch2_ecommerce_behavior,val,41,C06880,0.0
ch2_ecommerce_behavior,val,42,C04485,0.0
ch2_ecommerce_behavior,val,43,C07945,1.0
ch2_ecommerce_behavior,val,44,C00066,1.0
ch2_ecommerce_behavior,val,45,C09828,0.0
ch2_ecommerce_behavior,val,46,C00882,0.0
ch2_ecommerce_behavior,val,47,C04748,0.0
ch2_ecommerce_behavior,val,48,C01217,0.0
ch2_ecommerce_behavior,val,49,C02334,0.0
ch2_ecommerce_behavior,val,50,C03244,0.0
ch2_ecommerce_behavior,val,51,C03747,0.0
ch2_ecommerce_behavior,val,52,C01248,0.0
ch2_ecommerce_behavior,val,53,C00149,0.0
ch2_ecommerce_behavior,val,54,C05442,0.0
ch2_ecommerce_behavior,val,55,C04129,0.0
ch2_ecommerce_behavior,val,56,C02824,1.0
ch2_ecommerce_behavior,val,57,C02926,0.0
ch2_ecommerce_behavior,val,58,C08085,0.0
ch2_ecommerce_behavior,val,59,C02067,0.0
ch2_ecommerce_behavior,val,60,C00543,0.0
ch2_ecommerce_behavior,val,61,C02044,1.0
ch2_ecommerce_behavior,val,62,C02092,0.0
ch2_ecommerce_behavior,val,63,C03835,0.0
ch2_ecommerce_behavior,val,64,C05536,0.0
ch2_ecommerce_behavior,val,65,C08662,1.0
ch2_ecommerce_behavior,val,66,C03088,1.0
ch2_ecommerce_behavior,val,67,C03029,0.0
ch2_ecommerce_behavior,val,68,C03286,0.0
ch2_ecommerce_behavior,val,69,C03010,1.0
ch2_ecommerce_behavior,val,70,C06663,0.0
ch2_ecommerce_behavior,val,71,C04167,0.0
ch2_ecommerce_behavior,val,72,C03669,0.0
ch2_ecommerce_behavior,val,73,C01064,0.0
ch2_ecommerce_behavior,val,74,C08051,1.0
ch2_ecommerce_behavior,val,75,C08962,0.0
ch2_ecommerce_behavior,val,76,C08979,1.0
ch2_ecommerce_behavior,val,77,C02558,1.0
ch2_ecommerce_behavior,val,78,C02037,0.0
ch2_ecommerce_behavior,val,79,C05830,0.0
ch2_ecommerce_behavior,val,80,C01116,0.0
ch2_ecommerce_behavior,val,81,C07105,0.0
ch2_ecommerce_behavior,val,82,C03311,0.0
ch2_ecommerce_behavior,val,83,C03383,0.0
ch2_ecommerce_behavior,val,84,C04647,0.0
ch2_ecommerce_behavior,val,85,C05524,0.0
ch2_ecommerce_behavior,val,86,C04067,0.0
ch2_ecommerce_behavior,val,87,C03329,0.0
ch2_ecommerce_behavior,val,88,C00177,0.0
ch2_ecommerce_behavior,val,89,C07124,0.0
ch2_ecommerce_behavior,val,90,C07357,0.0
ch2_ecommerce_behavior,val,91,C04951,0.0
ch2_ecommerce_behavior,val,92,C02892,0.0
ch2_ecommerce_behavior,val,93,C03069,0.0
ch2_ecommerce_behavior,val,94,C08155,0.0
ch2_ecommerce_behavior,val,95,C02941,1.0
ch2_ecommerce_behavior,val,96,C08077,0.0
ch2_ecommerce_behavior,val,97,C04841,0.0
ch2_ecommerce_behavior,val,98,C08634,0.0
ch2_ecommerce_behavior,val,99,C05478,0.0
ch2_ecommerce_behavior,val,100,C07675,1.0
ch2_ecommerce_behavior,val,101,C03874,0.0
ch2_ecommerce_behavior,val,102,C08559,0.0
ch2_ecommerce_behavior,val,103,C07141,0.0
ch2_ecommerce_behavior,val,104,C03855,1.0
ch2_ecommerce_behavior,val,105,C04840,0.0
ch2_ecommerce_behavior,val,106,C04343,0.0
ch2_ecommerce_behavior,val,107,C03190,1.0
ch2_ecommerce_behavior,val,108,C08757,0.0
ch2_ecommerce_behavior,val,109,C03856,0.0
ch2_ecommerce_behavior,val,110,C08514,0.0
ch2_ecommerce_behavior,val,111,C03887,0.0
ch2_ecommerce_behavior,val,112,C06865,0.0
ch2_ecommerce_behavior,val,113,C04937,0.0
ch2_ecommerce_behavior,val,114,C06307,0.0
ch2_ecommerce_behavior,val,115,C07316,0.0
ch2_ecommerce_behavior,val,116,C07866,1.0
ch2_ecommerce_behavior,val,117,C07714,1.0
ch2_ecommerce_behavior,val,118,C01357,0.0
ch2_ecommerce_behavior,val,119,C05693,0.0
ch2_ecommerce_behavior,val,120,C05312,0.0
ch2_ecommerce_behavior,val,121,C00370,0.0
ch2_ecommerce_behavior,val,122,C02281,0.0
ch2_ecommerce_behavior,val,123,C06138,0.0
ch2_ecommerce_behavior,val,124,C02979,0.0
ch2_ecommerce_behavior,val,125,C04076,0.0
ch2_ecommerce_behavior,val,126,C02417,0.0
ch2_ecommerce_behavior,val,127,C01635,1.0
ch2_ecommerce_behavior,val,128,C00773,0.0
ch2_ecommerce_behavior,val,129,C03912,0.0
ch2_ecommerce_behavior,val,130,C07719,0.0
ch2_ecommerce_behavior,val,131,C01709,0.0
ch2_ecommerce_behavior,val,132,C03814,0.0
ch2_ecommerce_behavior,val,133,C04759,0.0
ch2_ecommerce_behavior,val,134,C06303,0.0
ch2_ecommerce_behavior,val,135,C04340,0.0
ch2_ecommerce_behavior,val,136,C02166,0.0
ch2_ecommerce_behavior,val,137,C07496,1.0
ch2_ecommerce_behavior,val,138,C05486,0.0
ch2_ecommerce_behavior,val,139,C07170,0.0
ch2_ecommerce_behavior,val,140,C00515,0.0
ch2_ecommerce_behavior,val,141,C01786,0.0
ch2_ecommerce_behavior,val,142,C08106,0.0
ch2_ecommerce_behavior,val,143,C02718,0.0
ch2_ecommerce_behavior,val,144,C05108,0.0
ch2_ecommerce_behavior,val,145,C03026,0.0
ch2_ecommerce_behavior,val,146,C05769,0.0
ch2_ecommerce_behavior,val,147,C05290,0.0
ch2_ecommerce_behavior,val,148,C02540,0.0
ch2_ecommerce_behavior,val,149,C09114,0.0
ch2_ecommerce_behavior,val,150,C05051,0.0
ch2_ecommerce_behavior,val,151,C03390,0.0
ch2_ecommerce_behavior,val,152,C07184,1.0
ch2_ecommerce_behavior,val,153,C01110,0.0
ch2_ecommerce_behavior,val,154,C00827,1.0
ch2_ecommerce_behavior,val,155,C01525,0.0
ch2_ecommerce_behavior,val,156,C09269,0.0
ch2_ecommerce_behavior,val,157,C01179,1.0
ch2_ecommerce_behavior,val,158,C09207,0.0
ch2_ecommerce_behavior,val,159,C08925,1.0
ch2_ecommerce_behavior,val,160,C02368,0.0
ch2_ecommerce_behavior,val,161,C02412,0.0
ch2_ecommerce_behavior,val,162,C07441,0.0
ch2_ecommerce_behavior,val,163,C05814,0.0
ch2_ecommerce_behavior,val,164,C06350,0.0
ch2_ecommerce_behavior,val,165,C08421,0.0
ch2_ecommerce_behavior,val,166,C09112,0.0
ch2_ecommerce_behavior,val,167,C07526,0.0
ch2_ecommerce_behavior,val,168,C06329,0.0
ch2_ecommerce_behavior,val,169,C00133,0.0
ch2_ecommerce_behavior,val,170,C00059,0.0
ch2_ecommerce_behavior,val,171,C07467,0.0
ch2_ecommerce_behavior,val,172,C06560,0.0
ch2_ecommerce_behavior,val,173,C02759,0.0
ch2_ecommerce_behavior,val,174,C02035,0.0
ch2_ecommerce_behavior,val,175,C01742,0.0
ch2_ecommerce_behavior,val,176,C03093,1.0
ch2_ecommerce_behavior,val,177,C02320,1.0
ch2_ecommerce_behavior,val,178,C09183,0.0
ch2_ecommerce_behavior,val,179,C05412,0.0
ch2_ecommerce_behavior,val,180,C04421,0.0
ch2_ecommerce_behavior,val,181,C09085,0.0
ch2_ecommerce_behavior,val,182,C04513,1.0
ch2_ecommerce_behavior,val,183,C01509,0.0
ch2_ecommerce_behavior,val,184,C01796,0.0
ch2_ecommerce_behavior,val,185,C03898,0.0
ch2_ecommerce_behavior,val,186,C07799,0.0
ch2_ecommerce_behavior,val,187,C08395,0.0
ch2_ecommerce_behavior,val,188,C01780,0.0
ch2_ecommerce_behavior,val,189,C02231,0.0
ch2_ecommerce_behavior,val,190,C08470,0.0
ch2_ecommerce_behavior,val,191,C01184,0.0
ch2_ecommerce_behavior,val,192,C02697,0.0
ch2_ecommerce_behavior,val,193,C05359,0.0
ch2_ecommerce_behavior,val,194,C01146,0.0
ch2_ecommerce_behavior,val,195,C05131,0.0
ch2_ecommerce_behavior,val,196,C06143,1.0
ch2_ecommerce_behavior,val,197,C01255,0.0
ch2_ecommerce_behavior,val,198,C00105,0.0
ch2_ecommerce_behavior,val,199,C03200,1.0
ch2_ecommerce_behavior,val,200,C04544,0.0
ch2_ecommerce_behavior,val,201,C07934,1.0
ch2_ecommerce_behavior,val,202,C07158,0.0
ch2_ecommerce_behavior,val,203,C03086,1.0
ch2_ecommerce_behavior,val,204,C07217,0.0
ch2_ecommerce_behavior,val,205,C07127,1.0
ch2_ecommerce_behavior,val,206,C02563,0.0
ch2_ecommerce_behavior,val,207,C02126,0.0
ch2_ecommerce_behavior,val,208,C01145,0.0
ch2_ecommerce_behavior,val,209,C08486,0.0
ch2_ecommerce_behavior,val,210,C01280,0.0
ch2_ecommerce_behavior,val,211,C04570,0.0
ch2_ecommerce_behavior,val,212,C02578,0.0
ch2_ecommerce_behavior,val,213,C03105,0.0
ch2_ecommerce_behavior,val,214,C08855,0.0
ch2_ecommerce_behavior,val,215,C04214,1.0
ch2_ecommerce_behavior,val,216,C01634,0.0
ch2_ecommerce_behavior,val,217,C09944,1.0
ch2_ecommerce_behavior,val,218,C06589,0.0
ch2_ecommerce_behavior,val,219,C02546,1.0
ch2_ecommerce_behavior,val,220,C05487,1.0
ch2_ecommerce_behavior,val,221,C05163,0.0
ch2_ecommerce_behavior,val,222,C07008,1.0
ch2_ecommerce_behavior,val,223,C09216,1.0
ch2_ecommerce_behavior,val,224,C09412,0.0
ch2_ecommerce_behavior,val,225,C08497,0.0
ch2_ecommerce_behavior,val,226,C00038,1.0
ch2_ecommerce_behavior,val,227,C08773,0.0
ch2_ecommerce_behavior,val,228,C02397,0.0
ch2_ecommerce_behavior,val,229,C04890,0.0
ch2_ecommerce_behavior,val,230,C02787,0.0
ch2_ecommerce_behavior,val,231,C01187,1.0
ch2_ecommerce_behavior,val,232,C08937,0.0
ch2_ecommerce_behavior,val,233,C05125,0.0
ch2_ecommerce_behavior,val,234,C05674,0.0
ch2_ecommerce_behavior,val,235,C03532,0.0
ch2_ecommerce_behavior,val,236,C09191,0.0
ch2_ecommerce_behavior,val,237,C06681,0.0
ch2_ecommerce_behavior,val,238,C03370,0.0
ch2_ecommerce_behavior,val,239,C05677,0.0
ch2_ecommerce_behavior,val,240,C00655,0.0
ch2_ecommerce_behavior,val,241,C04864,0.0
ch2_ecommerce_behavior,val,242,C07320,0.0
ch2_ecommerce_behavior,val,243,C05664,0.0
ch2_ecommerce_behavior,val,244,C00636,0.0
ch2_ecommerce_behavior,val,245,C09151,0.0
ch2_ecommerce_behavior,val,246,C09949,0.0
ch2_ecommerce_behavior,val,247,C09687,0.0
ch2_ecommerce_behavior,val,248,C06014,0.0
ch2_ecommerce_behavior,val,249,C00162,0.0
ch2_ecommerce_behavior,val,250,C07389,0.0
ch2_ecommerce_behavior,val,251,C01485,0.0
ch2_ecommerce_behavior,val,252,C07309,0.0
ch2_ecommerce_behavior,val,253,C07542,0.0
ch2_ecommerce_behavior,val,254,C01855,0.0
ch2_ecommerce_behavior,val,255,C02071,0.0
ch2_ecommerce_behavior,val,256,C03819,0.0
ch2_ecommerce_behavior,val,257,C02423,0.0
ch2_ecommerce_behavior,val,258,C01131,0.0
ch2_ecommerce_behavior,val,259,C07614,0.0
ch2_ecommerce_behavior,val,260,C08794,0.0
ch2_ecommerce_behavior,val,261,C05169,0.0
ch2_ecommerce_behavior,val,262,C06129,0.0
ch2_ecommerce_behavior,val,263,C08049,0.0
ch2_ecommerce_behavior,val,264,C01662,0.0
ch2_ecommerce_behavior,val,265,C00163,0.0
ch2_ecommerce_behavior,val,266,C09237,0.0
ch2_ecommerce_behavior,val,267,C00928,0.0
ch2_ecommerce_behavior,val,268,C08508,0.0
ch2_ecommerce_behavior,val,269,C07733,0.0
ch2_ecommerce_behavior,val,270,C08409,0.0
ch2_ecommerce_behavior,val,271,C03397,0.0
ch2_ecommerce_behavior,val,272,C06408,0.0
ch2_ecommerce_behavior,val,273,C02115,0.0
ch2_ecommerce_behavior,val,274,C07777,0.0
ch2_ecommerce_behavior,val,275,C04837,1.0
ch2_ecommerce_behavior,val,276,C06674,0.0
ch2_ecommerce_behavior,val,277,C07669,0.0
ch2_ecommerce_behavior,val,278,C09212,0.0
ch2_ecommerce_behavior,val,279,C03587,0.0
ch2_ecommerce_behavior,val,280,C07734,0.0
ch2_ecommerce_behavior,val,281,C05864,0.0
ch2_ecommerce_behavior,val,282,C08115,0.0
ch2_ecommerce_behavior,val,283,C04450,0.0
ch2_ecommerce_behavior,val,284,C00213,0.0
ch2_ecommerce_behavior,val,285,C00237,0.0
ch2_ecommerce_behavior,val,286,C06092,0.0
ch2_ecommerce_behavior,val,287,C05461,0.0
ch2_ecommerce_behavior,val,288,C01642,0.0
ch2_ecommerce_behavior,val,289,C08330,1.0
ch2_ecommerce_behavior,val,290,C09373,1.0
ch2_ecommerce_behavior,val,291,C04545,0.0
ch2_ecommerce_behavior,val,292,C01206,0.0
ch2_ecommerce_behavior,val,293,C09577,0.0
ch2_ecommerce_behavior,val,294,C04774,0.0
ch2_ecommerce_behavior,val,295,C06409,0.0
ch2_ecommerce_behavior,val,296,C02436,0.0
ch2_ecommerce_behavior,val,297,C09322,0.0
ch2_ecommerce_behavior,val,298,C03707,1.0
ch2_ecommerce_behavior,val,299,C08059,0.0
ch2_ecommerce_behavior,val,300,C09796,0.0
ch2_ecommerce_behavior,val,301,C00369,0.0
ch2_ecommerce_behavior,val,302,C03098,0.0
ch2_ecommerce_behavior,val,303,C09190,0.0
ch2_ecommerce_behavior,val,304,C04803,0.0
ch2_ecommerce_behavior,val,305,C07627,0.0
ch2_ecommerce_behavior,val,306,C06152,0.0
ch2_ecommerce_behavior,val,307,C01283,0.0
ch2_ecommerce_behavior,val,308,C02510,0.0
ch2_ecommerce_behavior,val,309,C04130,0.0
ch2_ecommerce_behavior,val,310,C06494,0.0
ch2_ecommerce_behavior,val,311,C03110,0.0
ch2_ecommerce_behavior,val,312,C03660,0.0
ch2_ecommerce_behavior,val,313,C06956,1.0
ch2_ecommerce_behavior,val,314,C09320,0.0
ch2_ecommerce_behavior,val,315,C08610,0.0
ch2_ecommerce_behavior,val,316,C03250,1.0
ch2_ecommerce_behavior,val,317,C05560,0.0
ch2_ecommerce_behavior,val,318,C05291,0.0
ch2_ecommerce_behavior,val,319,C08160,0.0
ch2_ecommerce_behavior,val,320,C01547,0.0
ch2_ecommerce_behavior,val,321,C01195,0.0
ch2_ecommerce_behavior,val,322,C05624,1.0
ch2_ecommerce_behavior,val,323,C01367,1.0
ch2_ecommerce_behavior,val,324,C00222,0.0
ch2_ecommerce_behavior,val,325,C00958,0.0
ch2_ecommerce_behavior,val,326,C04734,0.0
ch2_ecommerce_behavior,val,327,C03002,0.0
ch2_ecommerce_behavior,val,328,C03281,0.0
ch2_ecommerce_behavior,val,329,C04887,0.0
ch2_ecommerce_behavior,val,330,C08012,0.0
ch2_ecommerce_behavior,val,331,C04127,0.0
ch2_ecommerce_behavior,val,332,C09175,0.0
ch2_ecommerce_behavior,val,333,C07593,0.0
ch2_ecommerce_behavior,val,334,C02532,0.0
ch2_ecommerce_behavior,val,335,C00180,0.0
ch2_ecommerce_behavior,val,336,C03583,0.0
ch2_ecommerce_behavior,val,337,C06238,1.0
ch2_ecommerce_behavior,val,338,C00125,0.0
ch2_ecommerce_behavior,val,339,C00559,0.0
ch2_ecommerce_behavior,val,340,C00507,0.0
ch2_ecommerce_behavior,val,341,C02634,0.0
ch2_ecommerce_behavior,val,342,C01681,0.0
ch2_ecommerce_behavior,val,343,C08017,0.0
ch2_ecommerce_behavior,val,344,C09170,0.0
ch2_ecommerce_behavior,val,345,C07335,0.0
ch2_ecommerce_behavior,val,346,C05582,0.0
ch2_ecommerce_behavior,val,347,C08022,0.0
ch2_ecommerce_behavior,val,348,C01309,0.0
ch2_ecommerce_behavior,val,349,C00517,0.0
ch2_ecommerce_behavior,val,350,C01107,0.0
ch2_ecommerce_behavior,val,351,C00660,0.0
ch2_ecommerce_behavior,val,352,C09199,0.0
ch2_ecommerce_behavior,val,353,C06244,0.0
ch2_ecommerce_behavior,val,354,C08311,0.0
ch2_ecommerce_behavior,val,355,C05614,0.0
ch2_ecommerce_behavior,val,356,C00927,0.0
ch2_ecommerce_behavior,val,357,C06186,0.0
ch2_ecommerce_behavior,val,358,C00891,1.0
ch2_ecommerce_behavior,val,359,C01419,0.0
ch2_ecommerce_behavior,val,360,C07228,0.0
ch2_ecommerce_behavior,val,361,C03260,0.0
ch2_ecommerce_behavior,val,362,C00547,0.0
ch2_ecommerce_behavior,val,363,C05436,0.0
ch2_ecommerce_behavior,val,364,C00328,0.0
ch2_ecommerce_behavior,val,365,C09291,0.0
ch2_ecommerce_behavior,val,366,C03960,0.0
ch2_ecommerce_behavior,val,367,C05293,0.0
ch2_ecommerce_behavior,val,368,C06988,0.0
ch2_ecommerce_behavior,val,369,C07258,0.0
ch2_ecommerce_behavior,val,370,C04344,0.0
ch2_ecommerce_behavior,val,371,C08737,0.0
ch2_ecommerce_behavior,val,372,C01240,1.0
ch2_ecommerce_behavior,val,373,C05710,1.0
ch2_ecommerce_behavior,val,374,C03124,0.0
ch2_ecommerce_behavior,val,375,C08367,0.0
ch2_ecommerce_behavior,val,376,C00511,0.0
ch2_ecommerce_behavior,val,377,C00372,0.0
ch2_ecommerce_behavior,val,378,C04973,0.0
ch2_ecommerce_behavior,val,379,C02240,1.0
ch2_ecommerce_behavior,val,380,C01851,0.0
ch2_ecommerce_behavior,val,381,C06389,0.0
ch2_ecommerce_behavior,val,382,C06867,0.0
ch2_ecommerce_behavior,val,383,C04703,0.0
ch2_ecommerce_behavior,val,384,C09206,1.0
ch2_ecommerce_behavior,val,385,C09812,0.0
ch2_ecommerce_behavior,val,386,C07443,0.0
ch2_ecommerce_behavior,val,387,C08490,1.0
ch2_ecommerce_behavior,val,388,C05991,1.0
ch2_ecommerce_behavior,val,389,C00705,0.0
ch2_ecommerce_behavior,val,390,C01794,0.0
ch2_ecommerce_behavior,val,391,C00595,1.0
ch2_ecommerce_behavior,val,392,C08178,0.0
ch2_ecommerce_behavior,val,393,C04993,1.0
ch2_ecommerce_behavior,val,394,C05102,1.0
ch2_ecommerce_behavior,val,395,C05688,0.0
ch2_ecommerce_behavior,val,396,C08615,0.0
ch2_ecommerce_behavior,val,397,C08999,0.0
ch2_ecommerce_behavior,val,398,C05249,0.0
ch2_ecommerce_behavior,val,399,C03785,0.0
ch2_ecommerce_behavior,val,400,C09380,0.0
ch2_ecommerce_behavior,val,401,C04350,0.0
ch2_ecommerce_behavior,val,402,C04170,0.0
ch2_ecommerce_behavior,val,403,C09960,0.0
ch2_ecommerce_behavior,val,404,C07517,0.0
ch2_ecommerce_behavior,val,405,C06696,0.0
ch2_ecommerce_behavior,val,406,C09892,1.0
ch2_ecommerce_behavior,val,407,C04553,0.0
ch2_ecommerce_behavior,val,408,C06053,0.0
ch2_ecommerce_behavior,val,409,C04893,0.0
ch2_ecommerce_behavior,val,410,C01548,0.0
ch2_ecommerce_behavior,val,411,C08423,0.0
ch2_ecommerce_behavior,val,412,C02947,0.0
ch2_ecommerce_behavior,val,413,C01789,0.0
ch2_ecommerce_behavior,val,414,C03802,0.0
ch2_ecommerce_behavior,val,415,C06975,0.0
ch2_ecommerce_behavior,val,416,C00128,0.0
ch2_ecommerce_behavior,val,417,C00848,0.0
ch2_ecommerce_behavior,val,418,C06174,0.0
ch2_ecommerce_behavior,val,419,C09531,1.0
ch2_ecommerce_behavior,val,420,C09914,0.0
ch2_ecommerce_behavior,val,421,C09820,1.0
ch2_ecommerce_behavior,val,422,C07769,0.0
ch2_ecommerce_behavior,val,423,C02177,0.0
ch2_ecommerce_behavior,val,424,C06023,0.0
ch2_ecommerce_behavior,val,425,C06836,1.0
ch2_ecommerce_behavior,val,426,C09895,1.0
ch2_ecommerce_behavior,val,427,C05423,0.0
ch2_ecommerce_behavior,val,428,C01094,0.0
ch2_ecommerce_behavior,val,429,C03142,0.0
ch2_ecommerce_behavior,val,430,C07407,0.0
ch2_ecommerce_behavior,val,431,C07516,1.0
ch2_ecommerce_behavior,val,432,C04863,0.0
ch2_ecommerce_behavior,val,433,C09437,0.0
ch2_ecommerce_behavior,val,434,C02612,0.0
ch2_ecommerce_behavior,val,435,C09185,0.0
ch2_ecommerce_behavior,val,436,C01849,0.0
ch2_ecommerce_behavior,val,437,C03310,0.0
ch2_ecommerce_behavior,val,438,C01555,0.0
ch2_ecommerce_behavior,val,439,C07617,1.0
ch2_ecommerce_behavior,val,440,C02322,0.0
ch2_ecommerce_behavior,val,441,C05726,0.0
ch2_ecommerce_behavior,val,442,C09850,0.0
ch2_ecommerce_behavior,val,443,C00492,0.0
ch2_ecommerce_behavior,val,444,C02497,1.0
ch2_ecommerce_behavior,val,445,C05967,0.0
ch2_ecommerce_behavior,val,446,C02536,0.0
ch2_ecommerce_behavior,val,447,C07974,0.0
ch2_ecommerce_behavior,val,448,C05070,0.0
ch2_ecommerce_behavior,val,449,C06552,0.0
ch2_ecommerce_behavior,val,450,C03043,0.0
ch2_ecommerce_behavior,val,451,C02679,0.0
ch2_ecommerce_behavior,val,452,C06732,0.0
ch2_ecommerce_behavior,val,453,C05414,0.0
ch2_ecommerce_behavior,val,454,C02569,0.0
ch2_ecommerce_behavior,val,455,C09482,1.0
ch2_ecommerce_behavior,val,456,C06285,0.0
ch2_ecommerce_behavior,val,457,C05989,0.0
ch2_ecommerce_behavior,val,458,C07891,0.0
ch2_ecommerce_behavior,val,459,C08717,0.0
ch2_ecommerce_behavior,val,460,C04862,0.0
ch2_ecommerce_behavior,val,461,C04154,0.0
ch2_ecommerce_behavior,val,462,C03572,0.0
ch2_ecommerce_behavior,val,463,C01067,1.0
ch2_ecommerce_behavior,val,464,C07432,0.0
ch2_ecommerce_behavior,val,465,C07954,0.0
ch2_ecommerce_behavior,val,466,C08485,0.0
ch2_ecommerce_behavior,val,467,C08332,0.0
ch2_ecommerce_behavior,val,468,C07670,1.0
ch2_ecommerce_behavior,val,469,C05907,1.0
ch2_ecommerce_behavior,val,470,C05420,0.0
ch2_ecommerce_behavior,val,471,C02560,0.0
ch2_ecommerce_behavior,val,472,C08340,0.0
ch2_ecommerce_behavior,val,473,C03566,0.0
ch2_ecommerce_behavior,val,474,C02395,1.0
ch2_ecommerce_behavior,val,475,C07839,0.0
ch2_ecommerce_behavior,val,476,C08632,0.0
ch2_ecommerce_behavior,val,477,C08093,1.0
ch2_ecommerce_behavior,val,478,C00737,0.0
ch2_ecommerce_behavior,val,479,C06556,0.0
ch2_ecommerce_behavior,val,480,C04651,0.0
ch2_ecommerce_behavior,val,481,C08876,0.0
ch2_ecommerce_behavior,val,482,C01708,0.0
ch2_ecommerce_behavior,val,483,C09642,0.0
ch2_ecommerce_behavior,val,484,C01869,0.0
ch2_ecommerce_behavior,val,485,C09514,0.0
ch2_ecommerce_behavior,val,486,C02967,0.0
ch2_ecommerce_behavior,val,487,C09565,0.0
ch2_ecommerce_behavior,val,488,C06108,0.0
ch2_ecommerce_behavior,val,489,C00645,0.0
ch2_ecommerce_behavior,val,490,C00754,0.0
ch2_ecommerce_behavior,val,491,C04143,1.0
ch2_ecommerce_behavior,val,492,C04108,0.0
ch2_ecommerce_behavior,val,493,C09310,0.0
ch2_ecommerce_behavior,val,494,C03866,1.0
ch2_ecommerce_behavior,val,495,C09101,0.0
ch2_ecommerce_behavior,val,496,C06007,0.0
ch2_ecommerce_behavior,val,497,C06605,1.0
ch2_ecommerce_behavior,val,498,C08242,0.0
ch2_ecommerce_behavior,val,499,C06411,0.0
ch2_ecommerce_behavior,val,500,C05982,0.0
ch2_ecommerce_behavior,val,501,C08096,0.0
ch2_ecommerce_behavior,val,502,C03387,0.0
ch2_ecommerce_behavior,val,503,C01882,0.0
ch2_ecommerce_behavior,val,504,C02081,1.0
ch2_ecommerce_behavior,val,505,C09091,1.0
ch2_ecommerce_behavior,val,506,C00227,0.0
ch2_ecommerce_behavior,val,507,C01932,0.0
ch2_ecommerce_behavior,val,508,C09569,0.0
ch2_ecommerce_behavior,val,509,C00443,0.0
ch2_ecommerce_behavior,val,510,C04259,0.0
ch2_ecommerce_behavior,val,511,C02087,0.0
ch2_ecommerce_behavior,val,512,C08880,0.0
ch2_ecommerce_behavior,val,513,C09193,0.0
ch2_ecommerce_behavior,val,514,C02438,1.0
ch2_ecommerce_behavior,val,515,C07313,0.0
ch2_ecommerce_behavior,val,516,C02836,1.0
ch2_ecommerce_behavior,val,517,C04022,0.0
ch2_ecommerce_behavior,val,518,C00074,0.0
ch2_ecommerce_behavior,val,519,C00016,0.0
ch2_ecommerce_behavior,val,520,C01484,1.0
ch2_ecommerce_behavior,val,521,C07082,0.0
ch2_ecommerce_behavior,val,522,C09568,0.0
ch2_ecommerce_behavior,val,523,C06987,0.0
ch2_ecommerce_behavior,val,524,C06506,0.0
ch2_ecommerce_behavior,val,525,C08690,0.0
ch2_ecommerce_behavior,val,526,C02036,0.0
ch2_ecommerce_behavior,val,527,C00866,0.0
ch2_ecommerce_behavior,val,528,C09244,0.0
ch2_ecommerce_behavior,val,529,C04900,0.0
ch2_ecommerce_behavior,val,530,C06038,0.0
ch2_ecommerce_behavior,val,531,C08537,0.0
ch2_ecommerce_behavior,val,532,C07225,1.0
ch2_ecommerce_behavior,val,533,C03154,0.0
ch2_ecommerce_behavior,val,534,C08976,0.0
ch2_ecommerce_behavior,val,535,C06298,0.0
ch2_ecommerce_behavior,val,536,C04424,0.0
ch2_ecommerce_behavior,val,537,C09403,0.0
ch2_ecommerce_behavior,val,538,C04123,0.0
ch2_ecommerce_behavior,val,539,C06034,1.0
ch2_ecommerce_behavior,val,540,C00049,0.0
ch2_ecommerce_behavior,val,541,C06992,0.0
ch2_ecommerce_behavior,val,542,C08889,1.0
ch2_ecommerce_behavior,val,543,C09768,0.0
ch2_ecommerce_behavior,val,544,C09622,0.0
ch2_ecommerce_behavior,val,545,C02690,0.0
ch2_ecommerce_behavior,val,546,C01747,0.0
ch2_ecommerce_behavior,val,547,C09142,1.0
ch2_ecommerce_behavior,val,548,C03890,0.0
ch2_ecommerce_behavior,val,549,C00533,0.0
ch2_ecommerce_behavior,val,550,C06163,0.0
ch2_ecommerce_behavior,val,551,C04405,0.0
ch2_ecommerce_behavior,val,552,C04612,1.0
ch2_ecommerce_behavior,val,553,C02089,0.0
ch2_ecommerce_behavior,val,554,C07924,0.0
ch2_ecommerce_behavior,val,555,C07646,0.0
ch2_ecommerce_behavior,val,556,C02973,0.0
ch2_ecommerce_behavior,val,557,C04798,0.0
ch2_ecommerce_behavior,val,558,C03941,0.0
ch2_ecommerce_behavior,val,559,C02533,0.0
ch2_ecommerce_behavior,val,560,C02033,0.0
ch2_ecommerce_behavior,val,561,C02619,0.0
ch2_ecommerce_behavior,val,562,C09295,0.0
ch2_ecommerce_behavior,val,563,C09596,0.0
ch2_ecommerce_behavior,val,564,C02747,0.0
ch2_ecommerce_behavior,val,565,C02922,0.0
ch2_ecommerce_behavior,val,566,C09613,1.0
ch2_ecommerce_behavior,val,567,C08285,0.0
ch2_ecommerce_behavior,val,568,C08535,1.0
ch2_ecommerce_behavior,val,569,C05408,0.0
ch2_ecommerce_behavior,val,570,C07661,0.0
ch2_ecommerce_behavior,val,571,C02830,0.0
ch2_ecommerce_behavior,val,572,C00032,0.0
ch2_ecommerce_behavior,val,573,C03203,0.0
ch2_ecommerce_behavior,val,574,C09515,0.0
ch2_ecommerce_behavior,val,575,C01505,0.0
ch2_ecommerce_behavior,val,576,C05533,0.0
ch2_ecommerce_behavior,val,577,C01736,1.0
ch2_ecommerce_behavior,val,578,C08872,0.0
ch2_ecommerce_behavior,val,579,C02376,0.0
ch2_ecommerce_behavior,val,580,C05764,0.0
ch2_ecommerce_behavior,val,581,C01029,0.0
ch2_ecommerce_behavior,val,582,C08088,0.0
ch2_ecommerce_behavior,val,583,C05666,0.0
ch2_ecommerce_behavior,val,584,C00588,0.0
ch2_ecommerce_behavior,val,585,C07293,0.0
ch2_ecommerce_behavior,val,586,C03526,0.0
ch2_ecommerce_behavior,val,587,C01232,0.0
ch2_ecommerce_behavior,val,588,C09003,0.0
ch2_ecommerce_behavior,val,589,C04797,0.0
ch2_ecommerce_behavior,val,590,C04669,0.0
ch2_ecommerce_behavior,val,591,C01230,1.0
ch2_ecommerce_behavior,val,592,C03920,1.0
ch2_ecommerce_behavior,val,593,C09776,0.0
ch2_ecommerce_behavior,val,594,C08754,0.0
ch2_ecommerce_behavior,val,595,C04003,1.0
ch2_ecommerce_behavior,val,596,C07268,0.0
ch2_ecommerce_behavior,val,597,C07747,0.0
ch2_ecommerce_behavior,val,598,C02285,0.0
ch2_ecommerce_behavior,val,599,C07666,0.0
ch2_ecommerce_behavior,val,600,C00142,0.0
ch2_ecommerce_behavior,val,601,C01364,0.0
ch2_ecommerce_behavior,val,602,C07016,0.0
ch2_ecommerce_behavior,val,603,C05060,0.0
ch2_ecommerce_behavior,val,604,C04368,0.0
ch2_ecommerce_behavior,val,605,C02183,0.0
ch2_ecommerce_behavior,val,606,C06808,0.0
ch2_ecommerce_behavior,val,607,C09229,0.0
ch2_ecommerce_behavior,val,608,C06712,0.0
ch2_ecommerce_behavior,val,609,C06068,1.0
ch2_ecommerce_behavior,val,610,C09082,0.0
ch2_ecommerce_behavior,val,611,C03287,0.0
ch2_ecommerce_behavior,val,612,C08299,0.0
ch2_ecommerce_behavior,val,613,C02943,1.0
ch2_ecommerce_behavior,val,614,C04239,0.0
ch2_ecommerce_behavior,val,615,C05115,0.0
ch2_ecommerce_behavior,val,616,C05013,0.0
ch2_ecommerce_behavior,val,617,C08495,0.0
ch2_ecommerce_behavior,val,618,C03704,0.0
ch2_ecommerce_behavior,val,619,C08637,1.0
ch2_ecommerce_behavior,val,620,C03946,0.0
ch2_ecommerce_behavior,val,621,C03705,1.0
ch2_ecommerce_behavior,val,622,C02140,0.0
ch2_ecommerce_behavior,val,623,C03952,0.0
ch2_ecommerce_behavior,val,624,C02345,0.0
ch2_ecommerce_behavior,val,625,C05326,0.0
ch2_ecommerce_behavior,val,626,C00327,0.0
ch2_ecommerce_behavior,val,627,C05745,0.0
ch2_ecommerce_behavior,val,628,C04080,1.0
ch2_ecommerce_behavior,val,629,C02810,0.0
ch2_ecommerce_behavior,val,630,C00388,0.0
ch2_ecommerce_behavior,val,631,C09231,0.0
ch2_ecommerce_behavior,val,632,C01654,0.0
ch2_ecommerce_behavior,val,633,C08887,0.0
ch2_ecommerce_behavior,val,634,C01803,0.0
ch2_ecommerce_behavior,val,635,C00254,1.0
ch2_ecommerce_behavior,val,636,C06796,0.0
ch2_ecommerce_behavior,val,637,C04012,0.0
ch2_ecommerce_behavior,val,638,C05017,1.0
ch2_ecommerce_behavior,val,639,C05375,1.0
ch2_ecommerce_behavior,val,640,C06900,0.0
ch2_ecommerce_behavior,val,641,C06765,0.0
ch2_ecommerce_behavior,val,642,C05839,0.0
ch2_ecommerce_behavior,val,643,C05239,0.0
ch2_ecommerce_behavior,val,644,C04047,0.0
ch2_ecommerce_behavior,val,645,C04682,0.0
ch2_ecommerce_behavior,val,646,C08453,0.0
ch2_ecommerce_behavior,val,647,C06314,0.0
ch2_ecommerce_behavior,val,648,C06231,1.0
ch2_ecommerce_behavior,val,649,C05258,1.0
ch2_ecommerce_behavior,val,650,C07535,0.0
ch2_ecommerce_behavior,val,651,C02966,0.0
ch2_ecommerce_behavior,val,652,C07927,0.0
ch2_ecommerce_behavior,val,653,C08750,0.0
ch2_ecommerce_behavior,val,654,C00486,1.0
ch2_ecommerce_behavior,val,655,C09578,0.0
ch2_ecommerce_behavior,val,656,C02272,0.0
ch2_ecommerce_behavior,val,657,C08706,0.0
ch2_ecommerce_behavior,val,658,C01161,0.0
ch2_ecommerce_behavior,val,659,C00344,0.0
ch2_ecommerce_behavior,val,660,C02613,0.0
ch2_ecommerce_behavior,val,661,C02328,1.0
ch2_ecommerce_behavior,val,662,C01275,0.0
ch2_ecommerce_behavior,val,663,C02099,0.0
ch2_ecommerce_behavior,val,664,C00454,0.0
ch2_ecommerce_behavior,val,665,C05474,0.0
ch2_ecommerce_behavior,val,666,C09702,0.0
ch2_ecommerce_behavior,val,667,C09685,1.0
ch2_ecommerce_behavior,val,668,C06985,0.0
ch2_ecommerce_behavior,val,669,C08988,0.0
ch2_ecommerce_behavior,val,670,C00246,0.0
ch2_ecommerce_behavior,val,671,C09855,1.0
ch2_ecommerce_behavior,val,672,C07178,0.0
ch2_ecommerce_behavior,val,673,C06239,0.0
ch2_ecommerce_behavior,val,674,C01902,0.0
ch2_ecommerce_behavior,val,675,C06367,0.0
ch2_ecommerce_behavior,val,676,C04009,0.0
ch2_ecommerce_behavior,val,677,C03886,1.0
ch2_ecommerce_behavior,val,678,C02877,0.0
ch2_ecommerce_behavior,val,679,C03699,0.0
ch2_ecommerce_behavior,val,680,C01425,0.0
ch2_ecommerce_behavior,val,681,C09701,0.0
ch2_ecommerce_behavior,val,682,C04068,0.0
ch2_ecommerce_behavior,val,683,C07167,0.0
ch2_ecommerce_behavior,val,684,C08511,0.0
ch2_ecommerce_behavior,val,685,C03507,0.0
ch2_ecommerce_behavior,val,686,C02739,0.0
ch2_ecommerce_behavior,val,687,C01641,0.0
ch2_ecommerce_behavior,val,688,C08975,0.0
ch2_ecommerce_behavior,val,689,C06531,0.0
ch2_ecommerce_behavior,val,690,C00176,1.0
ch2_ecommerce_behavior,val,691,C02082,0.0
ch2_ecommerce_behavior,val,692,C05893,0.0
ch2_ecommerce_behavior,val,693,C02603,0.0
ch2_ecommerce_behavior,val,694,C07659,0.0
ch2_ecommerce_behavior,val,695,C06354,0.0
ch2_ecommerce_behavior,val,696,C09098,1.0
ch2_ecommerce_behavior,val,697,C05374,0.0
ch2_ecommerce_behavior,val,698,C02983,0.0
ch2_ecommerce_behavior,val,699,C00781,0.0
ch2_ecommerce_behavior,val,700,C01660,1.0
ch2_ecommerce_behavior,val,701,C05127,0.0
ch2_ecommerce_behavior,val,702,C00291,0.0
ch2_ecommerce_behavior,val,703,C06843,0.0
ch2_ecommerce_behavior,val,704,C06779,0.0
ch2_ecommerce_behavior,val,705,C00397,0.0
ch2_ecommerce_behavior,val,706,C08601,1.0
ch2_ecommerce_behavior,val,707,C06861,0.0
ch2_ecommerce_behavior,val,708,C02359,1.0
ch2_ecommerce_behavior,val,709,C04237,0.0
ch2_ecommerce_behavior,val,710,C07088,0.0
ch2_ecommerce_behavior,val,711,C07834,0.0
ch2_ecommerce_behavior,val,712,C05604,0.0
ch2_ecommerce_behavior,val,713,C01573,0.0
ch2_ecommerce_behavior,val,714,C00354,0.0
ch2_ecommerce_behavior,val,715,C07548,1.0
ch2_ecommerce_behavior,val,716,C07663,0.0
ch2_ecommerce_behavior,val,717,C04905,0.0
ch2_ecommerce_behavior,val,718,C06614,0.0
ch2_ecommerce_behavior,val,719,C02295,0.0
ch2_ecommerce_behavior,val,720,C01997,1.0
ch2_ecommerce_behavior,val,721,C05114,0.0
ch2_ecommerce_behavior,val,722,C04030,0.0
ch2_ecommerce_behavior,val,723,C08387,0.0
ch2_ecommerce_behavior,val,724,C05364,0.0
ch2_ecommerce_behavior,val,725,C08175,0.0
ch2_ecommerce_behavior,val,726,C01718,0.0
ch2_ecommerce_behavior,val,727,C00563,0.0
ch2_ecommerce_behavior,val,728,C09974,0.0
ch2_ecommerce_behavior,val,729,C08094,1.0
ch2_ecommerce_behavior,val,730,C03373,0.0
ch2_ecommerce_behavior,val,731,C01976,0.0
ch2_ecommerce_behavior,val,732,C04018,1.0
ch2_ecommerce_behavior,val,733,C04017,0.0
ch2_ecommerce_behavior,val,734,C02014,0.0
ch2_ecommerce_behavior,val,735,C06679,0.0
ch2_ecommerce_behavior,val,736,C00518,0.0
ch2_ecommerce_behavior,val,737,C04173,0.0
ch2_ecommerce_behavior,val,738,C05857,0.0
ch2_ecommerce_behavior,val,739,C02992,0.0
ch2_ecommerce_behavior,val,740,C09375,1.0
ch2_ecommerce_behavior,val,741,C06851,0.0
ch2_ecommerce_behavior,val,742,C06233,1.0
ch2_ecommerce_behavior,val,743,C01930,1.0
ch2_ecommerce_behavior,val,744,C04675,0.0
ch2_ecommerce_behavior,val,745,C09801,0.0
ch2_ecommerce_behavior,val,746,C08068,0.0
ch2_ecommerce_behavior,val,747,C07764,0.0
ch2_ecommerce_behavior,val,748,C05910,0.0
ch2_ecommerce_behavior,val,749,C06371,0.0
ch2_ecommerce_behavior,val,750,C05802,0.0
ch2_ecommerce_behavior,val,751,C05080,1.0
ch2_ecommerce_behavior,val,752,C05273,0.0
ch2_ecommerce_behavior,val,753,C04106,0.0
ch2_ecommerce_behavior,val,754,C00651,0.0
ch2_ecommerce_behavior,val,755,C08990,0.0
ch2_ecommerce_behavior,val,756,C01033,0.0
ch2_ecommerce_behavior,val,757,C06423,0.0
ch2_ecommerce_behavior,val,758,C09352,0.0
ch2_ecommerce_behavior,val,759,C01911,0.0
ch2_ecommerce_behavior,val,760,C02239,0.0
ch2_ecommerce_behavior,val,761,C04377,0.0
ch2_ecommerce_behavior,val,762,C01943,1.0
ch2_ecommerce_behavior,val,763,C09835,0.0
ch2_ecommerce_behavior,val,764,C09360,0.0
ch2_ecommerce_behavior,val,765,C02424,0.0
ch2_ecommerce_behavior,val,766,C05151,0.0
ch2_ecommerce_behavior,val,767,C00003,1.0
ch2_ecommerce_behavior,val,768,C06585,0.0
ch2_ecommerce_behavior,val,769,C07187,1.0
ch2_ecommerce_behavior,val,770,C01016,0.0
ch2_ecommerce_behavior,val,771,C08158,1.0
ch2_ecommerce_behavior,val,772,C06572,0.0
ch2_ecommerce_behavior,val,773,C07894,0.0
ch2_ecommerce_behavior,val,774,C08281,0.0
ch2_ecommerce_behavior,val,775,C02696,0.0
ch2_ecommerce_behavior,val,776,C05430,0.0
ch2_ecommerce_behavior,val,777,C07283,1.0
ch2_ecommerce_behavior,val,778,C07929,0.0
ch2_ecommerce_behavior,val,779,C05909,1.0
ch2_ecommerce_behavior,val,780,C09448,0.0
ch2_ecommerce_behavior,val,781,C06700,0.0
ch2_ecommerce_behavior,val,782,C05183,1.0
ch2_ecommerce_behavior,val,783,C02047,0.0
ch2_ecommerce_behavior,val,784,C04955,0.0
ch2_ecommerce_behavior,val,785,C03428,0.0
ch2_ecommerce_behavior,val,786,C02249,0.0
ch2_ecommerce_behavior,val,787,C09477,0.0
ch2_ecommerce_behavior,val,788,C07854,0.0
ch2_ecommerce_behavior,val,789,C08939,0.0
ch2_ecommerce_behavior,val,790,C07400,0.0
ch2_ecommerce_behavior,val,791,C09454,0.0
ch2_ecommerce_behavior,val,792,C08055,0.0
ch2_ecommerce_behavior,val,793,C07654,1.0
ch2_ecommerce_behavior,val,794,C09669,0.0
ch2_ecommerce_behavior,val,795,C05092,0.0
ch2_ecommerce_behavior,val,796,C00795,0.0
ch2_ecommerce_behavior,val,797,C02873,0.0
ch2_ecommerce_behavior,val,798,C01893,0.0
ch2_ecommerce_behavior,val,799,C03442,0.0
ch2_ecommerce_behavior,val,800,C09081,0.0
ch2_ecommerce_behavior,val,801,C05097,0.0
ch2_ecommerce_behavior,val,802,C05817,0.0
ch2_ecommerce_behavior,val,803,C01820,0.0
ch2_ecommerce_behavior,val,804,C06755,0.0
ch2_ecommerce_behavior,val,805,C09102,1.0
ch2_ecommerce_behavior,val,806,C05488,0.0
ch2_ecommerce_behavior,val,807,C00921,1.0
ch2_ecommerce_behavior,val,808,C09872,0.0
ch2_ecommerce_behavior,val,809,C09267,0.0
ch2_ecommerce_behavior,val,810,C07711,0.0
ch2_ecommerce_behavior,val,811,C07198,1.0
ch2_ecommerce_behavior,val,812,C03581,0.0
ch2_ecommerce_behavior,val,813,C01912,0.0
ch2_ecommerce_behavior,val,814,C01905,0.0
ch2_ecommerce_behavior,val,815,C03446,0.0
ch2_ecommerce_behavior,val,816,C03778,0.0
ch2_ecommerce_behavior,val,817,C04913,0.0
ch2_ecommerce_behavior,val,818,C08208,0.0
ch2_ecommerce_behavior,val,819,C03345,0.0
ch2_ecommerce_behavior,val,820,C08942,0.0
ch2_ecommerce_behavior,val,821,C09335,0.0
ch2_ecommerce_behavior,val,822,C00734,0.0
ch2_ecommerce_behavior,val,823,C06227,0.0
ch2_ecommerce_behavior,val,824,C08789,0.0
ch2_ecommerce_behavior,val,825,C05707,0.0
ch2_ecommerce_behavior,val,826,C02989,0.0
ch2_ecommerce_behavior,val,827,C00881,0.0
ch2_ecommerce_behavior,val,828,C03385,0.0
ch2_ecommerce_behavior,val,829,C01500,0.0
ch2_ecommerce_behavior,val,830,C02529,1.0
ch2_ecommerce_behavior,val,831,C01885,0.0
ch2_ecommerce_behavior,val,832,C01535,0.0
ch2_ecommerce_behavior,val,833,C09651,0.0
ch2_ecommerce_behavior,val,834,C09844,1.0
ch2_ecommerce_behavior,val,835,C04686,1.0
ch2_ecommerce_behavior,val,836,C03639,0.0
ch2_ecommerce_behavior,val,837,C08328,0.0
ch2_ecommerce_behavior,val,838,C07848,0.0
ch2_ecommerce_behavior,val,839,C05932,0.0
ch2_ecommerce_behavior,val,840,C08268,0.0
ch2_ecommerce_behavior,val,841,C00878,0.0
ch2_ecommerce_behavior,val,842,C05152,0.0
ch2_ecommerce_behavior,val,843,C00628,0.0
ch2_ecommerce_behavior,val,844,C01236,0.0
ch2_ecommerce_behavior,val,845,C09105,0.0
ch2_ecommerce_behavior,val,846,C09772,0.0
ch2_ecommerce_behavior,val,847,C09426,0.0
ch2_ecommerce_behavior,val,848,C02948,0.0
ch2_ecommerce_behavior,val,849,C02819,0.0
ch2_ecommerce_behavior,val,850,C04089,1.0
ch2_ecommerce_behavior,val,851,C09071,0.0
ch2_ecommerce_behavior,val,852,C00313,0.0
ch2_ecommerce_behavior,val,853,C08036,0.0
ch2_ecommerce_behavior,val,854,C01740,0.0
ch2_ecommerce_behavior,val,855,C05241,1.0
ch2_ecommerce_behavior,val,856,C07128,0.0
ch2_ecommerce_behavior,val,857,C05773,0.0
ch2_ecommerce_behavior,val,858,C09675,1.0
ch2_ecommerce_behavior,val,859,C04071,0.0
ch2_ecommerce_behavior,val,860,C01276,0.0
ch2_ecommerce_behavior,val,861,C03398,0.0
ch2_ecommerce_behavior,val,862,C06381,0.0
ch2_ecommerce_behavior,val,863,C07348,0.0
ch2_ecommerce_behavior,val,864,C06293,1.0
ch2_ecommerce_behavior,val,865,C06497,0.0
ch2_ecommerce_behavior,val,866,C08977,0.0
ch2_ecommerce_behavior,val,867,C03302,1.0
ch2_ecommerce_behavior,val,868,C08113,0.0
ch2_ecommerce_behavior,val,869,C03561,0.0
ch2_ecommerce_behavior,val,870,C09027,0.0
ch2_ecommerce_behavior,val,871,C06666,0.0
ch2_ecommerce_behavior,val,872,C09222,0.0
ch2_ecommerce_behavior,val,873,C02582,0.0
ch2_ecommerce_behavior,val,874,C05825,0.0
ch2_ecommerce_behavior,val,875,C06142,1.0
ch2_ecommerce_behavior,val,876,C05416,0.0
ch2_ecommerce_behavior,val,877,C06590,1.0
ch2_ecommerce_behavior,val,878,C06984,0.0
ch2_ecommerce_behavior,val,879,C09007,0.0
ch2_ecommerce_behavior,val,880,C04657,1.0
ch2_ecommerce_behavior,val,881,C09845,0.0
ch2_ecommerce_behavior,val,882,C02302,0.0
ch2_ecommerce_behavior,val,883,C06767,1.0
ch2_ecommerce_behavior,val,884,C08882,0.0
ch2_ecommerce_behavior,val,885,C03907,0.0
ch2_ecommerce_behavior,val,886,C00209,1.0
ch2_ecommerce_behavior,val,887,C03018,0.0
ch2_ecommerce_behavior,val,888,C05659,0.0
ch2_ecommerce_behavior,val,889,C06028,0.0
ch2_ecommerce_behavior,val,890,C00915,1.0
ch2_ecommerce_behavior,val,891,C02034,0.0
ch2_ecommerce_behavior,val,892,C07845,0.0
ch2_ecommerce_behavior,val,893,C08385,0.0
ch2_ecommerce_behavior,val,894,C01426,0.0
ch2_ecommerce_behavior,val,895,C08689,0.0
ch2_ecommerce_behavior,val,896,C06887,0.0
ch2_ecommerce_behavior,val,897,C08753,1.0
ch2_ecommerce_behavior,val,898,C09890,0.0
ch2_ecommerce_behavior,val,899,C03225,0.0
ch2_ecommerce_behavior,val,900,C09009,0.0
ch2_ecommerce_behavior,val,901,C02484,0.0
ch2_ecommerce_behavior,val,902,C03355,1.0
ch2_ecommerce_behavior,val,903,C08904,0.0
ch2_ecommerce_behavior,val,904,C06977,0.0
ch2_ecommerce_behavior,val,905,C09285,0.0
ch2_ecommerce_behavior,val,906,C02382,0.0
ch2_ecommerce_behavior,val,907,C00946,0.0
ch2_ecommerce_behavior,val,908,C01170,1.0
ch2_ecommerce_behavior,val,909,C01983,0.0
ch2_ecommerce_behavior,val,910,C01900,0.0
ch2_ecommerce_behavior,val,911,C03104,0.0
ch2_ecommerce_behavior,val,912,C03719,0.0
ch2_ecommerce_behavior,val,913,C01854,0.0
ch2_ecommerce_behavior,val,914,C04611,0.0
ch2_ecommerce_behavior,val,915,C03803,0.0
ch2_ecommerce_behavior,val,916,C01846,0.0
ch2_ecommerce_behavior,val,917,C00438,0.0
ch2_ecommerce_behavior,val,918,C04981,0.0
ch2_ecommerce_behavior,val,919,C07365,1.0
ch2_ecommerce_behavior,val,920,C06396,0.0
ch2_ecommerce_behavior,val,921,C05733,0.0
ch2_ecommerce_behavior,val,922,C03961,0.0
ch2_ecommerce_behavior,val,923,C03359,0.0
ch2_ecommerce_behavior,val,924,C04285,0.0
ch2_ecommerce_behavior,val,925,C07506,1.0
ch2_ecommerce_behavior,val,926,C05962,0.0
ch2_ecommerce_behavior,val,927,C06358,1.0
ch2_ecommerce_behavior,val,928,C03400,1.0
ch2_ecommerce_behavior,val,929,C09136,0.0
ch2_ecommerce_behavior,val,930,C00134,0.0
ch2_ecommerce_behavior,val,931,C06852,0.0
ch2_ecommerce_behavior,val,932,C04359,0.0
ch2_ecommerce_behavior,val,933,C02971,0.0
ch2_ecommerce_behavior,val,934,C08765,0.0
ch2_ecommerce_behavior,val,935,C09604,1.0
ch2_ecommerce_behavior,val,936,C04302,0.0
ch2_ecommerce_behavior,val,937,C02383,0.0
ch2_ecommerce_behavior,val,938,C01516,0.0
ch2_ecommerce_behavior,val,939,C01991,0.0
ch2_ecommerce_behavior,val,940,C09626,0.0
ch2_ecommerce_behavior,val,941,C07635,0.0
ch2_ecommerce_behavior,val,942,C02194,1.0
ch2_ecommerce_behavior,val,943,C01020,0.0
ch2_ecommerce_behavior,val,944,C07231,0.0
ch2_ecommerce_behavior,val,945,C09209,0.0
ch2_ecommerce_behavior,val,946,C06919,0.0
ch2_ecommerce_behavior,val,947,C06401,1.0
ch2_ecommerce_behavior,val,948,C09694,0.0
ch2_ecommerce_behavior,val,949,C00299,1.0
ch2_ecommerce_behavior,val,950,C08684,0.0
ch2_ecommerce_behavior,val,951,C06387,0.0
ch2_ecommerce_behavior,val,952,C03162,1.0
ch2_ecommerce_behavior,val,953,C05961,0.0
ch2_ecommerce_behavior,val,954,C05714,1.0
ch2_ecommerce_behavior,val,955,C05445,1.0
ch2_ecommerce_behavior,val,956,C09643,0.0
ch2_ecommerce_behavior,val,957,C07510,1.0
ch2_ecommerce_behavior,val,958,C09843,0.0
ch2_ecommerce_behavior,val,959,C09530,0.0
ch2_ecommerce_behavior,val,960,C02691,0.0
ch2_ecommerce_behavior,val,961,C00186,0.0
ch2_ecommerce_behavior,val,962,C06991,0.0
ch2_ecommerce_behavior,val,963,C00697,0.0
ch2_ecommerce_behavior,val,964,C04024,0.0
ch2_ecommerce_behavior,val,965,C09480,0.0
ch2_ecommerce_behavior,val,966,C04164,0.0
ch2_ecommerce_behavior,val,967,C03706,0.0
ch2_ecommerce_behavior,val,968,C02592,0.0
ch2_ecommerce_behavior,val,969,C01871,0.0
ch2_ecommerce_behavior,val,970,C03013,0.0
ch2_ecommerce_behavior,val,971,C03485,0.0
ch2_ecommerce_behavior,val,972,C03563,1.0
ch2_ecommerce_behavior,val,973,C03914,0.0
ch2_ecommerce_behavior,val,974,C06946,0.0
ch2_ecommerce_behavior,val,975,C05548,0.0
ch2_ecommerce_behavior,val,976,C05595,1.0
ch2_ecommerce_behavior,val,977,C00964,0.0
ch2_ecommerce_behavior,val,978,C01358,1.0
ch2_ecommerce_behavior,val,979,C01075,0.0
ch2_ecommerce_behavior,val,980,C02748,0.0
ch2_ecommerce_behavior,val,981,C06443,0.0
ch2_ecommerce_behavior,val,982,C04315,0.0
ch2_ecommerce_behavior,val,983,C06450,0.0
ch2_ecommerce_behavior,val,984,C04297,0.0
ch2_ecommerce_behavior,val,985,C08703,0.0
ch2_ecommerce_behavior,val,986,C03378,0.0
ch2_ecommerce_behavior,val,987,C09273,0.0
ch2_ecommerce_behavior,val,988,C07334,0.0
ch2_ecommerce_behavior,val,989,C05957,0.0
ch2_ecommerce_behavior,val,990,C07585,0.0
ch2_ecommerce_behavior,val,991,C07116,0.0
ch2_ecommerce_behavior,val,992,C01898,0.0
ch2_ecommerce_behavior,val,993,C09586,0.0
ch2_ecommerce_behavior,val,994,C07474,1.0
ch2_ecommerce_behavior,val,995,C02310,1.0
ch2_ecommerce_behavior,val,996,C05867,0.0
ch2_ecommerce_behavior,val,997,C07394,0.0
ch2_ecommerce_behavior,val,998,C02849,1.0
ch2_ecommerce_behavior,val,999,C05751,0.0
ch2_ecommerce_behavior,val,1000,C02516,1.0
ch2_ecommerce_behavior,val,1001,C09538,1.0
ch2_ecommerce_behavior,val,1002,C09716,1.0
ch2_ecommerce_behavior,val,1003,C08787,0.0
ch2_ecommerce_behavior,val,1004,C04311,0.0
ch2_ecommerce_behavior,val,1005,C06568,0.0
ch2_ecommerce_behavior,val,1006,C01750,0.0
ch2_ecommerce_behavior,val,1007,C05824,0.0
ch2_ecommerce_behavior,val,1008,C06262,0.0
ch2_ecommerce_behavior,val,1009,C01055,0.0
ch2_ecommerce_behavior,val,1010,C04979,0.0
ch2_ecommerce_behavior,val,1011,C05094,1.0
ch2_ecommerce_behavior,val,1012,C08734,0.0
ch2_ecommerce_behavior,val,1013,C03338,0.0
ch2_ecommerce_behavior,val,1014,C02253,1.0
ch2_ecommerce_behavior,val,1015,C00375,0.0
ch2_ecommerce_behavior,val,1016,C07325,0.0
ch2_ecommerce_behavior,val,1017,C09535,0.0
ch2_ecommerce_behavior,val,1018,C08032,0.0
ch2_ecommerce_behavior,val,1019,C01205,0.0
ch2_ecommerce_behavior,val,1020,C09434,0.0
ch2_ecommerce_behavior,val,1021,C03226,0.0
ch2_ecommerce_behavior,val,1022,C02903,0.0
ch2_ecommerce_behavior,val,1023,C00204,0.0
ch2_ecommerce_behavior,val,1024,C03645,0.0
ch2_ecommerce_behavior,val,1025,C01091,1.0
ch2_ecommerce_behavior,val,1026,C05696,0.0
ch2_ecommerce_behavior,val,1027,C00464,0.0
ch2_ecommerce_behavior,val,1028,C04722,1.0
ch2_ecommerce_behavior,val,1029,C00087,0.0
ch2_ecommerce_behavior,val,1030,C06137,0.0
ch2_ecommerce_behavior,val,1031,C08086,0.0
ch2_ecommerce_behavior,val,1032,C03059,0.0
ch2_ecommerce_behavior,val,1033,C05978,1.0
ch2_ecommerce_behavior,val,1034,C06241,0.0
ch2_ecommerce_behavior,val,1035,C00490,0.0
ch2_ecommerce_behavior,val,1036,C03739,0.0
ch2_ecommerce_behavior,val,1037,C04184,0.0
ch2_ecommerce_behavior,val,1038,C01722,0.0
ch2_ecommerce_behavior,val,1039,C09799,0.0
ch2_ecommerce_behavior,val,1040,C07640,0.0
ch2_ecommerce_behavior,val,1041,C05676,1.0
ch2_ecommerce_behavior,val,1042,C07121,1.0
ch2_ecommerce_behavior,val,1043,C09506,0.0
ch2_ecommerce_behavior,val,1044,C03466,1.0
ch2_ecommerce_behavior,val,1045,C04314,0.0
ch2_ecommerce_behavior,val,1046,C02575,0.0
ch2_ecommerce_behavior,val,1047,C08820,0.0
ch2_ecommerce_behavior,val,1048,C06037,1.0
ch2_ecommerce_behavior,val,1049,C02864,0.0
ch2_ecommerce_behavior,val,1050,C02647,0.0
ch2_ecommerce_behavior,val,1051,C03205,0.0
ch2_ecommerce_behavior,val,1052,C01113,0.0
ch2_ecommerce_behavior,val,1053,C07994,0.0
ch2_ecommerce_behavior,val,1054,C08482,0.0
ch2_ecommerce_behavior,val,1055,C08718,0.0
ch2_ecommerce_behavior,val,1056,C00096,0.0
ch2_ecommerce_behavior,val,1057,C07005,0.0
ch2_ecommerce_behavior,val,1058,C04242,1.0
ch2_ecommerce_behavior,val,1059,C02726,0.0
ch2_ecommerce_behavior,val,1060,C03528,0.0
ch2_ecommerce_behavior,val,1061,C06290,0.0
ch2_ecommerce_behavior,val,1062,C03197,0.0
ch2_ecommerce_behavior,val,1063,C01006,0.0
ch2_ecommerce_behavior,val,1064,C00879,0.0
ch2_ecommerce_behavior,val,1065,C06668,0.0
ch2_ecommerce_behavior,val,1066,C07626,0.0
ch2_ecommerce_behavior,val,1067,C08009,0.0
ch2_ecommerce_behavior,val,1068,C01192,0.0
ch2_ecommerce_behavior,val,1069,C06763,0.0
ch2_ecommerce_behavior,val,1070,C00585,0.0
ch2_ecommerce_behavior,val,1071,C03233,1.0
ch2_ecommerce_behavior,val,1072,C08806,0.0
ch2_ecommerce_behavior,val,1073,C01569,0.0
ch2_ecommerce_behavior,val,1074,C02999,0.0
ch2_ecommerce_behavior,val,1075,C00208,0.0
ch2_ecommerce_behavior,val,1076,C06737,1.0
ch2_ecommerce_behavior,val,1077,C02894,0.0
ch2_ecommerce_behavior,val,1078,C05167,0.0
ch2_ecommerce_behavior,val,1079,C07151,0.0
ch2_ecommerce_behavior,val,1080,C08102,0.0
ch2_ecommerce_behavior,val,1081,C06724,0.0
ch2_ecommerce_behavior,val,1082,C08176,0.0
ch2_ecommerce_behavior,val,1083,C08663,0.0
ch2_ecommerce_behavior,val,1084,C08694,0.0
ch2_ecommerce_behavior,val,1085,C09326,0.0
ch2_ecommerce_behavior,val,1086,C05120,0.0
ch2_ecommerce_behavior,val,1087,C03996,0.0
ch2_ecommerce_behavior,val,1088,C02390,0.0
ch2_ecommerce_behavior,val,1089,C08964,0.0
ch2_ecommerce_behavior,val,1090,C07950,1.0
ch2_ecommerce_behavior,val,1091,C05304,0.0
ch2_ecommerce_behavior,val,1092,C06876,0.0
ch2_ecommerce_behavior,val,1093,C04374,0.0
ch2_ecommerce_behavior,val,1094,C02248,0.0
ch2_ecommerce_behavior,val,1095,C02491,0.0
ch2_ecommerce_behavior,val,1096,C02527,0.0
ch2_ecommerce_behavior,val,1097,C00258,0.0
ch2_ecommerce_behavior,val,1098,C04403,0.0
ch2_ecommerce_behavior,val,1099,C07386,0.0
ch2_ecommerce_behavior,val,1100,C00957,0.0
ch2_ecommerce_behavior,val,1101,C03632,0.0
ch2_ecommerce_behavior,val,1102,C03930,0.0
ch2_ecommerce_behavior,val,1103,C02758,0.0
ch2_ecommerce_behavior,val,1104,C03871,0.0
ch2_ecommerce_behavior,val,1105,C03417,0.0
ch2_ecommerce_behavior,val,1106,C04694,0.0
ch2_ecommerce_behavior,val,1107,C04334,0.0
ch2_ecommerce_behavior,val,1108,C01457,0.0
ch2_ecommerce_behavior,val,1109,C07498,0.0
ch2_ecommerce_behavior,val,1110,C07415,0.0
ch2_ecommerce_behavior,val,1111,C00181,0.0
ch2_ecommerce_behavior,val,1112,C05148,0.0
ch2_ecommerce_behavior,val,1113,C03710,0.0
ch2_ecommerce_behavior,val,1114,C01194,0.0
ch2_ecommerce_behavior,val,1115,C02885,0.0
ch2_ecommerce_behavior,val,1116,C00992,0.0
ch2_ecommerce_behavior,val,1117,C03589,0.0
ch2_ecommerce_behavior,val,1118,C07235,0.0
ch2_ecommerce_behavior,val,1119,C04361,0.0
ch2_ecommerce_behavior,val,1120,C04386,0.0
ch2_ecommerce_behavior,val,1121,C02798,0.0
ch2_ecommerce_behavior,val,1122,C01114,1.0
ch2_ecommerce_behavior,val,1123,C01078,0.0
ch2_ecommerce_behavior,val,1124,C07282,1.0
ch2_ecommerce_behavior,val,1125,C04735,0.0
ch2_ecommerce_behavior,val,1126,C03064,0.0
ch2_ecommerce_behavior,val,1127,C03328,0.0
ch2_ecommerce_behavior,val,1128,C00476,0.0
ch2_ecommerce_behavior,val,1129,C08487,0.0
ch2_ecommerce_behavior,val,1130,C08304,0.0
ch2_ecommerce_behavior,val,1131,C05516,0.0
ch2_ecommerce_behavior,val,1132,C03564,1.0
ch2_ecommerce_behavior,val,1133,C00156,0.0
ch2_ecommerce_behavior,val,1134,C01598,1.0
ch2_ecommerce_behavior,val,1135,C02076,1.0
ch2_ecommerce_behavior,val,1136,C02649,0.0
ch2_ecommerce_behavior,val,1137,C04416,0.0
ch2_ecommerce_behavior,val,1138,C04617,1.0
ch2_ecommerce_behavior,val,1139,C08946,0.0
ch2_ecommerce_behavior,val,1140,C03312,1.0
ch2_ecommerce_behavior,val,1141,C03128,0.0
ch2_ecommerce_behavior,val,1142,C02478,0.0
ch2_ecommerce_behavior,val,1143,C02583,0.0
ch2_ecommerce_behavior,val,1144,C09197,0.0
ch2_ecommerce_behavior,val,1145,C08347,1.0
ch2_ecommerce_behavior,val,1146,C05400,0.0
ch2_ecommerce_behavior,val,1147,C00571,0.0
ch2_ecommerce_behavior,val,1148,C04590,0.0
ch2_ecommerce_behavior,val,1149,C05061,0.0
ch2_ecommerce_behavior,val,1150,C00983,0.0
ch2_ecommerce_behavior,val,1151,C04768,0.0
ch2_ecommerce_behavior,val,1152,C06485,0.0
ch2_ecommerce_behavior,val,1153,C06257,0.0
ch2_ecommerce_behavior,val,1154,C09866,0.0
ch2_ecommerce_behavior,val,1155,C04987,1.0
ch2_ecommerce_behavior,val,1156,C00679,0.0
ch2_ecommerce_behavior,val,1157,C02246,0.0
ch2_ecommerce_behavior,val,1158,C03227,0.0
ch2_ecommerce_behavior,val,1159,C02019,0.0
ch2_ecommerce_behavior,val,1160,C06269,0.0
ch2_ecommerce_behavior,val,1161,C02898,0.0
ch2_ecommerce_behavior,val,1162,C07605,0.0
ch2_ecommerce_behavior,val,1163,C02498,0.0
ch2_ecommerce_behavior,val,1164,C05501,0.0
ch2_ecommerce_behavior,val,1165,C08783,1.0
ch2_ecommerce_behavior,val,1166,C03619,0.0
ch2_ecommerce_behavior,val,1167,C09450,0.0
ch2_ecommerce_behavior,val,1168,C05847,0.0
ch2_ecommerce_behavior,val,1169,C04566,0.0
ch2_ecommerce_behavior,val,1170,C02264,0.0
ch2_ecommerce_behavior,val,1171,C06989,0.0
ch2_ecommerce_behavior,val,1172,C02817,0.0
ch2_ecommerce_behavior,val,1173,C00215,0.0
ch2_ecommerce_behavior,val,1174,C08054,0.0
ch2_ecommerce_behavior,val,1175,C08255,0.0
ch2_ecommerce_behavior,val,1176,C03728,1.0
ch2_ecommerce_behavior,val,1177,C01394,0.0
ch2_ecommerce_behavior,val,1178,C07403,0.0
ch2_ecommerce_behavior,val,1179,C07360,0.0
ch2_ecommerce_behavior,val,1180,C02570,0.0
ch2_ecommerce_behavior,val,1181,C08143,0.0
ch2_ecommerce_behavior,val,1182,C00389,0.0
ch2_ecommerce_behavior,val,1183,C07771,1.0
ch2_ecommerce_behavior,val,1184,C09123,0.0
ch2_ecommerce_behavior,val,1185,C01461,0.0
ch2_ecommerce_behavior,val,1186,C03196,0.0
ch2_ecommerce_behavior,val,1187,C04231,0.0
ch2_ecommerce_behavior,val,1188,C08575,0.0
ch2_ecommerce_behavior,val,1189,C06373,0.0
ch2_ecommerce_behavior,val,1190,C00053,0.0
ch2_ecommerce_behavior,val,1191,C04371,0.0
ch2_ecommerce_behavior,val,1192,C03045,0.0
ch2_ecommerce_behavior,val,1193,C00860,0.0
ch2_ecommerce_behavior,val,1194,C05073,1.0
ch2_ecommerce_behavior,val,1195,C08432,0.0
ch2_ecommerce_behavior,val,1196,C08879,0.0
ch2_ecommerce_behavior,val,1197,C06730,0.0
ch2_ecommerce_behavior,val,1198,C02643,0.0
ch2_ecommerce_behavior,val,1199,C02319,0.0
ch2_ecommerce_behavior,val,1200,C05082,1.0
ch2_ecommerce_behavior,val,1201,C09858,0.0
ch2_ecommerce_behavior,val,1202,C02056,1.0
ch2_ecommerce_behavior,val,1203,C03724,0.0
ch2_ecommerce_behavior,val,1204,C00575,0.0
ch2_ecommerce_behavior,val,1205,C04985,0.0
ch2_ecommerce_behavior,val,1206,C09517,0.0
ch2_ecommerce_behavior,val,1207,C07068,0.0
ch2_ecommerce_behavior,val,1208,C01502,0.0
ch2_ecommerce_behavior,val,1209,C02046,1.0
ch2_ecommerce_behavior,val,1210,C00629,0.0
ch2_ecommerce_behavior,val,1211,C07615,0.0
ch2_ecommerce_behavior,val,1212,C06066,1.0
ch2_ecommerce_behavior,val,1213,C05236,0.0
ch2_ecommerce_behavior,val,1214,C04355,1.0
ch2_ecommerce_behavior,val,1215,C05138,0.0
ch2_ecommerce_behavior,val,1216,C00966,1.0
ch2_ecommerce_behavior,val,1217,C00746,1.0
ch2_ecommerce_behavior,val,1218,C04158,1.0
ch2_ecommerce_behavior,val,1219,C07092,0.0
ch2_ecommerce_behavior,val,1220,C04724,1.0
ch2_ecommerce_behavior,val,1221,C04879,1.0
ch2_ecommerce_behavior,val,1222,C01645,0.0
ch2_ecommerce_behavior,val,1223,C05297,0.0
ch2_ecommerce_behavior,val,1224,C08087,0.0
ch2_ecommerce_behavior,val,1225,C00716,0.0
ch2_ecommerce_behavior,val,1226,C05942,1.0
ch2_ecommerce_behavior,val,1227,C05055,0.0
ch2_ecommerce_behavior,val,1228,C01834,0.0
ch2_ecommerce_behavior,val,1229,C01974,0.0
ch2_ecommerce_behavior,val,1230,C01823,1.0
ch2_ecommerce_behavior,val,1231,C05146,0.0
ch2_ecommerce_behavior,val,1232,C07073,0.0
ch2_ecommerce_behavior,val,1233,C05908,1.0
ch2_ecommerce_behavior,val,1234,C08700,0.0
ch2_ecommerce_behavior,val,1235,C08169,0.0
ch2_ecommerce_behavior,val,1236,C09715,0.0
ch2_ecommerce_behavior,val,1237,C08223,0.0
ch2_ecommerce_behavior,val,1238,C07259,1.0
ch2_ecommerce_behavior,val,1239,C06476,0.0
ch2_ecommerce_behavior,val,1240,C05109,0.0
ch2_ecommerce_behavior,val,1241,C09033,0.0
ch2_ecommerce_behavior,val,1242,C05449,0.0
ch2_ecommerce_behavior,val,1243,C09527,0.0
ch2_ecommerce_behavior,val,1244,C02914,0.0
ch2_ecommerce_behavior,val,1245,C05888,0.0
ch2_ecommerce_behavior,val,1246,C05987,0.0
ch2_ecommerce_behavior,val,1247,C05504,0.0
ch2_ecommerce_behavior,val,1248,C07011,0.0
ch2_ecommerce_behavior,val,1249,C06203,0.0
ch2_ecommerce_behavior,val,1250,C01349,1.0
ch2_ecommerce_behavior,val,1251,C07579,0.0
ch2_ecommerce_behavior,val,1252,C07108,0.0
ch2_ecommerce_behavior,val,1253,C08442,0.0
ch2_ecommerce_behavior,val,1254,C08370,0.0
ch2_ecommerce_behavior,val,1255,C03799,1.0
ch2_ecommerce_behavior,val,1256,C07468,0.0
ch2_ecommerce_behavior,val,1257,C09464,0.0
ch2_ecommerce_behavior,val,1258,C04286,0.0
ch2_ecommerce_behavior,val,1259,C04867,0.0
ch2_ecommerce_behavior,val,1260,C06627,0.0
ch2_ecommerce_behavior,val,1261,C04661,0.0
ch2_ecommerce_behavior,val,1262,C00343,0.0
ch2_ecommerce_behavior,val,1263,C09637,0.0
ch2_ecommerce_behavior,val,1264,C01805,0.0
ch2_ecommerce_behavior,val,1265,C07677,1.0
ch2_ecommerce_behavior,val,1266,C03412,0.0
ch2_ecommerce_behavior,val,1267,C05762,0.0
ch2_ecommerce_behavior,val,1268,C06972,0.0
ch2_ecommerce_behavior,val,1269,C07149,0.0
ch2_ecommerce_behavior,val,1270,C08402,0.0
ch2_ecommerce_behavior,val,1271,C08070,1.0
ch2_ecommerce_behavior,val,1272,C07805,0.0
ch2_ecommerce_behavior,val,1273,C07899,0.0
ch2_ecommerce_behavior,val,1274,C02026,0.0
ch2_ecommerce_behavior,val,1275,C04517,1.0
ch2_ecommerce_behavior,val,1276,C07021,1.0
ch2_ecommerce_behavior,val,1277,C07353,1.0
ch2_ecommerce_behavior,val,1278,C00114,0.0
ch2_ecommerce_behavior,val,1279,C09189,0.0
ch2_ecommerce_behavior,val,1280,C04604,0.0
ch2_ecommerce_behavior,val,1281,C00324,0.0
ch2_ecommerce_behavior,val,1282,C00597,0.0
ch2_ecommerce_behavior,val,1283,C00828,0.0
ch2_ecommerce_behavior,val,1284,C00750,0.0
ch2_ecommerce_behavior,val,1285,C05700,0.0
ch2_ecommerce_behavior,val,1286,C00233,1.0
ch2_ecommerce_behavior,val,1287,C03421,0.0
ch2_ecommerce_behavior,val,1288,C06567,0.0
ch2_ecommerce_behavior,val,1289,C09795,1.0
ch2_ecommerce_behavior,val,1290,C06272,0.0
ch2_ecommerce_behavior,val,1291,C02781,0.0
ch2_ecommerce_behavior,val,1292,C07134,0.0
ch2_ecommerce_behavior,val,1293,C01346,0.0
ch2_ecommerce_behavior,val,1294,C03025,0.0
ch2_ecommerce_behavior,val,1295,C08152,0.0
ch2_ecommerce_behavior,val,1296,C07706,1.0
ch2_ecommerce_behavior,val,1297,C05437,0.0
ch2_ecommerce_behavior,val,1298,C01405,1.0
ch2_ecommerce_behavior,val,1299,C06374,0.0
ch2_ecommerce_behavior,val,1300,C07180,0.0
ch2_ecommerce_behavior,val,1301,C09179,0.0
ch2_ecommerce_behavior,val,1302,C06515,0.0
ch2_ecommerce_behavior,val,1303,C08067,0.0
ch2_ecommerce_behavior,val,1304,C08873,0.0
ch2_ecommerce_behavior,val,1305,C06467,0.0
ch2_ecommerce_behavior,val,1306,C04899,0.0
ch2_ecommerce_behavior,val,1307,C09127,0.0
ch2_ecommerce_behavior,val,1308,C07416,0.0
ch2_ecommerce_behavior,val,1309,C02909,0.0
ch2_ecommerce_behavior,val,1310,C07790,0.0
ch2_ecommerce_behavior,val,1311,C02226,1.0
ch2_ecommerce_behavior,val,1312,C00644,0.0
ch2_ecommerce_behavior,val,1313,C00950,0.0
ch2_ecommerce_behavior,val,1314,C07912,0.0
ch2_ecommerce_behavior,val,1315,C00627,0.0
ch2_ecommerce_behavior,val,1316,C06400,0.0
ch2_ecommerce_behavior,val,1317,C07815,0.0
ch2_ecommerce_behavior,val,1318,C00819,0.0
ch2_ecommerce_behavior,val,1319,C09940,0.0
ch2_ecommerce_behavior,val,1320,C00914,0.0
ch2_ecommerce_behavior,val,1321,C06097,0.0
ch2_ecommerce_behavior,val,1322,C01047,0.0
ch2_ecommerce_behavior,val,1323,C04104,0.0
ch2_ecommerce_behavior,val,1324,C01960,0.0
ch2_ecommerce_behavior,val,1325,C09663,0.0
ch2_ecommerce_behavior,val,1326,C08895,0.0
ch2_ecommerce_behavior,val,1327,C01310,0.0
ch2_ecommerce_behavior,val,1328,C05435,0.0
ch2_ecommerce_behavior,val,1329,C07567,0.0
ch2_ecommerce_behavior,val,1330,C05858,0.0
ch2_ecommerce_behavior,val,1331,C04484,0.0
ch2_ecommerce_behavior,val,1332,C04569,0.0
ch2_ecommerce_behavior,val,1333,C05087,0.0
ch2_ecommerce_behavior,val,1334,C00210,1.0
ch2_ecommerce_behavior,val,1335,C06281,0.0
ch2_ecommerce_behavior,val,1336,C06907,0.0
ch2_ecommerce_behavior,val,1337,C03781,0.0
ch2_ecommerce_behavior,val,1338,C00504,0.0
ch2_ecommerce_behavior,val,1339,C09388,0.0
ch2_ecommerce_behavior,val,1340,C05788,0.0
ch2_ecommerce_behavior,val,1341,C07275,0.0
ch2_ecommerce_behavior,val,1342,C08897,0.0
ch2_ecommerce_behavior,val,1343,C00035,0.0
ch2_ecommerce_behavior,val,1344,C00345,1.0
ch2_ecommerce_behavior,val,1345,C00510,0.0
ch2_ecommerce_behavior,val,1346,C06004,0.0
ch2_ecommerce_behavior,val,1347,C01758,0.0
ch2_ecommerce_behavior,val,1348,C05935,0.0
ch2_ecommerce_behavior,val,1349,C07634,0.0
ch2_ecommerce_behavior,val,1350,C01530,1.0
ch2_ecommerce_behavior,val,1351,C06725,0.0
ch2_ecommerce_behavior,val,1352,C02627,0.0
ch2_ecommerce_behavior,val,1353,C07726,0.0
ch2_ecommerce_behavior,val,1354,C01559,0.0
ch2_ecommerce_behavior,val,1355,C02919,0.0
ch2_ecommerce_behavior,val,1356,C09560,0.0
ch2_ecommerce_behavior,val,1357,C08134,1.0
ch2_ecommerce_behavior,val,1358,C08502,0.0
ch2_ecommerce_behavior,val,1359,C01428,0.0
ch2_ecommerce_behavior,val,1360,C02070,0.0
ch2_ecommerce_behavior,val,1361,C04960,0.0
ch2_ecommerce_behavior,val,1362,C07779,0.0
ch2_ecommerce_behavior,val,1363,C03296,0.0
ch2_ecommerce_behavior,val,1364,C08529,0.0
ch2_ecommerce_behavior,val,1365,C04755,0.0
ch2_ecommerce_behavior,val,1366,C09178,1.0
ch2_ecommerce_behavior,val,1367,C07993,0.0
ch2_ecommerce_behavior,val,1368,C02447,1.0
ch2_ecommerce_behavior,val,1369,C00550,0.0
ch2_ecommerce_behavior,val,1370,C00069,0.0
ch2_ecommerce_behavior,val,1371,C09731,0.0
ch2_ecommerce_behavior,val,1372,C04749,1.0
ch2_ecommerce_behavior,val,1373,C06337,0.0
ch2_ecommerce_behavior,val,1374,C03643,0.0
ch2_ecommerce_behavior,val,1375,C09894,0.0
ch2_ecommerce_behavior,val,1376,C06766,0.0
ch2_ecommerce_behavior,val,1377,C02096,0.0
ch2_ecommerce_behavior,val,1378,C01601,0.0
ch2_ecommerce_behavior,val,1379,C00029,0.0
ch2_ecommerce_behavior,val,1380,C08404,0.0
ch2_ecommerce_behavior,val,1381,C00347,1.0
ch2_ecommerce_behavior,val,1382,C00770,1.0
ch2_ecommerce_behavior,val,1383,C05443,0.0
ch2_ecommerce_behavior,val,1384,C00220,0.0
ch2_ecommerce_behavior,val,1385,C08612,0.0
ch2_ecommerce_behavior,val,1386,C05327,0.0
ch2_ecommerce_behavior,val,1387,C05765,1.0
ch2_ecommerce_behavior,val,1388,C03994,0.0
ch2_ecommerce_behavior,val,1389,C03419,0.0
ch2_ecommerce_behavior,val,1390,C09430,0.0
ch2_ecommerce_behavior,val,1391,C03663,0.0
ch2_ecommerce_behavior,val,1392,C07556,1.0
ch2_ecommerce_behavior,val,1393,C05656,0.0
ch2_ecommerce_behavior,val,1394,C01557,0.0
ch2_ecommerce_behavior,val,1395,C07749,0.0
ch2_ecommerce_behavior,val,1396,C04174,0.0
ch2_ecommerce_behavior,val,1397,C02327,0.0
ch2_ecommerce_behavior,val,1398,C09028,0.0
ch2_ecommerce_behavior,val,1399,C09203,0.0
ch2_ecommerce_behavior,val,1400,C09205,0.0
ch2_ecommerce_behavior,val,1401,C07448,0.0
ch2_ecommerce_behavior,val,1402,C04826,0.0
ch2_ecommerce_behavior,val,1403,C01250,1.0
ch2_ecommerce_behavior,val,1404,C05608,1.0
ch2_ecommerce_behavior,val,1405,C06321,1.0
ch2_ecommerce_behavior,val,1406,C01081,0.0
ch2_ecommerce_behavior,val,1407,C06235,0.0
ch2_ecommerce_behavior,val,1408,C01888,0.0
ch2_ecommerce_behavior,val,1409,C08231,0.0
ch2_ecommerce_behavior,val,1410,C08507,0.0
ch2_ecommerce_behavior,val,1411,C00753,0.0
ch2_ecommerce_behavior,val,1412,C01356,0.0
ch2_ecommerce_behavior,val,1413,C08412,0.0
ch2_ecommerce_behavior,val,1414,C05602,0.0
ch2_ecommerce_behavior,val,1415,C01015,0.0
ch2_ecommerce_behavior,val,1416,C05347,0.0
ch2_ecommerce_behavior,val,1417,C05790,0.0
ch2_ecommerce_behavior,val,1418,C00719,1.0
ch2_ecommerce_behavior,val,1419,C04520,0.0
ch2_ecommerce_behavior,val,1420,C00506,0.0
ch2_ecommerce_behavior,val,1421,C06020,1.0
ch2_ecommerce_behavior,val,1422,C04813,0.0
ch2_ecommerce_behavior,val,1423,C05166,0.0
ch2_ecommerce_behavior,val,1424,C00202,0.0
ch2_ecommerce_behavior,val,1425,C05088,0.0
ch2_ecommerce_behavior,val,1426,C00392,0.0
ch2_ecommerce_behavior,val,1427,C04381,0.0
ch2_ecommerce_behavior,val,1428,C08316,0.0
ch2_ecommerce_behavior,val,1429,C05147,0.0
ch2_ecommerce_behavior,val,1430,C00698,0.0
ch2_ecommerce_behavior,val,1431,C01245,1.0
ch2_ecommerce_behavior,val,1432,C07829,0.0
ch2_ecommerce_behavior,val,1433,C00875,0.0
ch2_ecommerce_behavior,val,1434,C01901,0.0
ch2_ecommerce_behavior,val,1435,C08300,0.0
ch2_ecommerce_behavior,val,1436,C05322,0.0
ch2_ecommerce_behavior,val,1437,C08289,0.0
ch2_ecommerce_behavior,val,1438,C07692,0.0
ch2_ecommerce_behavior,val,1439,C02521,0.0
ch2_ecommerce_behavior,val,1440,C00971,0.0
ch2_ecommerce_behavior,val,1441,C01045,0.0
ch2_ecommerce_behavior,val,1442,C03083,0.0
ch2_ecommerce_behavior,val,1443,C05396,0.0
ch2_ecommerce_behavior,val,1444,C01604,0.0
ch2_ecommerce_behavior,val,1445,C03107,0.0
ch2_ecommerce_behavior,val,1446,C05079,0.0
ch2_ecommerce_behavior,val,1447,C04916,1.0
ch2_ecommerce_behavior,val,1448,C04856,0.0
ch2_ecommerce_behavior,val,1449,C03168,0.0
ch2_ecommerce_behavior,val,1450,C03979,0.0
ch2_ecommerce_behavior,val,1451,C07003,0.0
ch2_ecommerce_behavior,val,1452,C01804,1.0
ch2_ecommerce_behavior,val,1453,C08174,0.0
ch2_ecommerce_behavior,val,1454,C06126,1.0
ch2_ecommerce_behavior,val,1455,C03392,1.0
ch2_ecommerce_behavior,val,1456,C07674,0.0
ch2_ecommerce_behavior,val,1457,C01964,0.0
ch2_ecommerce_behavior,val,1458,C09750,1.0
ch2_ecommerce_behavior,val,1459,C04220,0.0
ch2_ecommerce_behavior,val,1460,C04442,0.0
ch2_ecommerce_behavior,val,1461,C06833,1.0
ch2_ecommerce_behavior,val,1462,C07888,0.0
ch2_ecommerce_behavior,val,1463,C02211,1.0
ch2_ecommerce_behavior,val,1464,C01614,0.0
ch2_ecommerce_behavior,val,1465,C05838,0.0
ch2_ecommerce_behavior,val,1466,C05363,0.0
ch2_ecommerce_behavior,val,1467,C07990,0.0
ch2_ecommerce_behavior,val,1468,C03612,0.0
ch2_ecommerce_behavior,val,1469,C08549,0.0
ch2_ecommerce_behavior,val,1470,C04474,0.0
ch2_ecommerce_behavior,val,1471,C08969,1.0
ch2_ecommerce_behavior,val,1472,C04912,0.0
ch2_ecommerce_behavior,val,1473,C00680,0.0
ch2_ecommerce_behavior,val,1474,C01467,0.0
ch2_ecommerce_behavior,val,1475,C08517,0.0
ch2_ecommerce_behavior,val,1476,C04367,0.0
ch2_ecommerce_behavior,val,1477,C04518,0.0
ch2_ecommerce_behavior,val,1478,C05425,0.0
ch2_ecommerce_behavior,val,1479,C09561,0.0
ch2_ecommerce_behavior,val,1480,C01468,0.0
ch2_ecommerce_behavior,val,1481,C03304,0.0
ch2_ecommerce_behavior,val,1482,C00613,0.0
ch2_ecommerce_behavior,val,1483,C07970,0.0
ch2_ecommerce_behavior,val,1484,C04608,1.0
ch2_ecommerce_behavior,val,1485,C09939,0.0
ch2_ecommerce_behavior,val,1486,C02762,1.0
ch2_ecommerce_behavior,val,1487,C09655,0.0
ch2_ecommerce_behavior,val,1488,C03717,0.0
ch2_ecommerce_behavior,val,1489,C08168,1.0
ch2_ecommerce_behavior,val,1490,C09419,1.0
ch2_ecommerce_behavior,val,1491,C01348,0.0
ch2_ecommerce_behavior,val,1492,C01074,0.0
ch2_ecommerce_behavior,val,1493,C07656,0.0
ch2_ecommerce_behavior,val,1494,C07518,0.0
ch2_ecommerce_behavior,val,1495,C06846,0.0
ch2_ecommerce_behavior,val,1496,C09261,0.0
ch2_ecommerce_behavior,val,1497,C09404,0.0
ch2_ecommerce_behavior,val,1498,C00977,0.0
ch2_ecommerce_behavior,val,1499,C00247,0.0
ch2_ecommerce_behavior,val,1500,C02073,0.0
ch2_ecommerce_behavior,val,1501,C03630,1.0
ch2_ecommerce_behavior,val,1502,C01514,0.0
ch2_ecommerce_behavior,val,1503,C06200,0.0
ch2_ecommerce_behavior,val,1504,C03089,0.0
ch2_ecommerce_behavior,val,1505,C07832,0.0
ch2_ecommerce_behavior,val,1506,C08710,0.0
ch2_ecommerce_behavior,val,1507,C08526,0.0
ch2_ecommerce_behavior,val,1508,C04190,0.0
ch2_ecommerce_behavior,val,1509,C01233,0.0
ch2_ecommerce_behavior,val,1510,C08089,0.0
ch2_ecommerce_behavior,val,1511,C02596,1.0
ch2_ecommerce_behavior,val,1512,C07143,1.0
ch2_ecommerce_behavior,val,1513,C09608,1.0
ch2_ecommerce_behavior,val,1514,C05703,0.0
ch2_ecommerce_behavior,val,1515,C09726,0.0
ch2_ecommerce_behavior,val,1516,C07114,0.0
ch2_ecommerce_behavior,val,1517,C07708,0.0
ch2_ecommerce_behavior,val,1518,C02867,0.0
ch2_ecommerce_behavior,val,1519,C00701,0.0
ch2_ecommerce_behavior,val,1520,C05801,0.0
ch2_ecommerce_behavior,val,1521,C07941,0.0
ch2_ecommerce_behavior,val,1522,C06702,0.0
ch2_ecommerce_behavior,val,1523,C04087,1.0
ch2_ecommerce_behavior,val,1524,C00494,0.0
ch2_ecommerce_behavior,val,1525,C05197,0.0
ch2_ecommerce_behavior,val,1526,C07665,0.0
ch2_ecommerce_behavior,val,1527,C04420,1.0
ch2_ecommerce_behavior,val,1528,C01955,0.0
ch2_ecommerce_behavior,val,1529,C03768,0.0
ch2_ecommerce_behavior,val,1530,C02610,0.0
ch2_ecommerce_behavior,val,1531,C06427,0.0
ch2_ecommerce_behavior,val,1532,C06781,1.0
ch2_ecommerce_behavior,val,1533,C03628,0.0
ch2_ecommerce_behavior,val,1534,C01942,0.0
ch2_ecommerce_behavior,val,1535,C04551,0.0
ch2_ecommerce_behavior,val,1536,C01733,0.0
ch2_ecommerce_behavior,val,1537,C00847,0.0
ch2_ecommerce_behavior,val,1538,C05418,0.0
ch2_ecommerce_behavior,val,1539,C09213,0.0
ch2_ecommerce_behavior,val,1540,C06015,0.0
ch2_ecommerce_behavior,val,1541,C01046,0.0
ch2_ecommerce_behavior,val,1542,C04689,0.0
ch2_ecommerce_behavior,val,1543,C07210,0.0
ch2_ecommerce_behavior,val,1544,C01350,0.0
ch2_ecommerce_behavior,val,1545,C02255,0.0
ch2_ecommerce_behavior,val,1546,C04532,0.0
ch2_ecommerce_behavior,val,1547,C05992,1.0
ch2_ecommerce_behavior,val,1548,C04407,0.0
ch2_ecommerce_behavior,val,1549,C05617,0.0
ch2_ecommerce_behavior,val,1550,C01726,0.0
ch2_ecommerce_behavior,val,1551,C08434,0.0
ch2_ecommerce_behavior,val,1552,C09847,0.0
ch2_ecommerce_behavior,val,1553,C08186,0.0
ch2_ecommerce_behavior,val,1554,C03834,0.0
ch2_ecommerce_behavior,val,1555,C00760,0.0
ch2_ecommerce_behavior,val,1556,C09865,0.0
ch2_ecommerce_behavior,val,1557,C02883,0.0
ch2_ecommerce_behavior,val,1558,C05284,0.0
ch2_ecommerce_behavior,val,1559,C04818,0.0
ch2_ecommerce_behavior,val,1560,C01108,1.0
ch2_ecommerce_behavior,val,1561,C02796,0.0
ch2_ecommerce_behavior,val,1562,C02054,0.0
ch2_ecommerce_behavior,val,1563,C04507,0.0
ch2_ecommerce_behavior,val,1564,C07368,0.0
ch2_ecommerce_behavior,val,1565,C04325,0.0
ch2_ecommerce_behavior,val,1566,C07833,0.0
ch2_ecommerce_behavior,val,1567,C09809,0.0
ch2_ecommerce_behavior,val,1568,C04478,0.0
ch2_ecommerce_behavior,val,1569,C09749,0.0
ch2_ecommerce_behavior,val,1570,C08560,0.0
ch2_ecommerce_behavior,val,1571,C09584,0.0
ch2_ecommerce_behavior,val,1572,C09334,0.0
ch2_ecommerce_behavior,val,1573,C09932,0.0
ch2_ecommerce_behavior,val,1574,C03408,1.0
ch2_ecommerce_behavior,val,1575,C09465,0.0
ch2_ecommerce_behavior,val,1576,C00415,1.0
ch2_ecommerce_behavior,val,1577,C09922,0.0
ch2_ecommerce_behavior,val,1578,C06929,0.0
ch2_ecommerce_behavior,val,1579,C04112,0.0
ch2_ecommerce_behavior,val,1580,C04554,0.0
ch2_ecommerce_behavior,val,1581,C00776,0.0
ch2_ecommerce_behavior,val,1582,C08924,0.0
ch2_ecommerce_behavior,val,1583,C05244,0.0
ch2_ecommerce_behavior,val,1584,C00806,0.0
ch2_ecommerce_behavior,val,1585,C06952,1.0
ch2_ecommerce_behavior,val,1586,C09918,0.0
ch2_ecommerce_behavior,val,1587,C02298,1.0
ch2_ecommerce_behavior,val,1588,C06398,0.0
ch2_ecommerce_behavior,val,1589,C05454,0.0
ch2_ecommerce_behavior,val,1590,C08181,0.0
ch2_ecommerce_behavior,val,1591,C07063,0.0
ch2_ecommerce_behavior,val,1592,C04714,1.0
ch2_ecommerce_behavior,val,1593,C03068,0.0
ch2_ecommerce_behavior,val,1594,C06212,0.0
ch2_ecommerce_behavior,val,1595,C06577,0.0
ch2_ecommerce_behavior,val,1596,C07126,0.0
ch2_ecommerce_behavior,val,1597,C09407,0.0
ch2_ecommerce_behavior,val,1598,C00028,0.0
ch2_ecommerce_behavior,val,1599,C03136,0.0
ch2_ecommerce_behavior,test,0,C08861,0.0
ch2_ecommerce_behavior,test,1,C07267,0.0
ch2_ecommerce_behavior,test,2,C04884,0.0
ch2_ecommerce_behavior,test,3,C07552,0.0
ch2_ecommerce_behavior,test,4,C06438,0.0
ch2_ecommerce_behavior,test,5,C05621,0.0
ch2_ecommerce_behavior,test,6,C01392,0.0
ch2_ecommerce_behavior,test,7,C00493,0.0
ch2_ecommerce_behavior,test,8,C04972,0.0
ch2_ecommerce_behavior,test,9,C04054,0.0
ch2_ecommerce_behavior,test,10,C08288,0.0
ch2_ecommerce_behavior,test,11,C01939,0.0
ch2_ecommerce_behavior,test,12,C02025,0.0
ch2_ecommerce_behavior,test,13,C02380,0.0
ch2_ecommerce_behavior,test,14,C03975,0.0
ch2_ecommerce_behavior,test,15,C05541,0.0
ch2_ecommerce_behavior,test,16,C03692,0.0
ch2_ecommerce_behavior,test,17,C08439,1.0
ch2_ecommerce_behavior,test,18,C05981,0.0
ch2_ecommerce_behavior,test,19,C07364,0.0
ch2_ecommerce_behavior,test,20,C01610,0.0
ch2_ecommerce_behavior,test,21,C06507,1.0
ch2_ecommerce_behavior,test,22,C01968,0.0
ch2_ecommerce_behavior,test,23,C06931,1.0
ch2_ecommerce_behavior,test,24,C02996,0.0
ch2_ecommerce_behavior,test,25,C05593,0.0
ch2_ecommerce_behavior,test,26,C08580,0.0
ch2_ecommerce_behavior,test,27,C01561,0.0
ch2_ecommerce_behavior,test,28,C02000,0.0
ch2_ecommerce_behavior,test,29,C02868,0.0
ch2_ecommerce_behavior,test,30,C00006,0.0
ch2_ecommerce_behavior,test,31,C04329,0.0
ch2_ecommerce_behavior,test,32,C08800,1.0
ch2_ecommerce_behavior,test,33,C03838,0.0
ch2_ecommerce_behavior,test,34,C02311,0.0
ch2_ecommerce_behavior,test,35,C09723,0.0
ch2_ecommerce_behavior,test,36,C06648,0.0
ch2_ecommerce_behavior,test,37,C00467,0.0
ch2_ecommerce_behavior,test,38,C03611,0.0
ch2_ecommerce_behavior,test,39,C06270,0.0
ch2_ecommerce_behavior,test,40,C07379,0.0
ch2_ecommerce_behavior,test,41,C00241,0.0
ch2_ecommerce_behavior,test,42,C05916,0.0
ch2_ecommerce_behavior,test,43,C02004,1.0
ch2_ecommerce_behavior,test,44,C07406,0.0
ch2_ecommerce_behavior,test,45,C07338,0.0
ch2_ecommerce_behavior,test,46,C01034,0.0
ch2_ecommerce_behavior,test,47,C06036,0.0
ch2_ecommerce_behavior,test,48,C06647,0.0
ch2_ecommerce_behavior,test,49,C08917,0.0
ch2_ecommerce_behavior,test,50,C04623,0.0
ch2_ecommerce_behavior,test,51,C05058,0.0
ch2_ecommerce_behavior,test,52,C02525,0.0
ch2_ecommerce_behavior,test,53,C02230,0.0
ch2_ecommerce_behavior,test,54,C02399,0.0
ch2_ecommerce_behavior,test,55,C05972,0.0
ch2_ecommerce_behavior,test,56,C08825,0.0
ch2_ecommerce_behavior,test,57,C08781,1.0
ch2_ecommerce_behavior,test,58,C03554,0.0
ch2_ecommerce_behavior,test,59,C05174,0.0
ch2_ecommerce_behavior,test,60,C01653,0.0
ch2_ecommerce_behavior,test,61,C02187,0.0
ch2_ecommerce_behavior,test,62,C05918,0.0
ch2_ecommerce_behavior,test,63,C01584,0.0
ch2_ecommerce_behavior,test,64,C02266,1.0
ch2_ecommerce_behavior,test,65,C09829,0.0
ch2_ecommerce_behavior,test,66,C06491,0.0
ch2_ecommerce_behavior,test,67,C00481,1.0
ch2_ecommerce_behavior,test,68,C01372,0.0
ch2_ecommerce_behavior,test,69,C00297,0.0
ch2_ecommerce_behavior,test,70,C05112,0.0
ch2_ecommerce_behavior,test,71,C03895,0.0
ch2_ecommerce_behavior,test,72,C01087,0.0
ch2_ecommerce_behavior,test,73,C06655,0.0
ch2_ecommerce_behavior,test,74,C03741,0.0
ch2_ecommerce_behavior,test,75,C08611,0.0
ch2_ecommerce_behavior,test,76,C03517,0.0
ch2_ecommerce_behavior,test,77,C01361,0.0
ch2_ecommerce_behavior,test,78,C02924,0.0
ch2_ecommerce_behavior,test,79,C06959,0.0
ch2_ecommerce_behavior,test,80,C00192,0.0
ch2_ecommerce_behavior,test,81,C05557,0.0
ch2_ecommerce_behavior,test,82,C06675,0.0
ch2_ecommerce_behavior,test,83,C00458,0.0
ch2_ecommerce_behavior,test,84,C06099,1.0
ch2_ecommerce_behavior,test,85,C03667,0.0
ch2_ecommerce_behavior,test,86,C02198,1.0
ch2_ecommerce_behavior,test,87,C03492,0.0
ch2_ecommerce_behavior,test,88,C01132,0.0
ch2_ecommerce_behavior,test,89,C08864,0.0
ch2_ecommerce_behavior,test,90,C08265,0.0
ch2_ecommerce_behavior,test,91,C05897,0.0
ch2_ecommerce_behavior,test,92,C06890,0.0
ch2_ecommerce_behavior,test,93,C04733,1.0
ch2_ecommerce_behavior,test,94,C00880,0.0
ch2_ecommerce_behavior,test,95,C01729,1.0
ch2_ecommerce_behavior,test,96,C02731,1.0
ch2_ecommerce_behavior,test,97,C07140,0.0
ch2_ecommerce_behavior,test,98,C02111,1.0
ch2_ecommerce_behavior,test,99,C02976,0.0
ch2_ecommerce_behavior,test,100,C02323,0.0
ch2_ecommerce_behavior,test,101,C03499,0.0
ch2_ecommerce_behavior,test,102,C04135,1.0
ch2_ecommerce_behavior,test,103,C08557,0.0
ch2_ecommerce_behavior,test,104,C06095,0.0
ch2_ecommerce_behavior,test,105,C02172,0.0
ch2_ecommerce_behavior,test,106,C03058,1.0
ch2_ecommerce_behavior,test,107,C01069,0.0
ch2_ecommerce_behavior,test,108,C02995,0.0
ch2_ecommerce_behavior,test,109,C08135,1.0
ch2_ecommerce_behavior,test,110,C06823,0.0
ch2_ecommerce_behavior,test,111,C08441,1.0
ch2_ecommerce_behavior,test,112,C07685,0.0
ch2_ecommerce_behavior,test,113,C01100,0.0
ch2_ecommerce_behavior,test,114,C02949,0.0
ch2_ecommerce_behavior,test,115,C02732,0.0
ch2_ecommerce_behavior,test,116,C08790,0.0
ch2_ecommerce_behavior,test,117,C07227,0.0
ch2_ecommerce_behavior,test,118,C06378,0.0
ch2_ecommerce_behavior,test,119,C09315,0.0
ch2_ecommerce_behavior,test,120,C05833,0.0
ch2_ecommerce_behavior,test,121,C05848,1.0
ch2_ecommerce_behavior,test,122,C09736,1.0
ch2_ecommerce_behavior,test,123,C08056,1.0
ch2_ecommerce_behavior,test,124,C09118,0.0
ch2_ecommerce_behavior,test,125,C03111,0.0
ch2_ecommerce_behavior,test,126,C06223,0.0
ch2_ecommerce_behavior,test,127,C02469,0.0
ch2_ecommerce_behavior,test,128,C04360,0.0
ch2_ecommerce_behavior,test,129,C08182,0.0
ch2_ecommerce_behavior,test,130,C08619,1.0
ch2_ecommerce_behavior,test,131,C02930,0.0
ch2_ecommerce_behavior,test,132,C03150,0.0
ch2_ecommerce_behavior,test,133,C02356,0.0
ch2_ecommerce_behavior,test,134,C04730,0.0
ch2_ecommerce_behavior,test,135,C01762,1.0
ch2_ecommerce_behavior,test,136,C05753,0.0
ch2_ecommerce_behavior,test,137,C07761,0.0
ch2_ecommerce_behavior,test,138,C06202,0.0
ch2_ecommerce_behavior,test,139,C08046,0.0
ch2_ecommerce_behavior,test,140,C06842,0.0
ch2_ecommerce_behavior,test,141,C04540,0.0
ch2_ecommerce_behavior,test,142,C03782,0.0
ch2_ecommerce_behavior,test,143,C04430,0.0
ch2_ecommerce_behavior,test,144,C08138,0.0
ch2_ecommerce_behavior,test,145,C06215,0.0
ch2_ecommerce_behavior,test,146,C07486,0.0
ch2_ecommerce_behavior,test,147,C05589,0.0
ch2_ecommerce_behavior,test,148,C03020,0.0
ch2_ecommerce_behavior,test,149,C01896,0.0
ch2_ecommerce_behavior,test,150,C08565,0.0
ch2_ecommerce_behavior,test,151,C04021,0.0
ch2_ecommerce_behavior,test,152,C04409,0.0
ch2_ecommerce_behavior,test,153,C06275,0.0
ch2_ecommerce_behavior,test,154,C03121,0.0
ch2_ecommerce_behavior,test,155,C08822,0.0
ch2_ecommerce_behavior,test,156,C08827,1.0
ch2_ecommerce_behavior,test,157,C05869,0.0
ch2_ecommerce_behavior,test,158,C01679,1.0
ch2_ecommerce_behavior,test,159,C08509,0.0
ch2_ecommerce_behavior,test,160,C01439,1.0
ch2_ecommerce_behavior,test,161,C04327,0.0
ch2_ecommerce_behavior,test,162,C08903,0.0
ch2_ecommerce_behavior,test,163,C06878,0.0
ch2_ecommerce_behavior,test,164,C04029,0.0
ch2_ecommerce_behavior,test,165,C02944,0.0
ch2_ecommerce_behavior,test,166,C04784,1.0
ch2_ecommerce_behavior,test,167,C09147,0.0
ch2_ecommerce_behavior,test,168,C03822,1.0
ch2_ecommerce_behavior,test,169,C09076,0.0
ch2_ecommerce_behavior,test,170,C05757,0.0
ch2_ecommerce_behavior,test,171,C01628,0.0
ch2_ecommerce_behavior,test,172,C01622,0.0
ch2_ecommerce_behavior,test,173,C03568,0.0
ch2_ecommerce_behavior,test,174,C08150,0.0
ch2_ecommerce_behavior,test,175,C03078,0.0
ch2_ecommerce_behavior,test,176,C05292,0.0
ch2_ecommerce_behavior,test,177,C00562,0.0
ch2_ecommerce_behavior,test,178,C06925,0.0
ch2_ecommerce_behavior,test,179,C04305,0.0
ch2_ecommerce_behavior,test,180,C03418,0.0
ch2_ecommerce_behavior,test,181,C08743,0.0
ch2_ecommerce_behavior,test,182,C00967,0.0
ch2_ecommerce_behavior,test,183,C05720,0.0
ch2_ecommerce_behavior,test,184,C03239,0.0
ch2_ecommerce_behavior,test,185,C06582,0.0
ch2_ecommerce_behavior,test,186,C04920,0.0
ch2_ecommerce_behavior,test,187,C04958,0.0
ch2_ecommerce_behavior,test,188,C09354,0.0
ch2_ecommerce_behavior,test,189,C03050,0.0
ch2_ecommerce_behavior,test,190,C05409,0.0
ch2_ecommerce_behavior,test,191,C01564,0.0
ch2_ecommerce_behavior,test,192,C09909,0.0
ch2_ecommerce_behavior,test,193,C07191,0.0
ch2_ecommerce_behavior,test,194,C02568,0.0
ch2_ecommerce_behavior,test,195,C00862,0.0
ch2_ecommerce_behavior,test,196,C04499,0.0
ch2_ecommerce_behavior,test,197,C01725,0.0
ch2_ecommerce_behavior,test,198,C03976,0.0
ch2_ecommerce_behavior,test,199,C02597,0.0
ch2_ecommerce_behavior,test,200,C06770,0.0
ch2_ecommerce_behavior,test,201,C03374,0.0
ch2_ecommerce_behavior,test,202,C04974,0.0
ch2_ecommerce_behavior,test,203,C02481,0.0
ch2_ecommerce_behavior,test,204,C02242,0.0
ch2_ecommerce_behavior,test,205,C06877,0.0
ch2_ecommerce_behavior,test,206,C03664,1.0
ch2_ecommerce_behavior,test,207,C04102,1.0
ch2_ecommerce_behavior,test,208,C01414,0.0
ch2_ecommerce_behavior,test,209,C02229,0.0
ch2_ecommerce_behavior,test,210,C09435,0.0
ch2_ecommerce_behavior,test,211,C05808,0.0
ch2_ecommerce_behavior,test,212,C06657,1.0
ch2_ecommerce_behavior,test,213,C06803,0.0
ch2_ecommerce_behavior,test,214,C03837,0.0
ch2_ecommerce_behavior,test,215,C01769,0.0
ch2_ecommerce_behavior,test,216,C03963,1.0
ch2_ecommerce_behavior,test,217,C03631,1.0
ch2_ecommerce_behavior,test,218,C08398,0.0
ch2_ecommerce_behavior,test,219,C00153,0.0
ch2_ecommerce_behavior,test,220,C06550,0.0
ch2_ecommerce_behavior,test,221,C06302,0.0
ch2_ecommerce_behavior,test,222,C04358,0.0
ch2_ecommerce_behavior,test,223,C01754,0.0
ch2_ecommerce_behavior,test,224,C04556,0.0
ch2_ecommerce_behavior,test,225,C02179,0.0
ch2_ecommerce_behavior,test,226,C01421,0.0
ch2_ecommerce_behavior,test,227,C03066,0.0
ch2_ecommerce_behavior,test,228,C09539,0.0
ch2_ecommerce_behavior,test,229,C04118,0.0
ch2_ecommerce_behavior,test,230,C00859,1.0
ch2_ecommerce_behavior,test,231,C00305,1.0
ch2_ecommerce_behavior,test,232,C08491,0.0
ch2_ecommerce_behavior,test,233,C09493,0.0
ch2_ecommerce_behavior,test,234,C05149,0.0
ch2_ecommerce_behavior,test,235,C05798,0.0
ch2_ecommerce_behavior,test,236,C00919,0.0
ch2_ecommerce_behavior,test,237,C04096,1.0
ch2_ecommerce_behavior,test,238,C03536,0.0
ch2_ecommerce_behavior,test,239,C03882,0.0
ch2_ecommerce_behavior,test,240,C02606,0.0
ch2_ecommerce_behavior,test,241,C07564,0.0
ch2_ecommerce_behavior,test,242,C07310,0.0
ch2_ecommerce_behavior,test,243,C09077,0.0
ch2_ecommerce_behavior,test,244,C09245,0.0
ch2_ecommerce_behavior,test,245,C02212,0.0
ch2_ecommerce_behavior,test,246,C01449,0.0
ch2_ecommerce_behavior,test,247,C08819,0.0
ch2_ecommerce_behavior,test,248,C06473,0.0
ch2_ecommerce_behavior,test,249,C02701,0.0
ch2_ecommerce_behavior,test,250,C00275,0.0
ch2_ecommerce_behavior,test,251,C00007,0.0
ch2_ecommerce_behavior,test,252,C05569,0.0
ch2_ecommerce_behavior,test,253,C05494,0.0
ch2_ecommerce_behavior,test,254,C08898,0.0
ch2_ecommerce_behavior,test,255,C06837,0.0
ch2_ecommerce_behavior,test,256,C05599,0.0
ch2_ecommerce_behavior,test,257,C00396,0.0
ch2_ecommerce_behavior,test,258,C01825,0.0
ch2_ecommerce_behavior,test,259,C09979,0.0
ch2_ecommerce_behavior,test,260,C08817,0.0
ch2_ecommerce_behavior,test,261,C09309,0.0
ch2_ecommerce_behavior,test,262,C00794,0.0
ch2_ecommerce_behavior,test,263,C04522,0.0
ch2_ecommerce_behavior,test,264,C07118,0.0
ch2_ecommerce_behavior,test,265,C02219,0.0
ch2_ecommerce_behavior,test,266,C04983,1.0
ch2_ecommerce_behavior,test,267,C08417,0.0
ch2_ecommerce_behavior,test,268,C06954,0.0
ch2_ecommerce_behavior,test,269,C03824,0.0
ch2_ecommerce_behavior,test,270,C07916,0.0
ch2_ecommerce_behavior,test,271,C04201,0.0
ch2_ecommerce_behavior,test,272,C01456,1.0
ch2_ecommerce_behavior,test,273,C00873,1.0
ch2_ecommerce_behavior,test,274,C03433,0.0
ch2_ecommerce_behavior,test,275,C05768,0.0
ch2_ecommerce_behavior,test,276,C00011,0.0
ch2_ecommerce_behavior,test,277,C01744,0.0
ch2_ecommerce_behavior,test,278,C06328,0.0
ch2_ecommerce_behavior,test,279,C01667,1.0
ch2_ecommerce_behavior,test,280,C07745,0.0
ch2_ecommerce_behavior,test,281,C08333,0.0
ch2_ecommerce_behavior,test,282,C05853,0.0
ch2_ecommerce_behavior,test,283,C02988,0.0
ch2_ecommerce_behavior,test,284,C09646,0.0
ch2_ecommerce_behavior,test,285,C02340,0.0
ch2_ecommerce_behavior,test,286,C09871,0.0
ch2_ecommerce_behavior,test,287,C08845,0.0
ch2_ecommerce_behavior,test,288,C03141,1.0
ch2_ecommerce_behavior,test,289,C04448,0.0
ch2_ecommerce_behavior,test,290,C02459,0.0
ch2_ecommerce_behavior,test,291,C01082,0.0
ch2_ecommerce_behavior,test,292,C05141,0.0
ch2_ecommerce_behavior,test,293,C03520,0.0
ch2_ecommerce_behavior,test,294,C08199,0.0
ch2_ecommerce_behavior,test,295,C02389,0.0
ch2_ecommerce_behavior,test,296,C09196,0.0
ch2_ecommerce_behavior,test,297,C01043,0.0
ch2_ecommerce_behavior,test,298,C08349,0.0
ch2_ecommerce_behavior,test,299,C02835,0.0
ch2_ecommerce_behavior,test,300,C09186,0.0
ch2_ecommerce_behavior,test,301,C02472,0.0
ch2_ecommerce_behavior,test,302,C08177,0.0
ch2_ecommerce_behavior,test,303,C07046,0.0
ch2_ecommerce_behavior,test,304,C04153,0.0
ch2_ecommerce_behavior,test,305,C04279,0.0
ch2_ecommerce_behavior,test,306,C03545,0.0
ch2_ecommerce_behavior,test,307,C07500,0.0
ch2_ecommerce_behavior,test,308,C04761,0.0
ch2_ecommerce_behavior,test,309,C05365,0.0
ch2_ecommerce_behavior,test,310,C09083,1.0
ch2_ecommerce_behavior,test,311,C07042,0.0
ch2_ecommerce_behavior,test,312,C09875,0.0
ch2_ecommerce_behavior,test,313,C03509,0.0
ch2_ecommerce_behavior,test,314,C05206,0.0
ch2_ecommerce_behavior,test,315,C04060,0.0
ch2_ecommerce_behavior,test,316,C04225,0.0
ch2_ecommerce_behavior,test,317,C00138,1.0
ch2_ecommerce_behavior,test,318,C00818,0.0
ch2_ecommerce_behavior,test,319,C06355,0.0
ch2_ecommerce_behavior,test,320,C00825,1.0
ch2_ecommerce_behavior,test,321,C03316,0.0
ch2_ecommerce_behavior,test,322,C09422,0.0
ch2_ecommerce_behavior,test,323,C04825,0.0
ch2_ecommerce_behavior,test,324,C08513,1.0
ch2_ecommerce_behavior,test,325,C04539,0.0
ch2_ecommerce_behavior,test,326,C07065,0.0
ch2_ecommerce_behavior,test,327,C08468,0.0
ch2_ecommerce_behavior,test,328,C01841,0.0
ch2_ecommerce_behavior,test,329,C01839,0.0
ch2_ecommerce_behavior,test,330,C08396,0.0
ch2_ecommerce_behavior,test,331,C05647,0.0
ch2_ecommerce_behavior,test,332,C05323,0.0
ch2_ecommerce_behavior,test,333,C04868,0.0
ch2_ecommerce_behavior,test,334,C05779,0.0
ch2_ecommerce_behavior,test,335,C05660,0.0
ch2_ecommerce_behavior,test,336,C03949,0.0
ch2_ecommerce_behavior,test,337,C00356,0.0
ch2_ecommerce_behavior,test,338,C08438,0.0
ch2_ecommerce_behavior,test,339,C07404,0.0
ch2_ecommerce_behavior,test,340,C05084,0.0
ch2_ecommerce_behavior,test,341,C04727,0.0
ch2_ecommerce_behavior,test,342,C02381,0.0
ch2_ecommerce_behavior,test,343,C04163,0.0
ch2_ecommerce_behavior,test,344,C09956,0.0
ch2_ecommerce_behavior,test,345,C01970,1.0
ch2_ecommerce_behavior,test,346,C03073,0.0
ch2_ecommerce_behavior,test,347,C08425,0.0
ch2_ecommerce_behavior,test,348,C09086,0.0
ch2_ecommerce_behavior,test,349,C02268,0.0
ch2_ecommerce_behavior,test,350,C05645,1.0
ch2_ecommerce_behavior,test,351,C07317,0.0
ch2_ecommerce_behavior,test,352,C02445,0.0
ch2_ecommerce_behavior,test,353,C00185,0.0
ch2_ecommerce_behavior,test,354,C02191,0.0
ch2_ecommerce_behavior,test,355,C06351,0.0
ch2_ecommerce_behavior,test,356,C03161,0.0
ch2_ecommerce_behavior,test,357,C03095,1.0
ch2_ecommerce_behavior,test,358,C02559,0.0
ch2_ecommerce_behavior,test,359,C01121,0.0
ch2_ecommerce_behavior,test,360,C03185,0.0
ch2_ecommerce_behavior,test,361,C02225,0.0
ch2_ecommerce_behavior,test,362,C05160,0.0
ch2_ecommerce_behavior,test,363,C01624,0.0
ch2_ecommerce_behavior,test,364,C05964,0.0
ch2_ecommerce_behavior,test,365,C01278,0.0
ch2_ecommerce_behavior,test,366,C03932,0.0
ch2_ecommerce_behavior,test,367,C07413,0.0
ch2_ecommerce_behavior,test,368,C02446,0.0
ch2_ecommerce_behavior,test,369,C06150,0.0
ch2_ecommerce_behavior,test,370,C02006,0.0
ch2_ecommerce_behavior,test,371,C03993,0.0
ch2_ecommerce_behavior,test,372,C01881,0.0
ch2_ecommerce_behavior,test,373,C02920,1.0
ch2_ecommerce_behavior,test,374,C05699,0.0
ch2_ecommerce_behavior,test,375,C02593,0.0
ch2_ecommerce_behavior,test,376,C07071,0.0
ch2_ecommerce_behavior,test,377,C05119,0.0
ch2_ecommerce_behavior,test,378,C07165,1.0
ch2_ecommerce_behavior,test,379,C07188,0.0
ch2_ecommerce_behavior,test,380,C03277,0.0
ch2_ecommerce_behavior,test,381,C07872,1.0
ch2_ecommerce_behavior,test,382,C04854,0.0
ch2_ecommerce_behavior,test,383,C08122,0.0
ch2_ecommerce_behavior,test,384,C03471,0.0
ch2_ecommerce_behavior,test,385,C01951,0.0
ch2_ecommerce_behavior,test,386,C08620,0.0
ch2_ecommerce_behavior,test,387,C05476,0.0
ch2_ecommerce_behavior,test,388,C00711,0.0
ch2_ecommerce_behavior,test,389,C00152,0.0
ch2_ecommerce_behavior,test,390,C05970,0.0
ch2_ecommerce_behavior,test,391,C07054,0.0
ch2_ecommerce_behavior,test,392,C04148,0.0
ch2_ecommerce_behavior,test,393,C08768,0.0
ch2_ecommerce_behavior,test,394,C04181,0.0
ch2_ecommerce_behavior,test,395,C06509,1.0
ch2_ecommerce_behavior,test,396,C01390,0.0
ch2_ecommerce_behavior,test,397,C03550,0.0
ch2_ecommerce_behavior,test,398,C03119,0.0
ch2_ecommerce_behavior,test,399,C04954,1.0
ch2_ecommerce_behavior,test,400,C02607,0.0
ch2_ecommerce_behavior,test,401,C04871,0.0
ch2_ecommerce_behavior,test,402,C04493,1.0
ch2_ecommerce_behavior,test,403,C08818,1.0
ch2_ecommerce_behavior,test,404,C05979,0.0
ch2_ecommerce_behavior,test,405,C08847,0.0
ch2_ecommerce_behavior,test,406,C06735,0.0
ch2_ecommerce_behavior,test,407,C03229,0.0
ch2_ecommerce_behavior,test,408,C03686,0.0
ch2_ecommerce_behavior,test,409,C02804,0.0
ch2_ecommerce_behavior,test,410,C00922,0.0
ch2_ecommerce_behavior,test,411,C02405,0.0
ch2_ecommerce_behavior,test,412,C00553,0.0
ch2_ecommerce_behavior,test,413,C08254,0.0
ch2_ecommerce_behavior,test,414,C00141,0.0
ch2_ecommerce_behavior,test,415,C07853,0.0
ch2_ecommerce_behavior,test,416,C05691,0.0
ch2_ecommerce_behavior,test,417,C05156,0.0
ch2_ecommerce_behavior,test,418,C06301,0.0
ch2_ecommerce_behavior,test,419,C03670,0.0
ch2_ecommerce_behavior,test,420,C09763,1.0
ch2_ecommerce_behavior,test,421,C09859,0.0
ch2_ecommerce_behavior,test,422,C05507,0.0
ch2_ecommerce_behavior,test,423,C00402,0.0
ch2_ecommerce_behavior,test,424,C00687,0.0
ch2_ecommerce_behavior,test,425,C07026,0.0
ch2_ecommerce_behavior,test,426,C00620,0.0
ch2_ecommerce_behavior,test,427,C05150,0.0
ch2_ecommerce_behavior,test,428,C00803,0.0
ch2_ecommerce_behavior,test,429,C07254,0.0
ch2_ecommerce_behavior,test,430,C02007,0.0
ch2_ecommerce_behavior,test,431,C08187,0.0
ch2_ecommerce_behavior,test,432,C02599,1.0
ch2_ecommerce_behavior,test,433,C02164,0.0
ch2_ecommerce_behavior,test,434,C08631,0.0
ch2_ecommerce_behavior,test,435,C04498,0.0
ch2_ecommerce_behavior,test,436,C03178,1.0
ch2_ecommerce_behavior,test,437,C09727,0.0
ch2_ecommerce_behavior,test,438,C01538,0.0
ch2_ecommerce_behavior,test,439,C09054,0.0
ch2_ecommerce_behavior,test,440,C05939,0.0
ch2_ecommerce_behavior,test,441,C08934,0.0
ch2_ecommerce_behavior,test,442,C01253,1.0
ch2_ecommerce_behavior,test,443,C09367,0.0
ch2_ecommerce_behavior,test,444,C03444,1.0
ch2_ecommerce_behavior,test,445,C07940,1.0
ch2_ecommerce_behavior,test,446,C08936,0.0
ch2_ecommerce_behavior,test,447,C02224,0.0
ch2_ecommerce_behavior,test,448,C04119,0.0
ch2_ecommerce_behavior,test,449,C00566,0.0
ch2_ecommerce_behavior,test,450,C06347,1.0
ch2_ecommerce_behavior,test,451,C01473,1.0
ch2_ecommerce_behavior,test,452,C01235,0.0
ch2_ecommerce_behavior,test,453,C08494,0.0
ch2_ecommerce_behavior,test,454,C09811,1.0
ch2_ecommerce_behavior,test,455,C05123,1.0
ch2_ecommerce_behavior,test,456,C09106,0.0
ch2_ecommerce_behavior,test,457,C06226,1.0
ch2_ecommerce_behavior,test,458,C03776,0.0
ch2_ecommerce_behavior,test,459,C09049,0.0
ch2_ecommerce_behavior,test,460,C09491,0.0
ch2_ecommerce_behavior,test,461,C04480,0.0
ch2_ecommerce_behavior,test,462,C09562,0.0
ch2_ecommerce_behavior,test,463,C07472,0.0
ch2_ecommerce_behavior,test,464,C00987,0.0
ch2_ecommerce_behavior,test,465,C08551,0.0
ch2_ecommerce_behavior,test,466,C08804,0.0
ch2_ecommerce_behavior,test,467,C05609,0.0
ch2_ecommerce_behavior,test,468,C06315,0.0
ch2_ecommerce_behavior,test,469,C08792,0.0
ch2_ecommerce_behavior,test,470,C03567,0.0
ch2_ecommerce_behavior,test,471,C09523,0.0
ch2_ecommerce_behavior,test,472,C09153,0.0
ch2_ecommerce_behavior,test,473,C06871,0.0
ch2_ecommerce_behavior,test,474,C03117,0.0
ch2_ecommerce_behavior,test,475,C00307,0.0
ch2_ecommerce_behavior,test,476,C08217,0.0
ch2_ecommerce_behavior,test,477,C01562,0.0
ch2_ecommerce_behavior,test,478,C06769,0.0
ch2_ecommerce_behavior,test,479,C09775,0.0
ch2_ecommerce_behavior,test,480,C07190,0.0
ch2_ecommerce_behavior,test,481,C08057,0.0
ch2_ecommerce_behavior,test,482,C02053,0.0
ch2_ecommerce_behavior,test,483,C07249,0.0
ch2_ecommerce_behavior,test,484,C02757,0.0
ch2_ecommerce_behavior,test,485,C04519,1.0
ch2_ecommerce_behavior,test,486,C00094,0.0
ch2_ecommerce_behavior,test,487,C02640,0.0
ch2_ecommerce_behavior,test,488,C07444,0.0
ch2_ecommerce_behavior,test,489,C07923,0.0
ch2_ecommerce_behavior,test,490,C05562,0.0
ch2_ecommerce_behavior,test,491,C08020,0.0
ch2_ecommerce_behavior,test,492,C06886,0.0
ch2_ecommerce_behavior,test,493,C02816,0.0
ch2_ecommerce_behavior,test,494,C07179,0.0
ch2_ecommerce_behavior,test,495,C07641,0.0
ch2_ecommerce_behavior,test,496,C00903,0.0
ch2_ecommerce_behavior,test,497,C00720,1.0
ch2_ecommerce_behavior,test,498,C03052,1.0
ch2_ecommerce_behavior,test,499,C09653,0.0
ch2_ecommerce_behavior,test,500,C08938,0.0
ch2_ecommerce_behavior,test,501,C03820,0.0
ch2_ecommerce_behavior,test,502,C05540,0.0
ch2_ecommerce_behavior,test,503,C06909,0.0
ch2_ecommerce_behavior,test,504,C06090,0.0
ch2_ecommerce_behavior,test,505,C06526,0.0
ch2_ecommerce_behavior,test,506,C08671,0.0
ch2_ecommerce_behavior,test,507,C02686,1.0
ch2_ecommerce_behavior,test,508,C04456,0.0
ch2_ecommerce_behavior,test,509,C05683,1.0
ch2_ecommerce_behavior,test,510,C03854,0.0
ch2_ecommerce_behavior,test,511,C04723,1.0
ch2_ecommerce_behavior,test,512,C09889,0.0
ch2_ecommerce_behavior,test,513,C09060,0.0
ch2_ecommerce_behavior,test,514,C07154,0.0
ch2_ecommerce_behavior,test,515,C05643,1.0
ch2_ecommerce_behavior,test,516,C05376,0.0
ch2_ecommerce_behavior,test,517,C05362,0.0
ch2_ecommerce_behavior,test,518,C02811,0.0
ch2_ecommerce_behavior,test,519,C02736,0.0
ch2_ecommerce_behavior,test,520,C08444,0.0
ch2_ecommerce_behavior,test,521,C03754,0.0
ch2_ecommerce_behavior,test,522,C07672,0.0
ch2_ecommerce_behavior,test,523,C08287,0.0
ch2_ecommerce_behavior,test,524,C06643,0.0
ch2_ecommerce_behavior,test,525,C04503,0.0
ch2_ecommerce_behavior,test,526,C05725,1.0
ch2_ecommerce_behavior,test,527,C02403,0.0
ch2_ecommerce_behavior,test,528,C07653,0.0
ch2_ecommerce_behavior,test,529,C00577,0.0
ch2_ecommerce_behavior,test,530,C08635,0.0
ch2_ecommerce_behavior,test,531,C07038,0.0
ch2_ecommerce_behavior,test,532,C01558,0.0
ch2_ecommerce_behavior,test,533,C05316,0.0
ch2_ecommerce_behavior,test,534,C05997,0.0
ch2_ecommerce_behavior,test,535,C01651,0.0
ch2_ecommerce_behavior,test,536,C06040,1.0
ch2_ecommerce_behavior,test,537,C05937,0.0
ch2_ecommerce_behavior,test,538,C04273,0.0
ch2_ecommerce_behavior,test,539,C04222,0.0
ch2_ecommerce_behavior,test,540,C00723,0.0
ch2_ecommerce_behavior,test,541,C06478,0.0
ch2_ecommerce_behavior,test,542,C02207,0.0
ch2_ecommerce_behavior,test,543,C02654,0.0
ch2_ecommerce_behavior,test,544,C06903,0.0
ch2_ecommerce_behavior,test,545,C04492,1.0
ch2_ecommerce_behavior,test,546,C03352,1.0
ch2_ecommerce_behavior,test,547,C06429,0.0
ch2_ecommerce_behavior,test,548,C02890,0.0
ch2_ecommerce_behavior,test,549,C01617,0.0
ch2_ecommerce_behavior,test,550,C01488,0.0
ch2_ecommerce_behavior,test,551,C07322,0.0
ch2_ecommerce_behavior,test,552,C06069,0.0
ch2_ecommerce_behavior,test,553,C01432,0.0
ch2_ecommerce_behavior,test,554,C00867,0.0
ch2_ecommerce_behavior,test,555,C05361,0.0
ch2_ecommerce_behavior,test,556,C05332,1.0
ch2_ecommerce_behavior,test,557,C08622,1.0
ch2_ecommerce_behavior,test,558,C05255,0.0
ch2_ecommerce_behavior,test,559,C04010,0.0
ch2_ecommerce_behavior,test,560,C03477,0.0
ch2_ecommerce_behavior,test,561,C02571,0.0
ch2_ecommerce_behavior,test,562,C06669,0.0
ch2_ecommerce_behavior,test,563,C08076,0.0
ch2_ecommerce_behavior,test,564,C00932,0.0
ch2_ecommerce_behavior,test,565,C07236,0.0
ch2_ecommerce_behavior,test,566,C06169,0.0
ch2_ecommerce_behavior,test,567,C03967,0.0
ch2_ecommerce_behavior,test,568,C05043,0.0
ch2_ecommerce_behavior,test,569,C08407,1.0
ch2_ecommerce_behavior,test,570,C07751,1.0
ch2_ecommerce_behavior,test,571,C05030,0.0
ch2_ecommerce_behavior,test,572,C05545,0.0
ch2_ecommerce_behavior,test,573,C02628,1.0
ch2_ecommerce_behavior,test,574,C05039,0.0
ch2_ecommerce_behavior,test,575,C08193,0.0
ch2_ecommerce_behavior,test,576,C00041,1.0
ch2_ecommerce_behavior,test,577,C04895,0.0
ch2_ecommerce_behavior,test,578,C09612,0.0
ch2_ecommerce_behavior,test,579,C08896,1.0
ch2_ecommerce_behavior,test,580,C03702,0.0
ch2_ecommerce_behavior,test,581,C03401,0.0
ch2_ecommerce_behavior,test,582,C07691,0.0
ch2_ecommerce_behavior,test,583,C08846,0.0
ch2_ecommerce_behavior,test,584,C06617,0.0
ch2_ecommerce_behavior,test,585,C06740,0.0
ch2_ecommerce_behavior,test,586,C03146,1.0
ch2_ecommerce_behavior,test,587,C04245,0.0
ch2_ecommerce_behavior,test,588,C01856,0.0
ch2_ecommerce_behavior,test,589,C02043,0.0
ch2_ecommerce_behavior,test,590,C07616,1.0
ch2_ecommerce_behavior,test,591,C09933,0.0
ch2_ecommerce_behavior,test,592,C01002,1.0
ch2_ecommerce_behavior,test,593,C04320,0.0
ch2_ecommerce_behavior,test,594,C04469,0.0
ch2_ecommerce_behavior,test,595,C02658,0.0
ch2_ecommerce_behavior,test,596,C02586,0.0
ch2_ecommerce_behavior,test,597,C03144,0.0
ch2_ecommerce_behavior,test,598,C07657,0.0
ch2_ecommerce_behavior,test,599,C04620,0.0
ch2_ecommerce_behavior,test,600,C02652,0.0
ch2_ecommerce_behavior,test,601,C04986,0.0
ch2_ecommerce_behavior,test,602,C01149,0.0
ch2_ecommerce_behavior,test,603,C05213,0.0
ch2_ecommerce_behavior,test,604,C00146,0.0
ch2_ecommerce_behavior,test,605,C06642,0.0
ch2_ecommerce_behavior,test,606,C05265,1.0
ch2_ecommerce_behavior,test,607,C07688,0.0
ch2_ecommerce_behavior,test,608,C07928,1.0
ch2_ecommerce_behavior,test,609,C04927,0.0
ch2_ecommerce_behavior,test,610,C07768,1.0
ch2_ecommerce_behavior,test,611,C04253,1.0
ch2_ecommerce_behavior,test,612,C07544,0.0
ch2_ecommerce_behavior,test,613,C08930,0.0
ch2_ecommerce_behavior,test,614,C04236,0.0
ch2_ecommerce_behavior,test,615,C05943,0.0
ch2_ecommerce_behavior,test,616,C04582,1.0
ch2_ecommerce_behavior,test,617,C05704,0.0
ch2_ecommerce_behavior,test,618,C03675,0.0
ch2_ecommerce_behavior,test,619,C00499,0.0
ch2_ecommerce_behavior,test,620,C06578,0.0
ch2_ecommerce_behavior,test,621,C08625,1.0
ch2_ecommerce_behavior,test,622,C05670,0.0
ch2_ecommerce_behavior,test,623,C09204,0.0
ch2_ecommerce_behavior,test,624,C04762,0.0
ch2_ecommerce_behavior,test,625,C05450,0.0
ch2_ecommerce_behavior,test,626,C09208,1.0
ch2_ecommerce_behavior,test,627,C08586,0.0
ch2_ecommerce_behavior,test,628,C03757,0.0
ch2_ecommerce_behavior,test,629,C04061,0.0
ch2_ecommerce_behavior,test,630,C03172,0.0
ch2_ecommerce_behavior,test,631,C06216,0.0
ch2_ecommerce_behavior,test,632,C05506,1.0
ch2_ecommerce_behavior,test,633,C01143,0.0
ch2_ecommerce_behavior,test,634,C05413,0.0
ch2_ecommerce_behavior,test,635,C02493,0.0
ch2_ecommerce_behavior,test,636,C03815,0.0
ch2_ecommerce_behavior,test,637,C07798,0.0
ch2_ecommerce_behavior,test,638,C06265,1.0
ch2_ecommerce_behavior,test,639,C07911,0.0
ch2_ecommerce_behavior,test,640,C06881,0.0
ch2_ecommerce_behavior,test,641,C08921,0.0
ch2_ecommerce_behavior,test,642,C09413,0.0
ch2_ecommerce_behavior,test,643,C05496,0.0
ch2_ecommerce_behavior,test,644,C02202,0.0
ch2_ecommerce_behavior,test,645,C05468,0.0
ch2_ecommerce_behavior,test,646,C05883,1.0
ch2_ecommerce_behavior,test,647,C01096,1.0
ch2_ecommerce_behavior,test,648,C08413,1.0
ch2_ecommerce_behavior,test,649,C00446,0.0
ch2_ecommerce_behavior,test,650,C00704,0.0
ch2_ecommerce_behavior,test,651,C06639,0.0
ch2_ecommerce_behavior,test,652,C04473,0.0
ch2_ecommerce_behavior,test,653,C04373,0.0
ch2_ecommerce_behavior,test,654,C00164,0.0
ch2_ecommerce_behavior,test,655,C04380,0.0
ch2_ecommerce_behavior,test,656,C06461,0.0
ch2_ecommerce_behavior,test,657,C08784,0.0
ch2_ecommerce_behavior,test,658,C08272,1.0
ch2_ecommerce_behavior,test,659,C01040,0.0
ch2_ecommerce_behavior,test,660,C04679,1.0
ch2_ecommerce_behavior,test,661,C07796,0.0
ch2_ecommerce_behavior,test,662,C06893,0.0
ch2_ecommerce_behavior,test,663,C07100,0.0
ch2_ecommerce_behavior,test,664,C06264,0.0
ch2_ecommerce_behavior,test,665,C02879,0.0
ch2_ecommerce_behavior,test,666,C07244,1.0
ch2_ecommerce_behavior,test,667,C05820,0.0
ch2_ecommerce_behavior,test,668,C04152,0.0
ch2_ecommerce_behavior,test,669,C05827,1.0
ch2_ecommerce_behavior,test,670,C04529,0.0
ch2_ecommerce_behavior,test,671,C01127,0.0
ch2_ecommerce_behavior,test,672,C02101,0.0
ch2_ecommerce_behavior,test,673,C00718,0.0
ch2_ecommerce_behavior,test,674,C04301,0.0
ch2_ecommerce_behavior,test,675,C04526,0.0
ch2_ecommerce_behavior,test,676,C09198,0.0
ch2_ecommerce_behavior,test,677,C03016,0.0
ch2_ecommerce_behavior,test,678,C06879,0.0
ch2_ecommerce_behavior,test,679,C07436,1.0
ch2_ecommerce_behavior,test,680,C07223,0.0
ch2_ecommerce_behavior,test,681,C00278,0.0
ch2_ecommerce_behavior,test,682,C01406,1.0
ch2_ecommerce_behavior,test,683,C05574,0.0
ch2_ecommerce_behavior,test,684,C01936,0.0
ch2_ecommerce_behavior,test,685,C02110,1.0
ch2_ecommerce_behavior,test,686,C00225,0.0
ch2_ecommerce_behavior,test,687,C05133,0.0
ch2_ecommerce_behavior,test,688,C00018,0.0
ch2_ecommerce_behavior,test,689,C09980,0.0
ch2_ecommerce_behavior,test,690,C01521,0.0
ch2_ecommerce_behavior,test,691,C07381,0.0
ch2_ecommerce_behavior,test,692,C02803,0.0
ch2_ecommerce_behavior,test,693,C04641,0.0
ch2_ecommerce_behavior,test,694,C06599,0.0
ch2_ecommerce_behavior,test,695,C03596,1.0
ch2_ecommerce_behavior,test,696,C00376,0.0
ch2_ecommerce_behavior,test,697,C05179,1.0
ch2_ecommerce_behavior,test,698,C07396,1.0
ch2_ecommerce_behavior,test,699,C06074,0.0
ch2_ecommerce_behavior,test,700,C01918,0.0
ch2_ecommerce_behavior,test,701,C07077,0.0
ch2_ecommerce_behavior,test,702,C04991,0.0
ch2_ecommerce_behavior,test,703,C05924,0.0
ch2_ecommerce_behavior,test,704,C06683,0.0
ch2_ecommerce_behavior,test,705,C05463,0.0
ch2_ecommerce_behavior,test,706,C06608,0.0
ch2_ecommerce_behavior,test,707,C04976,0.0
ch2_ecommerce_behavior,test,708,C07359,0.0
ch2_ecommerce_behavior,test,709,C00431,0.0
ch2_ecommerce_behavior,test,710,C04596,0.0
ch2_ecommerce_behavior,test,711,C00943,0.0
ch2_ecommerce_behavior,test,712,C09068,0.0
ch2_ecommerce_behavior,test,713,C09611,0.0
ch2_ecommerce_behavior,test,714,C03208,0.0
ch2_ecommerce_behavior,test,715,C00463,0.0
ch2_ecommerce_behavior,test,716,C09831,0.0
ch2_ecommerce_behavior,test,717,C00608,0.0
ch2_ecommerce_behavior,test,718,C04935,1.0
ch2_ecommerce_behavior,test,719,C03557,0.0
ch2_ecommerce_behavior,test,720,C09783,1.0
ch2_ecommerce_behavior,test,721,C07521,0.0
ch2_ecommerce_behavior,test,722,C09582,0.0
ch2_ecommerce_behavior,test,723,C08338,0.0
ch2_ecommerce_behavior,test,724,C05672,0.0
ch2_ecommerce_behavior,test,725,C05410,0.0
ch2_ecommerce_behavior,test,726,C00603,0.0
ch2_ecommerce_behavior,test,727,C00637,0.0
ch2_ecommerce_behavior,test,728,C08157,0.0
ch2_ecommerce_behavior,test,729,C04213,0.0
ch2_ecommerce_behavior,test,730,C05015,0.0
ch2_ecommerce_behavior,test,731,C04142,0.0
ch2_ecommerce_behavior,test,732,C02826,0.0
ch2_ecommerce_behavior,test,733,C06743,1.0
ch2_ecommerce_behavior,test,734,C04599,1.0
ch2_ecommerce_behavior,test,735,C03833,0.0
ch2_ecommerce_behavior,test,736,C05260,0.0
ch2_ecommerce_behavior,test,737,C02860,0.0
ch2_ecommerce_behavior,test,738,C05447,0.0
ch2_ecommerce_behavior,test,739,C06744,0.0
ch2_ecommerce_behavior,test,740,C07485,0.0
ch2_ecommerce_behavior,test,741,C09814,1.0
ch2_ecommerce_behavior,test,742,C07735,0.0
ch2_ecommerce_behavior,test,743,C05040,0.0
ch2_ecommerce_behavior,test,744,C09453,0.0
ch2_ecommerce_behavior,test,745,C08834,1.0
ch2_ecommerce_behavior,test,746,C07543,0.0
ch2_ecommerce_behavior,test,747,C07232,0.0
ch2_ecommerce_behavior,test,748,C00323,1.0
ch2_ecommerce_behavior,test,749,C04440,0.0
ch2_ecommerce_behavior,test,750,C00265,0.0
ch2_ecommerce_behavior,test,751,C04206,0.0
ch2_ecommerce_behavior,test,752,C09087,0.0
ch2_ecommerce_behavior,test,753,C02942,0.0
ch2_ecommerce_behavior,test,754,C06058,0.0
ch2_ecommerce_behavior,test,755,C02886,0.0
ch2_ecommerce_behavior,test,756,C03902,0.0
ch2_ecommerce_behavior,test,757,C00829,1.0
ch2_ecommerce_behavior,test,758,C07855,1.0
ch2_ecommerce_behavior,test,759,C02623,0.0
ch2_ecommerce_behavior,test,760,C09886,1.0
ch2_ecommerce_behavior,test,761,C00596,0.0
ch2_ecommerce_behavior,test,762,C03247,0.0
ch2_ecommerce_behavior,test,763,C03414,0.0
ch2_ecommerce_behavior,test,764,C05966,1.0
ch2_ecommerce_behavior,test,765,C07700,0.0
ch2_ecommerce_behavior,test,766,C03231,0.0
ch2_ecommerce_behavior,test,767,C01339,1.0
ch2_ecommerce_behavior,test,768,C01495,0.0
ch2_ecommerce_behavior,test,769,C09108,0.0
ch2_ecommerce_behavior,test,770,C04461,0.0
ch2_ecommerce_behavior,test,771,C09444,0.0
ch2_ecommerce_behavior,test,772,C04372,0.0
ch2_ecommerce_behavior,test,773,C00437,1.0
ch2_ecommerce_behavior,test,774,C07175,0.0
ch2_ecommerce_behavior,test,775,C07142,0.0
ch2_ecommerce_behavior,test,776,C09146,0.0
ch2_ecommerce_behavior,test,777,C03061,0.0
ch2_ecommerce_behavior,test,778,C04486,0.0
ch2_ecommerce_behavior,test,779,C06286,0.0
ch2_ecommerce_behavior,test,780,C08097,0.0
ch2_ecommerce_behavior,test,781,C09100,0.0
ch2_ecommerce_behavior,test,782,C00661,0.0
ch2_ecommerce_behavior,test,783,C02595,0.0
ch2_ecommerce_behavior,test,784,C04092,0.0
ch2_ecommerce_behavior,test,785,C03439,0.0
ch2_ecommerce_behavior,test,786,C01060,1.0
ch2_ecommerce_behavior,test,787,C08041,0.0
ch2_ecommerce_behavior,test,788,C00909,0.0
ch2_ecommerce_behavior,test,789,C04889,1.0
ch2_ecommerce_behavior,test,790,C09703,0.0
ch2_ecommerce_behavior,test,791,C04155,0.0
ch2_ecommerce_behavior,test,792,C02192,0.0
ch2_ecommerce_behavior,test,793,C05770,0.0
ch2_ecommerce_behavior,test,794,C07942,0.0
ch2_ecommerce_behavior,test,795,C01328,0.0
ch2_ecommerce_behavior,test,796,C07985,0.0
ch2_ecommerce_behavior,test,797,C03540,0.0
ch2_ecommerce_behavior,test,798,C04978,1.0
ch2_ecommerce_behavior,test,799,C05483,1.0
ch2_ecommerce_behavior,test,800,C03464,0.0
ch2_ecommerce_behavior,test,801,C09266,0.0
ch2_ecommerce_behavior,test,802,C08308,0.0
ch2_ecommerce_behavior,test,803,C03252,0.0
ch2_ecommerce_behavior,test,804,C05259,0.0
ch2_ecommerce_behavior,test,805,C09969,0.0
ch2_ecommerce_behavior,test,806,C05521,0.0
ch2_ecommerce_behavior,test,807,C06811,0.0
ch2_ecommerce_behavior,test,808,C03012,0.0
ch2_ecommerce_behavior,test,809,C04805,0.0
ch2_ecommerce_behavior,test,810,C03274,0.0
ch2_ecommerce_behavior,test,811,C04146,1.0
ch2_ecommerce_behavior,test,812,C04227,0.0
ch2_ecommerce_behavior,test,813,C02506,0.0
ch2_ecommerce_behavior,test,814,C02307,0.0
ch2_ecommerce_behavior,test,815,C06041,1.0
ch2_ecommerce_behavior,test,816,C04307,0.0
ch2_ecommerce_behavior,test,817,C02733,0.0
ch2_ecommerce_behavior,test,818,C03665,1.0
ch2_ecommerce_behavior,test,819,C04035,0.0
ch2_ecommerce_behavior,test,820,C09037,0.0
ch2_ecommerce_behavior,test,821,C06446,0.0
ch2_ecommerce_behavior,test,822,C05135,0.0
ch2_ecommerce_behavior,test,823,C00501,0.0
ch2_ecommerce_behavior,test,824,C03292,0.0
ch2_ecommerce_behavior,test,825,C09471,1.0
ch2_ecommerce_behavior,test,826,C05321,0.0
ch2_ecommerce_behavior,test,827,C04050,0.0
ch2_ecommerce_behavior,test,828,C08608,1.0
ch2_ecommerce_behavior,test,829,C08360,0.0
ch2_ecommerce_behavior,test,830,C02677,0.0
ch2_ecommerce_behavior,test,831,C04298,1.0
ch2_ecommerce_behavior,test,832,C04156,0.0
ch2_ecommerce_behavior,test,833,C05550,0.0
ch2_ecommerce_behavior,test,834,C07968,1.0
ch2_ecommerce_behavior,test,835,C04589,0.0
ch2_ecommerce_behavior,test,836,C06159,0.0
ch2_ecommerce_behavior,test,837,C09884,1.0
ch2_ecommerce_behavior,test,838,C00264,0.0
ch2_ecommerce_behavior,test,839,C09379,0.0
ch2_ecommerce_behavior,test,840,C09366,0.0
ch2_ecommerce_behavior,test,841,C08567,0.0
ch2_ecommerce_behavior,test,842,C02456,0.0
ch2_ecommerce_behavior,test,843,C04932,1.0
ch2_ecommerce_behavior,test,844,C02063,0.0
ch2_ecommerce_behavior,test,845,C09927,1.0
ch2_ecommerce_behavior,test,846,C03307,0.0
ch2_ecommerce_behavior,test,847,C08548,0.0
ch2_ecommerce_behavior,test,848,C05527,0.0
ch2_ecommerce_behavior,test,849,C03308,0.0
ch2_ecommerce_behavior,test,850,C06739,0.0
ch2_ecommerce_behavior,test,851,C02407,0.0
ch2_ecommerce_behavior,test,852,C06322,0.0
ch2_ecommerce_behavior,test,853,C08916,0.0
ch2_ecommerce_behavior,test,854,C09545,0.0
ch2_ecommerce_behavior,test,855,C04531,1.0
ch2_ecommerce_behavior,test,856,C01987,0.0
ch2_ecommerce_behavior,test,857,C09552,0.0
ch2_ecommerce_behavior,test,858,C00948,0.0
ch2_ecommerce_behavior,test,859,C07281,0.0
ch2_ecommerce_behavior,test,860,C04758,1.0
ch2_ecommerce_behavior,test,861,C06048,0.0
ch2_ecommerce_behavior,test,862,C03134,0.0
ch2_ecommerce_behavior,test,863,C05405,0.0
ch2_ecommerce_behavior,test,864,C09618,0.0
ch2_ecommerce_behavior,test,865,C06874,1.0
ch2_ecommerce_behavior,test,866,C01008,0.0
ch2_ecommerce_behavior,test,867,C01582,0.0
ch2_ecommerce_behavior,test,868,C09182,0.0
ch2_ecommerce_behavior,test,869,C00976,0.0
ch2_ecommerce_behavior,test,870,C08484,0.0
ch2_ecommerce_behavior,test,871,C05024,0.0
ch2_ecommerce_behavior,test,872,C06536,1.0
ch2_ecommerce_behavior,test,873,C08082,0.0
ch2_ecommerce_behavior,test,874,C01972,0.0
ch2_ecommerce_behavior,test,875,C04427,1.0
ch2_ecommerce_behavior,test,876,C09826,0.0
ch2_ecommerce_behavior,test,877,C00975,0.0
ch2_ecommerce_behavior,test,878,C06540,0.0
ch2_ecommerce_behavior,test,879,C09671,1.0
ch2_ecommerce_behavior,test,880,C06591,0.0
ch2_ecommerce_behavior,test,881,C03207,0.0
ch2_ecommerce_behavior,test,882,C04988,0.0
ch2_ecommerce_behavior,test,883,C08389,0.0
ch2_ecommerce_behavior,test,884,C09459,0.0
ch2_ecommerce_behavior,test,885,C01649,0.0
ch2_ecommerce_behavior,test,886,C01214,0.0
ch2_ecommerce_behavior,test,887,C06353,1.0
ch2_ecommerce_behavior,test,888,C01591,1.0
ch2_ecommerce_behavior,test,889,C06518,0.0
ch2_ecommerce_behavior,test,890,C06534,1.0
ch2_ecommerce_behavior,test,891,C01599,0.0
ch2_ecommerce_behavior,test,892,C09681,0.0
ch2_ecommerce_behavior,test,893,C02394,0.0
ch2_ecommerce_behavior,test,894,C04715,1.0
ch2_ecommerce_behavior,test,895,C01261,0.0
ch2_ecommerce_behavior,test,896,C06753,0.0
ch2_ecommerce_behavior,test,897,C07562,0.0
ch2_ecommerce_behavior,test,898,C08354,1.0
ch2_ecommerce_behavior,test,899,C07907,0.0
ch2_ecommerce_behavior,test,900,C09329,0.0
ch2_ecommerce_behavior,test,901,C05230,0.0
ch2_ecommerce_behavior,test,902,C02507,0.0
ch2_ecommerce_behavior,test,903,C03790,0.0
ch2_ecommerce_behavior,test,904,C04005,1.0
ch2_ecommerce_behavior,test,905,C02016,0.0
ch2_ecommerce_behavior,test,906,C02018,0.0
ch2_ecommerce_behavior,test,907,C07880,1.0
ch2_ecommerce_behavior,test,908,C00154,0.0
ch2_ecommerce_behavior,test,909,C03009,0.0
ch2_ecommerce_behavior,test,910,C07946,0.0
ch2_ecommerce_behavior,test,911,C03213,0.0
ch2_ecommerce_behavior,test,912,C00635,0.0
ch2_ecommerce_behavior,test,913,C04501,0.0
ch2_ecommerce_behavior,test,914,C04441,0.0
ch2_ecommerce_behavior,test,915,C04573,1.0
ch2_ecommerce_behavior,test,916,C08401,0.0
ch2_ecommerce_behavior,test,917,C06199,1.0
ch2_ecommerce_behavior,test,918,C03427,0.0
ch2_ecommerce_behavior,test,919,C06377,0.0
ch2_ecommerce_behavior,test,920,C09553,0.0
ch2_ecommerce_behavior,test,921,C06715,0.0
ch2_ecommerce_behavior,test,922,C01436,1.0
ch2_ecommerce_behavior,test,923,C05781,0.0
ch2_ecommerce_behavior,test,924,C09740,1.0
ch2_ecommerce_behavior,test,925,C00117,0.0
ch2_ecommerce_behavior,test,926,C02031,0.0
ch2_ecommerce_behavior,test,927,C08815,0.0
ch2_ecommerce_behavior,test,928,C01944,0.0
ch2_ecommerce_behavior,test,929,C06118,0.0
ch2_ecommerce_behavior,test,930,C07532,1.0
ch2_ecommerce_behavior,test,931,C09163,1.0
ch2_ecommerce_behavior,test,932,C04940,0.0
ch2_ecommerce_behavior,test,933,C07636,0.0
ch2_ecommerce_behavior,test,934,C03966,0.0
ch2_ecommerce_behavior,test,935,C08552,0.0
ch2_ecommerce_behavior,test,936,C08286,0.0
ch2_ecommerce_behavior,test,937,C04379,0.0
ch2_ecommerce_behavior,test,938,C00496,1.0
ch2_ecommerce_behavior,test,939,C03448,0.0
ch2_ecommerce_behavior,test,940,C08405,1.0
ch2_ecommerce_behavior,test,941,C07838,0.0
ch2_ecommerce_behavior,test,942,C09096,0.0
ch2_ecommerce_behavior,test,943,C05823,0.0
ch2_ecommerce_behavior,test,944,C00097,0.0
ch2_ecommerce_behavior,test,945,C08467,0.0
ch2_ecommerce_behavior,test,946,C06151,0.0
ch2_ecommerce_behavior,test,947,C01025,0.0
ch2_ecommerce_behavior,test,948,C04074,0.0
ch2_ecommerce_behavior,test,949,C02579,0.0
ch2_ecommerce_behavior,test,950,C05792,0.0
ch2_ecommerce_behavior,test,951,C08664,1.0
ch2_ecommerce_behavior,test,952,C08534,1.0
ch2_ecommerce_behavior,test,953,C03695,0.0
ch2_ecommerce_behavior,test,954,C07056,0.0
ch2_ecommerce_behavior,test,955,C03384,0.0
ch2_ecommerce_behavior,test,956,C02392,0.0
ch2_ecommerce_behavior,test,957,C06699,0.0
ch2_ecommerce_behavior,test,958,C01282,0.0
ch2_ecommerce_behavior,test,959,C09719,0.0
ch2_ecommerce_behavior,test,960,C03795,0.0
ch2_ecommerce_behavior,test,961,C04512,0.0
ch2_ecommerce_behavior,test,962,C03363,0.0
ch2_ecommerce_behavior,test,963,C02077,0.0
ch2_ecommerce_behavior,test,964,C07183,0.0
ch2_ecommerce_behavior,test,965,C09030,0.0
ch2_ecommerce_behavior,test,966,C07595,0.0
ch2_ecommerce_behavior,test,967,C02774,0.0
ch2_ecommerce_behavior,test,968,C08680,0.0
ch2_ecommerce_behavior,test,969,C06916,0.0
ch2_ecommerce_behavior,test,970,C01135,0.0
ch2_ecommerce_behavior,test,971,C09355,0.0
ch2_ecommerce_behavior,test,972,C04637,0.0
ch2_ecommerce_behavior,test,973,C05682,0.0
ch2_ecommerce_behavior,test,974,C05876,0.0
ch2_ecommerce_behavior,test,975,C06484,0.0
ch2_ecommerce_behavior,test,976,C02261,1.0
ch2_ecommerce_behavior,test,977,C04683,0.0
ch2_ecommerce_behavior,test,978,C04495,1.0
ch2_ecommerce_behavior,test,979,C07772,0.0
ch2_ecommerce_behavior,test,980,C01095,0.0
ch2_ecommerce_behavior,test,981,C07138,0.0
ch2_ecommerce_behavior,test,982,C07577,0.0
ch2_ecommerce_behavior,test,983,C05089,0.0
ch2_ecommerce_behavior,test,984,C04318,0.0
ch2_ecommerce_behavior,test,985,C06162,0.0
ch2_ecommerce_behavior,test,986,C01605,0.0
ch2_ecommerce_behavior,test,987,C02341,1.0
ch2_ecommerce_behavior,test,988,C00792,1.0
ch2_ecommerce_behavior,test,989,C08647,0.0
ch2_ecommerce_behavior,test,990,C04843,0.0
ch2_ecommerce_behavior,test,991,C08961,0.0
ch2_ecommerce_behavior,test,992,C08364,0.0
ch2_ecommerce_behavior,test,993,C03114,0.0
ch2_ecommerce_behavior,test,994,C08803,0.0
ch2_ecommerce_behavior,test,995,C01737,1.0
ch2_ecommerce_behavior,test,996,C09544,0.0
ch2_ecommerce_behavior,test,997,C06943,0.0
ch2_ecommerce_behavior,test,998,C04800,0.0
ch2_ecommerce_behavior,test,999,C09289,0.0
ch2_ecommerce_behavior,test,1000,C03189,0.0
ch2_ecommerce_behavior,test,1001,C06607,0.0
ch2_ecommerce_behavior,test,1002,C01910,1.0
ch2_ecommerce_behavior,test,1003,C06232,0.0
ch2_ecommerce_behavior,test,1004,C03891,0.0
ch2_ecommerce_behavior,test,1005,C06124,0.0
ch2_ecommerce_behavior,test,1006,C08711,0.0
ch2_ecommerce_behavior,test,1007,C07408,0.0
ch2_ecommerce_behavior,test,1008,C03737,0.0
ch2_ecommerce_behavior,test,1009,C00715,0.0
ch2_ecommerce_behavior,test,1010,C03350,1.0
ch2_ecommerce_behavior,test,1011,C02238,0.0
ch2_ecommerce_behavior,test,1012,C07022,0.0
ch2_ecommerce_behavior,test,1013,C04835,0.0
ch2_ecommerce_behavior,test,1014,C04007,1.0
ch2_ecommerce_behavior,test,1015,C07111,1.0
ch2_ecommerce_behavior,test,1016,C09741,0.0
ch2_ecommerce_behavior,test,1017,C01013,0.0
ch2_ecommerce_behavior,test,1018,C09880,1.0
ch2_ecommerce_behavior,test,1019,C03917,0.0
ch2_ecommerce_behavior,test,1020,C07104,0.0
ch2_ecommerce_behavior,test,1021,C03327,0.0
ch2_ecommerce_behavior,test,1022,C09157,0.0
ch2_ecommerce_behavior,test,1023,C04521,0.0
ch2_ecommerce_behavior,test,1024,C05578,0.0
ch2_ecommerce_behavior,test,1025,C01126,0.0
ch2_ecommerce_behavior,test,1026,C01351,0.0
ch2_ecommerce_behavior,test,1027,C04636,0.0
ch2_ecommerce_behavior,test,1028,C01827,0.0
ch2_ecommerce_behavior,test,1029,C05062,0.0
ch2_ecommerce_behavior,test,1030,C07166,1.0
ch2_ecommerce_behavior,test,1031,C09794,0.0
ch2_ecommerce_behavior,test,1032,C05926,0.0
ch2_ecommerce_behavior,test,1033,C01259,0.0
ch2_ecommerce_behavior,test,1034,C00523,0.0
ch2_ecommerce_behavior,test,1035,C04262,0.0
ch2_ecommerce_behavior,test,1036,C00079,0.0
ch2_ecommerce_behavior,test,1037,C04778,1.0
ch2_ecommerce_behavior,test,1038,C08914,1.0
ch2_ecommerce_behavior,test,1039,C08465,0.0
ch2_ecommerce_behavior,test,1040,C07794,0.0
ch2_ecommerce_behavior,test,1041,C08383,0.0
ch2_ecommerce_behavior,test,1042,C02986,1.0
ch2_ecommerce_behavior,test,1043,C06483,0.0
ch2_ecommerce_behavior,test,1044,C08114,0.0
ch2_ecommerce_behavior,test,1045,C07471,0.0
ch2_ecommerce_behavior,test,1046,C02027,1.0
ch2_ecommerce_behavior,test,1047,C09945,0.0
ch2_ecommerce_behavior,test,1048,C04083,0.0
ch2_ecommerce_behavior,test,1049,C08277,0.0
ch2_ecommerce_behavior,test,1050,C09698,0.0
ch2_ecommerce_behavior,test,1051,C03988,1.0
ch2_ecommerce_behavior,test,1052,C03257,1.0
ch2_ecommerce_behavior,test,1053,C06107,0.0
ch2_ecommerce_behavior,test,1054,C01785,0.0
ch2_ecommerce_behavior,test,1055,C00590,0.0
ch2_ecommerce_behavior,test,1056,C03280,0.0
ch2_ecommerce_behavior,test,1057,C01173,0.0
ch2_ecommerce_behavior,test,1058,C09952,0.0
ch2_ecommerce_behavior,test,1059,C05774,0.0
ch2_ecommerce_behavior,test,1060,C02661,0.0
ch2_ecommerce_behavior,test,1061,C09120,0.0
ch2_ecommerce_behavior,test,1062,C03783,0.0
ch2_ecommerce_behavior,test,1063,C06761,0.0
ch2_ecommerce_behavior,test,1064,C09764,0.0
ch2_ecommerce_behavior,test,1065,C03290,0.0
ch2_ecommerce_behavior,test,1066,C01051,1.0
ch2_ecommerce_behavior,test,1067,C03978,0.0
ch2_ecommerce_behavior,test,1068,C07090,0.0
ch2_ecommerce_behavior,test,1069,C04846,0.0
ch2_ecommerce_behavior,test,1070,C08101,0.0
ch2_ecommerce_behavior,test,1071,C08083,0.0
ch2_ecommerce_behavior,test,1072,C02009,0.0
ch2_ecommerce_behavior,test,1073,C08339,0.0
ch2_ecommerce_behavior,test,1074,C05899,0.0
ch2_ecommerce_behavior,test,1075,C01453,0.0
ch2_ecommerce_behavior,test,1076,C03998,1.0
ch2_ecommerce_behavior,test,1077,C02360,0.0
ch2_ecommerce_behavior,test,1078,C03337,0.0
ch2_ecommerce_behavior,test,1079,C08195,1.0
ch2_ecommerce_behavior,test,1080,C05223,1.0
ch2_ecommerce_behavior,test,1081,C05752,0.0
ch2_ecommerce_behavior,test,1082,C09659,0.0
ch2_ecommerce_behavior,test,1083,C04008,0.0
ch2_ecommerce_behavior,test,1084,C05846,0.0
ch2_ecommerce_behavior,test,1085,C01003,0.0
ch2_ecommerce_behavior,test,1086,C09241,0.0
ch2_ecommerce_behavior,test,1087,C00300,0.0
ch2_ecommerce_behavior,test,1088,C03980,1.0
ch2_ecommerce_behavior,test,1089,C02499,0.0
ch2_ecommerce_behavior,test,1090,C06481,0.0
ch2_ecommerce_behavior,test,1091,C08276,0.0
ch2_ecommerce_behavior,test,1092,C08875,0.0
ch2_ecommerce_behavior,test,1093,C01490,0.0
ch2_ecommerce_behavior,test,1094,C09395,0.0
ch2_ecommerce_behavior,test,1095,C09512,1.0
ch2_ecommerce_behavior,test,1096,C04729,0.0
ch2_ecommerce_behavior,test,1097,C03284,0.0
ch2_ecommerce_behavior,test,1098,C03504,0.0
ch2_ecommerce_behavior,test,1099,C03246,0.0
ch2_ecommerce_behavior,test,1100,C01917,0.0
ch2_ecommerce_behavior,test,1101,C09357,0.0
ch2_ecommerce_behavior,test,1102,C06906,0.0
ch2_ecommerce_behavior,test,1103,C03275,0.0
ch2_ecommerce_behavior,test,1104,C06406,0.0
ch2_ecommerce_behavior,test,1105,C06719,0.0
ch2_ecommerce_behavior,test,1106,C03876,0.0
ch2_ecommerce_behavior,test,1107,C03473,0.0
ch2_ecommerce_behavior,test,1108,C03091,0.0
ch2_ecommerce_behavior,test,1109,C06747,0.0
ch2_ecommerce_behavior,test,1110,C09633,0.0
ch2_ecommerce_behavior,test,1111,C08707,0.0
ch2_ecommerce_behavior,test,1112,C07153,1.0
ch2_ecommerce_behavior,test,1113,C05023,0.0
ch2_ecommerce_behavior,test,1114,C09441,0.0
ch2_ecommerce_behavior,test,1115,C06295,0.0
ch2_ecommerce_behavior,test,1116,C07130,0.0
ch2_ecommerce_behavior,test,1117,C08406,1.0
ch2_ecommerce_behavior,test,1118,C03844,1.0
ch2_ecommerce_behavior,test,1119,C03559,0.0
ch2_ecommerce_behavior,test,1120,C01554,0.0
ch2_ecommerce_behavior,test,1121,C07885,0.0
ch2_ecommerce_behavior,test,1122,C03325,0.0
ch2_ecommerce_behavior,test,1123,C04290,1.0
ch2_ecommerce_behavior,test,1124,C02045,0.0
ch2_ecommerce_behavior,test,1125,C07754,1.0
ch2_ecommerce_behavior,test,1126,C04081,0.0
ch2_ecommerce_behavior,test,1127,C01498,0.0
ch2_ecommerce_behavior,test,1128,C03512,0.0
ch2_ecommerce_behavior,test,1129,C00472,0.0
ch2_ecommerce_behavior,test,1130,C02768,0.0
ch2_ecommerce_behavior,test,1131,C01954,0.0
ch2_ecommerce_behavior,test,1132,C09004,0.0
ch2_ecommerce_behavior,test,1133,C00978,0.0
ch2_ecommerce_behavior,test,1134,C00850,0.0
ch2_ecommerce_behavior,test,1135,C04631,0.0
ch2_ecommerce_behavior,test,1136,C02853,0.0
ch2_ecommerce_behavior,test,1137,C09174,0.0
ch2_ecommerce_behavior,test,1138,C06962,0.0
ch2_ecommerce_behavior,test,1139,C05829,0.0
ch2_ecommerce_behavior,test,1140,C07304,0.0
ch2_ecommerce_behavior,test,1141,C01772,0.0
ch2_ecommerce_behavior,test,1142,C02921,1.0
ch2_ecommerce_behavior,test,1143,C06388,0.0
ch2_ecommerce_behavior,test,1144,C06932,0.0
ch2_ecommerce_behavior,test,1145,C05401,0.0
ch2_ecommerce_behavior,test,1146,C09983,0.0
ch2_ecommerce_behavior,test,1147,C00309,0.0
ch2_ecommerce_behavior,test,1148,C00810,1.0
ch2_ecommerce_behavior,test,1149,C05744,0.0
ch2_ecommerce_behavior,test,1150,C08829,0.0
ch2_ecommerce_behavior,test,1151,C05882,1.0
ch2_ecommerce_behavior,test,1152,C07146,0.0
ch2_ecommerce_behavior,test,1153,C00911,0.0
ch2_ecommerce_behavior,test,1154,C03494,0.0
ch2_ecommerce_behavior,test,1155,C05518,1.0
ch2_ecommerce_behavior,test,1156,C02545,0.0
ch2_ecommerce_behavior,test,1157,C00224,0.0
ch2_ecommerce_behavior,test,1158,C07709,0.0
ch2_ecommerce_behavior,test,1159,C04892,0.0
ch2_ecommerce_behavior,test,1160,C06341,0.0
ch2_ecommerce_behavior,test,1161,C07813,0.0
ch2_ecommerce_behavior,test,1162,C03515,0.0
ch2_ecommerce_behavior,test,1163,C00759,0.0
ch2_ecommerce_behavior,test,1164,C03925,0.0
ch2_ecommerce_behavior,test,1165,C00871,0.0
ch2_ecommerce_behavior,test,1166,C06778,0.0
ch2_ecommerce_behavior,test,1167,C08342,0.0
ch2_ecommerce_behavior,test,1168,C08164,0.0
ch2_ecommerce_behavior,test,1169,C02906,1.0
ch2_ecommerce_behavior,test,1170,C00067,0.0
ch2_ecommerce_behavior,test,1171,C07239,0.0
ch2_ecommerce_behavior,test,1172,C02289,0.0
ch2_ecommerce_behavior,test,1173,C08888,0.0
ch2_ecommerce_behavior,test,1174,C03744,0.0
ch2_ecommerce_behavior,test,1175,C00384,1.0
ch2_ecommerce_behavior,test,1176,C06332,0.0
ch2_ecommerce_behavior,test,1177,C04624,1.0
ch2_ecommerce_behavior,test,1178,C09541,1.0
ch2_ecommerce_behavior,test,1179,C05715,0.0
ch2_ecommerce_behavior,test,1180,C07157,1.0
ch2_ecommerce_behavior,test,1181,C00050,0.0
ch2_ecommerce_behavior,test,1182,C06637,0.0
ch2_ecommerce_behavior,test,1183,C05675,0.0
ch2_ecommerce_behavior,test,1184,C01546,0.0
ch2_ecommerce_behavior,test,1185,C02105,0.0
ch2_ecommerce_behavior,test,1186,C01014,0.0
ch2_ecommerce_behavior,test,1187,C04652,0.0
ch2_ecommerce_behavior,test,1188,C03314,0.0
ch2_ecommerce_behavior,test,1189,C09954,0.0
ch2_ecommerce_behavior,test,1190,C03865,1.0
ch2_ecommerce_behavior,test,1191,C08344,0.0
ch2_ecommerce_behavior,test,1192,C09001,0.0
ch2_ecommerce_behavior,test,1193,C01373,0.0
ch2_ecommerce_behavior,test,1194,C00812,1.0
ch2_ecommerce_behavior,test,1195,C06166,0.0
ch2_ecommerce_behavior,test,1196,C04541,0.0
ch2_ecommerce_behavior,test,1197,C08525,0.0
ch2_ecommerce_behavior,test,1198,C09718,0.0
ch2_ecommerce_behavior,test,1199,C00172,1.0
ch2_ecommerce_behavior,test,1200,C01093,0.0
ch2_ecommerce_behavior,test,1201,C03594,0.0
ch2_ecommerce_behavior,test,1202,C02850,1.0
ch2_ecommerce_behavior,test,1203,C05194,0.0
ch2_ecommerce_behavior,test,1204,C03333,0.0
ch2_ecommerce_behavior,test,1205,C06380,0.0
ch2_ecommerce_behavior,test,1206,C06254,0.0
ch2_ecommerce_behavior,test,1207,C07655,0.0
ch2_ecommerce_behavior,test,1208,C00406,1.0
ch2_ecommerce_behavior,test,1209,C09555,1.0
ch2_ecommerce_behavior,test,1210,C00385,0.0
ch2_ecommerce_behavior,test,1211,C04487,0.0
ch2_ecommerce_behavior,test,1212,C03602,0.0
ch2_ecommerce_behavior,test,1213,C02375,0.0
ch2_ecommerce_behavior,test,1214,C04996,0.0
ch2_ecommerce_behavior,test,1215,C03885,1.0
ch2_ecommerce_behavior,test,1216,C07481,0.0
ch2_ecommerce_behavior,test,1217,C02373,0.0
ch2_ecommerce_behavior,test,1218,C02642,0.0
ch2_ecommerce_behavior,test,1219,C09628,0.0
ch2_ecommerce_behavior,test,1220,C02659,1.0
ch2_ecommerce_behavior,test,1221,C04581,0.0
ch2_ecommerce_behavior,test,1222,C08351,0.0
ch2_ecommerce_behavior,test,1223,C01880,0.0
ch2_ecommerce_behavior,test,1224,C02544,0.0
ch2_ecommerce_behavior,test,1225,C09883,0.0
ch2_ecommerce_behavior,test,1226,C02488,0.0
ch2_ecommerce_behavior,test,1227,C09442,0.0
ch2_ecommerce_behavior,test,1228,C09781,1.0
ch2_ecommerce_behavior,test,1229,C08901,0.0
ch2_ecommerce_behavior,test,1230,C06873,0.0
ch2_ecommerce_behavior,test,1231,C02511,0.0
ch2_ecommerce_behavior,test,1232,C09644,0.0
ch2_ecommerce_behavior,test,1233,C06541,0.0
ch2_ecommerce_behavior,test,1234,C06548,0.0
ch2_ecommerce_behavior,test,1235,C00144,0.0
ch2_ecommerce_behavior,test,1236,C04219,0.0
ch2_ecommerce_behavior,test,1237,C02630,0.0
ch2_ecommerce_behavior,test,1238,C09022,0.0
ch2_ecommerce_behavior,test,1239,C04133,0.0
ch2_ecommerce_behavior,test,1240,C05379,0.0
ch2_ecommerce_behavior,test,1241,C01892,0.0
ch2_ecommerce_behavior,test,1242,C06565,0.0
ch2_ecommerce_behavior,test,1243,C09546,0.0
ch2_ecommerce_behavior,test,1244,C00234,0.0
ch2_ecommerce_behavior,test,1245,C06180,0.0
ch2_ecommerce_behavior,test,1246,C06132,0.0
ch2_ecommerce_behavior,test,1247,C07025,0.0
ch2_ecommerce_behavior,test,1248,C08744,0.0
ch2_ecommerce_behavior,test,1249,C03138,0.0
ch2_ecommerce_behavior,test,1250,C00267,0.0
ch2_ecommerce_behavior,test,1251,C02671,0.0
ch2_ecommerce_behavior,test,1252,C08536,0.0
ch2_ecommerce_behavior,test,1253,C09402,0.0
ch2_ecommerce_behavior,test,1254,C04962,0.0
ch2_ecommerce_behavior,test,1255,C06365,0.0
ch2_ecommerce_behavior,test,1256,C05873,0.0
ch2_ecommerce_behavior,test,1257,C04839,1.0
ch2_ecommerce_behavior,test,1258,C07757,0.0
ch2_ecommerce_behavior,test,1259,C09815,0.0
ch2_ecommerce_behavior,test,1260,C08366,1.0
ch2_ecommerce_behavior,test,1261,C03289,0.0
ch2_ecommerce_behavior,test,1262,C04412,0.0
ch2_ecommerce_behavior,test,1263,C02297,1.0
ch2_ecommerce_behavior,test,1264,C06183,0.0
ch2_ecommerce_behavior,test,1265,C02361,0.0
ch2_ecommerce_behavior,test,1266,C07756,0.0
ch2_ecommerce_behavior,test,1267,C00665,0.0
ch2_ecommerce_behavior,test,1268,C08302,1.0
ch2_ecommerce_behavior,test,1269,C06436,0.0
ch2_ecommerce_behavior,test,1270,C05815,0.0
ch2_ecommerce_behavior,test,1271,C08874,0.0
ch2_ecommerce_behavior,test,1272,C04815,0.0
ch2_ecommerce_behavior,test,1273,C05879,0.0
ch2_ecommerce_behavior,test,1274,C03356,1.0
ch2_ecommerce_behavior,test,1275,C01829,0.0
ch2_ecommerce_behavior,test,1276,C00756,0.0
ch2_ecommerce_behavior,test,1277,C05076,0.0
ch2_ecommerce_behavior,test,1278,C08095,0.0
ch2_ecommerce_behavior,test,1279,C04564,0.0
ch2_ecommerce_behavior,test,1280,C08210,1.0
ch2_ecommerce_behavior,test,1281,C08778,0.0
ch2_ecommerce_behavior,test,1282,C06465,0.0
ch2_ecommerce_behavior,test,1283,C08230,0.0
ch2_ecommerce_behavior,test,1284,C07059,0.0
ch2_ecommerce_behavior,test,1285,C02156,1.0
ch2_ecommerce_behavior,test,1286,C09290,0.0
ch2_ecommerce_behavior,test,1287,C07434,0.0
ch2_ecommerce_behavior,test,1288,C01961,0.0
ch2_ecommerce_behavior,test,1289,C08151,0.0
ch2_ecommerce_behavior,test,1290,C03676,0.0
ch2_ecommerce_behavior,test,1291,C04280,1.0
ch2_ecommerce_behavior,test,1292,C06260,0.0
ch2_ecommerce_behavior,test,1293,C01130,0.0
ch2_ecommerce_behavior,test,1294,C08007,0.0
ch2_ecommerce_behavior,test,1295,C09484,0.0
ch2_ecommerce_behavior,test,1296,C03301,0.0
ch2_ecommerce_behavior,test,1297,C03389,1.0
ch2_ecommerce_behavior,test,1298,C03533,0.0
ch2_ecommerce_behavior,test,1299,C02956,0.0
ch2_ecommerce_behavior,test,1300,C08058,1.0
ch2_ecommerce_behavior,test,1301,C04088,0.0
ch2_ecommerce_behavior,test,1302,C04667,0.0
ch2_ecommerce_behavior,test,1303,C00123,0.0
ch2_ecommerce_behavior,test,1304,C00357,0.0
ch2_ecommerce_behavior,test,1305,C05331,0.0
ch2_ecommerce_behavior,test,1306,C04663,1.0
ch2_ecommerce_behavior,test,1307,C02284,0.0
ch2_ecommerce_behavior,test,1308,C01303,1.0
ch2_ecommerce_behavior,test,1309,C05563,1.0
ch2_ecommerce_behavior,test,1310,C02565,0.0
ch2_ecommerce_behavior,test,1311,C05542,0.0
ch2_ecommerce_behavior,test,1312,C00652,1.0
ch2_ecommerce_behavior,test,1313,C03951,0.0
ch2_ecommerce_behavior,test,1314,C00593,0.0
ch2_ecommerce_behavior,test,1315,C05705,0.0
ch2_ecommerce_behavior,test,1316,C04116,0.0
ch2_ecommerce_behavior,test,1317,C06025,0.0
ch2_ecommerce_behavior,test,1318,C02012,0.0
ch2_ecommerce_behavior,test,1319,C01989,0.0
ch2_ecommerce_behavior,test,1320,C09270,0.0
ch2_ecommerce_behavior,test,1321,C02644,0.0
ch2_ecommerce_behavior,test,1322,C06404,1.0
ch2_ecommerce_behavior,test,1323,C05342,0.0
ch2_ecommerce_behavior,test,1324,C03830,0.0
ch2_ecommerce_behavior,test,1325,C09594,0.0
ch2_ecommerce_behavior,test,1326,C00733,1.0
ch2_ecommerce_behavior,test,1327,C03278,0.0
ch2_ecommerce_behavior,test,1328,C02687,1.0
ch2_ecommerce_behavior,test,1329,C03800,0.0
ch2_ecommerce_behavior,test,1330,C02518,0.0
ch2_ecommerce_behavior,test,1331,C03637,0.0
ch2_ecommerce_behavior,test,1332,C02388,0.0
ch2_ecommerce_behavior,test,1333,C03635,0.0
ch2_ecommerce_behavior,test,1334,C00671,1.0
ch2_ecommerce_behavior,test,1335,C01877,0.0
ch2_ecommerce_behavior,test,1336,C09598,0.0
ch2_ecommerce_behavior,test,1337,C00956,0.0
ch2_ecommerce_behavior,test,1338,C08749,1.0
ch2_ecommerce_behavior,test,1339,C04950,0.0
ch2_ecommerce_behavior,test,1340,C05737,1.0
ch2_ecommerce_behavior,test,1341,C00286,0.0
ch2_ecommerce_behavior,test,1342,C05634,1.0
ch2_ecommerce_behavior,test,1343,C05336,0.0
ch2_ecommerce_behavior,test,1344,C05172,0.0
ch2_ecommerce_behavior,test,1345,C06872,0.0
ch2_ecommerce_behavior,test,1346,C02770,1.0
ch2_ecommerce_behavior,test,1347,C03053,0.0
ch2_ecommerce_behavior,test,1348,C08539,0.0
ch2_ecommerce_behavior,test,1349,C08805,0.0
ch2_ecommerce_behavior,test,1350,C00606,0.0
ch2_ecommerce_behavior,test,1351,C09472,0.0
ch2_ecommerce_behavior,test,1352,C03035,0.0
ch2_ecommerce_behavior,test,1353,C05006,0.0
ch2_ecommerce_behavior,test,1354,C00722,0.0
ch2_ecommerce_behavior,test,1355,C03892,1.0
ch2_ecommerce_behavior,test,1356,C00861,0.0
ch2_ecommerce_behavior,test,1357,C03364,1.0
ch2_ecommerce_behavior,test,1358,C03075,0.0
ch2_ecommerce_behavior,test,1359,C00004,0.0
ch2_ecommerce_behavior,test,1360,C01061,0.0
ch2_ecommerce_behavior,test,1361,C03081,0.0
ch2_ecommerce_behavior,test,1362,C01171,0.0
ch2_ecommerce_behavior,test,1363,C03789,0.0
ch2_ecommerce_behavior,test,1364,C09361,0.0
ch2_ecommerce_behavior,test,1365,C05050,1.0
ch2_ecommerce_behavior,test,1366,C07996,0.0
ch2_ecommerce_behavior,test,1367,C07601,0.0
ch2_ecommerce_behavior,test,1368,C03873,0.0
ch2_ecommerce_behavior,test,1369,C04787,0.0
ch2_ecommerce_behavior,test,1370,C01359,0.0
ch2_ecommerce_behavior,test,1371,C02291,0.0
ch2_ecommerce_behavior,test,1372,C00136,1.0
ch2_ecommerce_behavior,test,1373,C09630,0.0
ch2_ecommerce_behavior,test,1374,C09475,1.0
ch2_ecommerce_behavior,test,1375,C09466,0.0
ch2_ecommerce_behavior,test,1376,C04765,1.0
ch2_ecommerce_behavior,test,1377,C08850,0.0
ch2_ecommerce_behavior,test,1378,C09903,0.0
ch2_ecommerce_behavior,test,1379,C05612,0.0
ch2_ecommerce_behavior,test,1380,C08724,0.0
ch2_ecommerce_behavior,test,1381,C04168,0.0
ch2_ecommerce_behavior,test,1382,C03272,0.0
ch2_ecommerce_behavior,test,1383,C01159,0.0
ch2_ecommerce_behavior,test,1384,C07951,0.0
ch2_ecommerce_behavior,test,1385,C07938,0.0
ch2_ecommerce_behavior,test,1386,C00081,0.0
ch2_ecommerce_behavior,test,1387,C03787,1.0
ch2_ecommerce_behavior,test,1388,C01956,0.0
ch2_ecommerce_behavior,test,1389,C02502,1.0
ch2_ecommerce_behavior,test,1390,C07173,0.0
ch2_ecommerce_behavior,test,1391,C09948,0.0
ch2_ecommerce_behavior,test,1392,C04907,0.0
ch2_ecommerce_behavior,test,1393,C06441,0.0
ch2_ecommerce_behavior,test,1394,C08973,0.0
ch2_ecommerce_behavior,test,1395,C00460,1.0
ch2_ecommerce_behavior,test,1396,C00483,0.0
ch2_ecommerce_behavior,test,1397,C00896,0.0
ch2_ecommerce_behavior,test,1398,C04898,0.0
ch2_ecommerce_behavior,test,1399,C06625,0.0
ch2_ecommerce_behavior,test,1400,C06915,0.0
ch2_ecommerce_behavior,test,1401,C01389,0.0
ch2_ecommerce_behavior,test,1402,C01262,0.0
ch2_ecommerce_behavior,test,1403,C00854,0.0
ch2_ecommerce_behavior,test,1404,C03474,1.0
ch2_ecommerce_behavior,test,1405,C07686,0.0
ch2_ecommerce_behavior,test,1406,C08069,1.0
ch2_ecommerce_behavior,test,1407,C03913,0.0
ch2_ecommerce_behavior,test,1408,C07435,0.0
ch2_ecommerce_behavior,test,1409,C09080,0.0
ch2_ecommerce_behavior,test,1410,C03862,0.0
ch2_ecommerce_behavior,test,1411,C04775,1.0
ch2_ecommerce_behavior,test,1412,C09479,0.0
ch2_ecommerce_behavior,test,1413,C00681,0.0
ch2_ecommerce_behavior,test,1414,C07341,1.0
ch2_ecommerce_behavior,test,1415,C01265,0.0
ch2_ecommerce_behavior,test,1416,C00784,0.0
ch2_ecommerce_behavior,test,1417,C02476,0.0
ch2_ecommerce_behavior,test,1418,C07582,0.0
ch2_ecommerce_behavior,test,1419,C07202,0.0
ch2_ecommerce_behavior,test,1420,C04179,0.0
ch2_ecommerce_behavior,test,1421,C06084,0.0
ch2_ecommerce_behavior,test,1422,C03827,0.0
ch2_ecommerce_behavior,test,1423,C07420,0.0
ch2_ecommerce_behavior,test,1424,C05804,0.0
ch2_ecommerce_behavior,test,1425,C05594,0.0
ch2_ecommerce_behavior,test,1426,C00279,0.0
ch2_ecommerce_behavior,test,1427,C03956,0.0
ch2_ecommerce_behavior,test,1428,C05708,0.0
ch2_ecommerce_behavior,test,1429,C01919,0.0
ch2_ecommerce_behavior,test,1430,C02017,0.0
ch2_ecommerce_behavior,test,1431,C04980,0.0
ch2_ecommerce_behavior,test,1432,C06899,0.0
ch2_ecommerce_behavior,test,1433,C06704,0.0
ch2_ecommerce_behavior,test,1434,C06185,0.0
ch2_ecommerce_behavior,test,1435,C09359,0.0
ch2_ecommerce_behavior,test,1436,C09389,0.0
ch2_ecommerce_behavior,test,1437,C01088,0.0
ch2_ecommerce_behavior,test,1438,C01528,0.0
ch2_ecommerce_behavior,test,1439,C01664,0.0
ch2_ecommerce_behavior,test,1440,C02958,0.0
ch2_ecommerce_behavior,test,1441,C04230,0.0
ch2_ecommerce_behavior,test,1442,C06686,0.0
ch2_ecommerce_behavior,test,1443,C05178,0.0
ch2_ecommerce_behavior,test,1444,C07024,0.0
ch2_ecommerce_behavior,test,1445,C07062,0.0
ch2_ecommerce_behavior,test,1446,C00160,0.0
ch2_ecommerce_behavior,test,1447,C05644,1.0
ch2_ecommerce_behavior,test,1448,C09227,0.0
ch2_ecommerce_behavior,test,1449,C00293,0.0
ch2_ecommerce_behavior,test,1450,C05965,1.0
ch2_ecommerce_behavior,test,1451,C08708,0.0
ch2_ecommerce_behavior,test,1452,C06391,0.0
ch2_ecommerce_behavior,test,1453,C08833,0.0
ch2_ecommerce_behavior,test,1454,C08416,0.0
ch2_ecommerce_behavior,test,1455,C06736,0.0
ch2_ecommerce_behavior,test,1456,C02517,0.0
ch2_ecommerce_behavior,test,1457,C07553,0.0
ch2_ecommerce_behavior,test,1458,C04942,0.0
ch2_ecommerce_behavior,test,1459,C09660,0.0
ch2_ecommerce_behavior,test,1460,C02602,0.0
ch2_ecommerce_behavior,test,1461,C03867,1.0
ch2_ecommerce_behavior,test,1462,C00940,1.0
ch2_ecommerce_behavior,test,1463,C07807,1.0
ch2_ecommerce_behavior,test,1464,C00068,0.0
ch2_ecommerce_behavior,test,1465,C02008,1.0
ch2_ecommerce_behavior,test,1466,C09044,0.0
ch2_ecommerce_behavior,test,1467,C05746,0.0
ch2_ecommerce_behavior,test,1468,C01066,0.0
ch2_ecommerce_behavior,test,1469,C06334,0.0
ch2_ecommerce_behavior,test,1470,C02374,0.0
ch2_ecommerce_behavior,test,1471,C01994,0.0
ch2_ecommerce_behavior,test,1472,C04414,0.0
ch2_ecommerce_behavior,test,1473,C07391,0.0
ch2_ecommerce_behavior,test,1474,C05510,0.0
ch2_ecommerce_behavior,test,1475,C00538,0.0
ch2_ecommerce_behavior,test,1476,C03436,0.0
ch2_ecommerce_behavior,test,1477,C04043,0.0
ch2_ecommerce_behavior,test,1478,C07537,0.0
ch2_ecommerce_behavior,test,1479,C04138,0.0
ch2_ecommerce_behavior,test,1480,C04429,1.0
ch2_ecommerce_behavior,test,1481,C01433,1.0
ch2_ecommerce_behavior,test,1482,C00557,0.0
ch2_ecommerce_behavior,test,1483,C01021,0.0
ch2_ecommerce_behavior,test,1484,C02214,0.0
ch2_ecommerce_behavior,test,1485,C07555,0.0
ch2_ecommerce_behavior,test,1486,C04878,0.0
ch2_ecommerce_behavior,test,1487,C09589,0.0
ch2_ecommerce_behavior,test,1488,C07887,0.0
ch2_ecommerce_behavior,test,1489,C05111,0.0
ch2_ecommerce_behavior,test,1490,C04326,1.0
ch2_ecommerce_behavior,test,1491,C05028,0.0
ch2_ecommerce_behavior,test,1492,C01629,1.0
ch2_ecommerce_behavior,test,1493,C01874,0.0
ch2_ecommerce_behavior,test,1494,C07169,0.0
ch2_ecommerce_behavior,test,1495,C06325,0.0
ch2_ecommerce_behavior,test,1496,C03546,0.0
ch2_ecommerce_behavior,test,1497,C08623,0.0
ch2_ecommerce_behavior,test,1498,C05224,1.0
ch2_ecommerce_behavior,test,1499,C07401,0.0
ch2_ecommerce_behavior,test,1500,C06170,1.0
ch2_ecommerce_behavior,test,1501,C09730,0.0
ch2_ecommerce_behavior,test,1502,C07162,0.0
ch2_ecommerce_behavior,test,1503,C08660,1.0
ch2_ecommerce_behavior,test,1504,C05233,0.0
ch2_ecommerce_behavior,test,1505,C03149,0.0
ch2_ecommerce_behavior,test,1506,C08693,0.0
ch2_ecommerce_behavior,test,1507,C02504,0.0
ch2_ecommerce_behavior,test,1508,C01326,0.0
ch2_ecommerce_behavior,test,1509,C01438,0.0
ch2_ecommerce_behavior,test,1510,C05623,0.0
ch2_ecommerce_behavior,test,1511,C01163,0.0
ch2_ecommerce_behavior,test,1512,C08598,1.0
ch2_ecommerce_behavior,test,1513,C08752,0.0
ch2_ecommerce_behavior,test,1514,C01084,1.0
ch2_ecommerce_behavior,test,1515,C03711,0.0
ch2_ecommerce_behavior,test,1516,C00767,0.0
ch2_ecommerce_behavior,test,1517,C06974,1.0
ch2_ecommerce_behavior,test,1518,C05407,0.0
ch2_ecommerce_behavior,test,1519,C01365,0.0
ch2_ecommerce_behavior,test,1520,C03216,0.0
ch2_ecommerce_behavior,test,1521,C06045,0.0
ch2_ecommerce_behavior,test,1522,C00845,0.0
ch2_ecommerce_behavior,test,1523,C02486,0.0
ch2_ecommerce_behavior,test,1524,C08378,0.0
ch2_ecommerce_behavior,test,1525,C07681,0.0
ch2_ecommerce_behavior,test,1526,C07637,0.0
ch2_ecommerce_behavior,test,1527,C00175,0.0
ch2_ecommerce_behavior,test,1528,C00623,0.0
ch2_ecommerce_behavior,test,1529,C06011,0.0
ch2_ecommerce_behavior,test,1530,C04248,0.0
ch2_ecommerce_behavior,test,1531,C07478,0.0
ch2_ecommerce_behavior,test,1532,C04218,0.0
ch2_ecommerce_behavior,test,1533,C04183,0.0
ch2_ecommerce_behavior,test,1534,C01207,0.0
ch2_ecommerce_behavior,test,1535,C04209,0.0
ch2_ecommerce_behavior,test,1536,C03341,0.0
ch2_ecommerce_behavior,test,1537,C06782,1.0
ch2_ecommerce_behavior,test,1538,C09048,1.0
ch2_ecommerce_behavior,test,1539,C07703,1.0
ch2_ecommerce_behavior,test,1540,C09109,0.0
ch2_ecommerce_behavior,test,1541,C04796,0.0
ch2_ecommerce_behavior,test,1542,C09765,1.0
ch2_ecommerce_behavior,test,1543,C03402,0.0
ch2_ecommerce_behavior,test,1544,C01125,1.0
ch2_ecommerce_behavior,test,1545,C02468,0.0
ch2_ecommerce_behavior,test,1546,C06981,1.0
ch2_ecommerce_behavior,test,1547,C00245,0.0
ch2_ecommerce_behavior,test,1548,C05776,0.0
ch2_ecommerce_behavior,test,1549,C08466,0.0
ch2_ecommerce_behavior,test,1550,C07947,0.0
ch2_ecommerce_behavior,test,1551,C00191,1.0
ch2_ecommerce_behavior,test,1552,C09784,0.0
ch2_ecommerce_behavior,test,1553,C06857,0.0
ch2_ecommerce_behavior,test,1554,C04293,0.0
ch2_ecommerce_behavior,test,1555,C04063,0.0
ch2_ecommerce_behavior,test,1556,C03762,0.0
ch2_ecommerce_behavior,test,1557,C05631,0.0
ch2_ecommerce_behavior,test,1558,C04031,0.0
ch2_ecommerce_behavior,test,1559,C06933,0.0
ch2_ecommerce_behavior,test,1560,C03931,0.0
ch2_ecommerce_behavior,test,1561,C02409,0.0
ch2_ecommerce_behavior,test,1562,C03759,0.0
ch2_ecommerce_behavior,test,1563,C06947,0.0
ch2_ecommerce_behavior,test,1564,C06283,0.0
ch2_ecommerce_behavior,test,1565,C06707,0.0
ch2_ecommerce_behavior,test,1566,C08742,0.0
ch2_ecommerce_behavior,test,1567,C02863,0.0
ch2_ecommerce_behavior,test,1568,C09438,0.0
ch2_ecommerce_behavior,test,1569,C07859,0.0
ch2_ecommerce_behavior,test,1570,C01330,0.0
ch2_ecommerce_behavior,test,1571,C01362,0.0
ch2_ecommerce_behavior,test,1572,C09140,1.0
ch2_ecommerce_behavior,test,1573,C08770,0.0
ch2_ecommerce_behavior,test,1574,C02470,1.0
ch2_ecommerce_behavior,test,1575,C04363,1.0
ch2_ecommerce_behavior,test,1576,C00466,1.0
ch2_ecommerce_behavior,test,1577,C07606,0.0
ch2_ecommerce_behavior,test,1578,C05282,0.0
ch2_ecommerce_behavior,test,1579,C00459,0.0
ch2_ecommerce_behavior,test,1580,C07861,0.0
ch2_ecommerce_behavior,test,1581,C05093,0.0
ch2_ecommerce_behavior,test,1582,C02128,1.0
ch2_ecommerce_behavior,test,1583,C01551,0.0
ch2_ecommerce_behavior,test,1584,C06161,0.0
ch2_ecommerce_behavior,test,1585,C06963,0.0
ch2_ecommerce_behavior,test,1586,C06141,0.0
ch2_ecommerce_behavior,test,1587,C07156,0.0
ch2_ecommerce_behavior,test,1588,C05748,0.0
ch2_ecommerce_behavior,test,1589,C06967,1.0
ch2_ecommerce_behavior,test,1590,C03647,0.0
ch2_ecommerce_behavior,test,1591,C07586,0.0
ch2_ecommerce_behavior,test,1592,C05460,0.0
ch2_ecommerce_behavior,test,1593,C08891,0.0
ch2_ecommerce_behavior,test,1594,C09838,0.0
ch2_ecommerce_behavior,test,1595,C03051,0.0
ch2_ecommerce_behavior,test,1596,C09035,0.0
ch2_ecommerce_behavior,test,1597,C04695,0.0
ch2_ecommerce_behavior,test,1598,C01198,0.0
ch2_ecommerce_behavior,test,1599,C04041,0.0
ch2_ecommerce_behavior,test,1600,C08414,0.0
ch2_ecommerce_behavior,test,1601,C03974,0.0
ch2_ecommerce_behavior,test,1602,C05335,0.0
ch2_ecommerce_behavior,test,1603,C09634,1.0
ch2_ecommerce_behavior,test,1604,C09580,0.0
ch2_ecommerce_behavior,test,1605,C07979,0.0
ch2_ecommerce_behavior,test,1606,C05969,0.0
ch2_ecommerce_behavior,test,1607,C03372,0.0
ch2_ecommerce_behavior,test,1608,C09053,0.0
ch2_ecommerce_behavior,test,1609,C08391,0.0
ch2_ecommerce_behavior,test,1610,C09923,0.0
ch2_ecommerce_behavior,test,1611,C02604,0.0
ch2_ecommerce_behavior,test,1612,C08419,0.0
ch2_ecommerce_behavior,test,1613,C04888,0.0
ch2_ecommerce_behavior,test,1614,C00801,0.0
ch2_ecommerce_behavior,test,1615,C01946,1.0
ch2_ecommerce_behavior,test,1616,C09985,0.0
ch2_ecommerce_behavior,test,1617,C06510,0.0
ch2_ecommerce_behavior,test,1618,C09647,0.0
ch2_ecommerce_behavior,test,1619,C08931,0.0
ch2_ecommerce_behavior,test,1620,C04304,0.0
ch2_ecommerce_behavior,test,1621,C02324,0.0
ch2_ecommerce_behavior,test,1622,C08011,0.0
ch2_ecommerce_behavior,test,1623,C03713,0.0
ch2_ecommerce_behavior,test,1624,C00740,0.0
ch2_ecommerce_behavior,test,1625,C01482,0.0
ch2_ecommerce_behavior,test,1626,C07240,0.0
ch2_ecommerce_behavior,test,1627,C03622,0.0
ch2_ecommerce_behavior,test,1628,C06219,0.0
ch2_ecommerce_behavior,test,1629,C03241,0.0
ch2_ecommerce_behavior,test,1630,C05711,0.0
ch2_ecommerce_behavior,test,1631,C06539,1.0
ch2_ecommerce_behavior,test,1632,C04131,0.0
ch2_ecommerce_behavior,test,1633,C08920,0.0
ch2_ecommerce_behavior,test,1634,C02421,1.0
ch2_ecommerce_behavior,test,1635,C04055,0.0
ch2_ecommerce_behavior,test,1636,C02304,1.0
ch2_ecommerce_behavior,test,1637,C01452,0.0
ch2_ecommerce_behavior,test,1638,C00913,0.0
ch2_ecommerce_behavior,test,1639,C08715,1.0
ch2_ecommerce_behavior,test,1640,C05091,0.0
ch2_ecommerce_behavior,test,1641,C06247,1.0
ch2_ecommerce_behavior,test,1642,C08713,0.0
ch2_ecommerce_behavior,test,1643,C06237,1.0
ch2_ecommerce_behavior,test,1644,C09024,0.0
ch2_ecommerce_behavior,test,1645,C05875,0.0
ch2_ecommerce_behavior,test,1646,C07427,0.0
ch2_ecommerce_behavior,test,1647,C00239,0.0
ch2_ecommerce_behavior,test,1648,C01566,1.0
ch2_ecommerce_behavior,test,1649,C02460,0.0
ch2_ecommerce_behavior,test,1650,C04121,0.0
ch2_ecommerce_behavior,test,1651,C06693,0.0
ch2_ecommerce_behavior,test,1652,C05299,1.0
ch2_ecommerce_behavior,test,1653,C08345,0.0
ch2_ecommerce_behavior,test,1654,C01790,0.0
ch2_ecommerce_behavior,test,1655,C07696,0.0
ch2_ecommerce_behavior,test,1656,C09752,1.0
ch2_ecommerce_behavior,test,1657,C03732,1.0
ch2_ecommerce_behavior,test,1658,C07208,0.0
ch2_ecommerce_behavior,test,1659,C04246,0.0
ch2_ecommerce_behavior,test,1660,C09164,0.0
ch2_ecommerce_behavior,test,1661,C06420,0.0
ch2_ecommerce_behavior,test,1662,C08651,0.0
ch2_ecommerce_behavior,test,1663,C07289,0.0
ch2_ecommerce_behavior,test,1664,C08293,1.0
ch2_ecommerce_behavior,test,1665,C09575,0.0
ch2_ecommerce_behavior,test,1666,C07323,0.0
ch2_ecommerce_behavior,test,1667,C01201,0.0
ch2_ecommerce_behavior,test,1668,C04593,1.0
ch2_ecommerce_behavior,test,1669,C04941,1.0
ch2_ecommerce_behavior,test,1670,C03986,0.0
ch2_ecommerce_behavior,test,1671,C08974,0.0
ch2_ecommerce_behavior,test,1672,C03393,0.0
ch2_ecommerce_behavior,test,1673,C06978,0.0
ch2_ecommerce_behavior,test,1674,C01890,1.0
ch2_ecommerce_behavior,test,1675,C00335,0.0
ch2_ecommerce_behavior,test,1676,C08709,0.0
ch2_ecommerce_behavior,test,1677,C06402,0.0
ch2_ecommerce_behavior,test,1678,C05382,0.0
ch2_ecommerce_behavior,test,1679,C03251,0.0
ch2_ecommerce_behavior,test,1680,C08170,1.0
ch2_ecommerce_behavior,test,1681,C00410,0.0
ch2_ecommerce_behavior,test,1682,C06246,0.0
ch2_ecommerce_behavior,test,1683,C03638,0.0
ch2_ecommerce_behavior,test,1684,C09084,1.0
ch2_ecommerce_behavior,test,1685,C09050,0.0
ch2_ecommerce_behavior,test,1686,C02277,0.0
ch2_ecommerce_behavior,test,1687,C01577,0.0
ch2_ecommerce_behavior,test,1688,C02707,0.0
ch2_ecommerce_behavior,test,1689,C00330,0.0
ch2_ecommerce_behavior,test,1690,C02431,0.0
ch2_ecommerce_behavior,test,1691,C01493,0.0
ch2_ecommerce_behavior,test,1692,C05904,0.0
ch2_ecommerce_behavior,test,1693,C05004,0.0
ch2_ecommerce_behavior,test,1694,C06050,0.0
ch2_ecommerce_behavior,test,1695,C01511,0.0
ch2_ecommerce_behavior,test,1696,C06653,0.0
ch2_ecommerce_behavior,test,1697,C08933,0.0
ch2_ecommerce_behavior,test,1698,C04299,0.0
ch2_ecommerce_behavior,test,1699,C09092,0.0
ch2_ecommerce_behavior,test,1700,C03330,0.0
ch2_ecommerce_behavior,test,1701,C00621,0.0
ch2_ecommerce_behavior,test,1702,C08910,0.0
ch2_ecommerce_behavior,test,1703,C00179,1.0
ch2_ecommerce_behavior,test,1704,C09362,0.0
ch2_ecommerce_behavior,test,1705,C07033,1.0
ch2_ecommerce_behavior,test,1706,C08673,0.0
ch2_ecommerce_behavior,test,1707,C07417,0.0
ch2_ecommerce_behavior,test,1708,C09255,0.0
ch2_ecommerce_behavior,test,1709,C03689,0.0
ch2_ecommerce_behavior,test,1710,C08837,0.0
ch2_ecommerce_behavior,test,1711,C01585,0.0
ch2_ecommerce_behavior,test,1712,C02611,0.0
ch2_ecommerce_behavior,test,1713,C01129,0.0
ch2_ecommerce_behavior,test,1714,C06243,0.0
ch2_ecommerce_behavior,test,1715,C05470,1.0
ch2_ecommerce_behavior,test,1716,C05067,0.0
ch2_ecommerce_behavior,test,1717,C00171,0.0
ch2_ecommerce_behavior,test,1718,C05834,0.0
ch2_ecommerce_behavior,test,1719,C08796,1.0
ch2_ecommerce_behavior,test,1720,C01118,0.0
ch2_ecommerce_behavior,test,1721,C07205,0.0
ch2_ecommerce_behavior,test,1722,C04006,0.0
ch2_ecommerce_behavior,test,1723,C09607,0.0
ch2_ecommerce_behavior,test,1724,C04858,0.0
ch2_ecommerce_behavior,test,1725,C03953,0.0
ch2_ecommerce_behavior,test,1726,C07844,0.0
ch2_ecommerce_behavior,test,1727,C07222,0.0
ch2_ecommerce_behavior,test,1728,C07538,1.0
ch2_ecommerce_behavior,test,1729,C04794,0.0
ch2_ecommerce_behavior,test,1730,C09043,0.0
ch2_ecommerce_behavior,test,1731,C04772,0.0
ch2_ecommerce_behavior,test,1732,C06697,0.0
ch2_ecommerce_behavior,test,1733,C05246,1.0
ch2_ecommerce_behavior,test,1734,C05692,0.0
ch2_ecommerce_behavior,test,1735,C01174,0.0
ch2_ecommerce_behavior,test,1736,C07821,0.0
ch2_ecommerce_behavior,test,1737,C01401,1.0
ch2_ecommerce_behavior,test,1738,C06493,0.0
ch2_ecommerce_behavior,test,1739,C01652,0.0
ch2_ecommerce_behavior,test,1740,C07530,0.0
ch2_ecommerce_behavior,test,1741,C08653,0.0
ch2_ecommerce_behavior,test,1742,C04709,0.0
ch2_ecommerce_behavior,test,1743,C06356,0.0
ch2_ecommerce_behavior,test,1744,C02723,0.0
ch2_ecommerce_behavior,test,1745,C04196,0.0
ch2_ecommerce_behavior,test,1746,C06711,0.0
ch2_ecommerce_behavior,test,1747,C04322,0.0
ch2_ecommerce_behavior,test,1748,C02991,0.0
ch2_ecommerce_behavior,test,1749,C06157,0.0
ch2_ecommerce_behavior,test,1750,C07081,0.0
ch2_ecommerce_behavior,test,1751,C07044,0.0
ch2_ecommerce_behavior,test,1752,C08377,0.0
ch2_ecommerce_behavior,test,1753,C05976,0.0
ch2_ecommerce_behavior,test,1754,C09239,0.0
ch2_ecommerce_behavior,test,1755,C07250,0.0
ch2_ecommerce_behavior,test,1756,C05777,0.0
ch2_ecommerce_behavior,test,1757,C09258,0.0
ch2_ecommerce_behavior,test,1758,C09020,0.0
ch2_ecommerce_behavior,test,1759,C03712,1.0
ch2_ecommerce_behavior,test,1760,C06624,0.0
ch2_ecommerce_behavior,test,1761,C01177,0.0
ch2_ecommerce_behavior,test,1762,C05793,0.0
ch2_ecommerce_behavior,test,1763,C03959,0.0
ch2_ecommerce_behavior,test,1764,C08723,0.0
ch2_ecommerce_behavior,test,1765,C02411,0.0
ch2_ecommerce_behavior,test,1766,C02114,0.0
ch2_ecommerce_behavior,test,1767,C09300,0.0
ch2_ecommerce_behavior,test,1768,C01712,1.0
ch2_ecommerce_behavior,test,1769,C01811,0.0
ch2_ecommerce_behavior,test,1770,C04781,0.0
ch2_ecommerce_behavior,test,1771,C02153,0.0
ch2_ecommerce_behavior,test,1772,C09746,0.0
ch2_ecommerce_behavior,test,1773,C06376,0.0
ch2_ecommerce_behavior,test,1774,C07680,0.0
ch2_ecommerce_behavior,test,1775,C06006,0.0
ch2_ecommerce_behavior,test,1776,C07650,0.0
ch2_ecommerce_behavior,test,1777,C05398,0.0
ch2_ecommerce_behavior,test,1778,C04056,0.0
ch2_ecommerce_behavior,test,1779,C07795,0.0
ch2_ecommerce_behavior,test,1780,C00433,0.0
ch2_ecommerce_behavior,test,1781,C05671,0.0
ch2_ecommerce_behavior,test,1782,C00853,0.0
ch2_ecommerce_behavior,test,1783,C06569,0.0
ch2_ecommerce_behavior,test,1784,C05404,0.0
ch2_ecommerce_behavior,test,1785,C02155,0.0
ch2_ecommerce_behavior,test,1786,C02480,0.0
ch2_ecommerce_behavior,test,1787,C07668,0.0
ch2_ecommerce_behavior,test,1788,C08866,0.0
ch2_ecommerce_behavior,test,1789,C08103,0.0
ch2_ecommerce_behavior,test,1790,C01967,0.0
ch2_ecommerce_behavior,test,1791,C09177,0.0
ch2_ecommerce_behavior,test,1792,C07600,1.0
ch2_ecommerce_behavior,test,1793,C01575,1.0
ch2_ecommerce_behavior,test,1794,C04321,1.0
ch2_ecommerce_behavior,test,1795,C00912,0.0
ch2_ecommerce_behavior,test,1796,C08294,0.0
ch2_ecommerce_behavior,test,1797,C02878,0.0
ch2_ecommerce_behavior,test,1798,C00968,0.0
ch2_ecommerce_behavior,test,1799,C09873,1.0
ch2_ecommerce_behavior,test,1800,C07539,1.0
ch2_ecommerce_behavior,test,1801,C08457,0.0
ch2_ecommerce_behavior,test,1802,C00143,0.0
ch2_ecommerce_behavior,test,1803,C06070,0.0
ch2_ecommerce_behavior,test,1804,C01202,0.0
ch2_ecommerce_behavior,test,1805,C04149,0.0
ch2_ecommerce_behavior,test,1806,C06047,0.0
ch2_ecommerce_behavior,test,1807,C03763,1.0
ch2_ecommerce_behavior,test,1808,C09045,0.0
ch2_ecommerce_behavior,test,1809,C07729,1.0
ch2_ecommerce_behavior,test,1810,C09469,0.0
ch2_ecommerce_behavior,test,1811,C01876,0.0
ch2_ecommerce_behavior,test,1812,C03348,0.0
ch2_ecommerce_behavior,test,1813,C09504,0.0
ch2_ecommerce_behavior,test,1814,C03334,1.0
ch2_ecommerce_behavior,test,1815,C06114,0.0
ch2_ecommerce_behavior,test,1816,C03939,0.0
ch2_ecommerce_behavior,test,1817,C03072,0.0
ch2_ecommerce_behavior,test,1818,C00197,0.0
ch2_ecommerce_behavior,test,1819,C06422,0.0
ch2_ecommerce_behavior,test,1820,C08473,1.0
ch2_ecommerce_behavior,test,1821,C06077,0.0
ch2_ecommerce_behavior,test,1822,C05669,0.0
ch2_ecommerce_behavior,test,1823,C05270,1.0
ch2_ecommerce_behavior,test,1824,C00089,1.0
ch2_ecommerce_behavior,test,1825,C03491,0.0
ch2_ecommerce_behavior,test,1826,C07840,0.0
ch2_ecommerce_behavior,test,1827,C05103,0.0
ch2_ecommerce_behavior,test,1828,C05489,0.0
ch2_ecommerce_behavior,test,1829,C06751,1.0
ch2_ecommerce_behavior,test,1830,C09511,0.0
ch2_ecommerce_behavior,test,1831,C07265,1.0
ch2_ecommerce_behavior,test,1832,C03947,0.0
ch2_ecommerce_behavior,test,1833,C03283,0.0
ch2_ecommerce_behavior,test,1834,C07515,0.0
ch2_ecommerce_behavior,test,1835,C08214,0.0
ch2_ecommerce_behavior,test,1836,C03574,0.0
ch2_ecommerce_behavior,test,1837,C00659,1.0
ch2_ecommerce_behavior,test,1838,C00751,1.0
ch2_ecommerce_behavior,test,1839,C00788,0.0
ch2_ecommerce_behavior,test,1840,C03488,1.0
ch2_ecommerce_behavior,test,1841,C06372,0.0
ch2_ecommerce_behavior,test,1842,C01378,0.0
ch2_ecommerce_behavior,test,1843,C09152,0.0
ch2_ecommerce_behavior,test,1844,C08747,0.0
ch2_ecommerce_behavior,test,1845,C06570,0.0
ch2_ecommerce_behavior,test,1846,C05438,0.0
ch2_ecommerce_behavior,test,1847,C05069,0.0
ch2_ecommerce_behavior,test,1848,C01570,0.0
ch2_ecommerce_behavior,test,1849,C09760,0.0
ch2_ecommerce_behavior,test,1850,C01550,0.0
ch2_ecommerce_behavior,test,1851,C09158,0.0
ch2_ecommerce_behavior,test,1852,C03438,0.0
ch2_ecommerce_behavior,test,1853,C03267,0.0
ch2_ecommerce_behavior,test,1854,C07245,0.0
ch2_ecommerce_behavior,test,1855,C08091,1.0
ch2_ecommerce_behavior,test,1856,C08533,0.0
ch2_ecommerce_behavior,test,1857,C01831,1.0
ch2_ecommerce_behavior,test,1858,C08446,0.0
ch2_ecommerce_behavior,test,1859,C08358,0.0
ch2_ecommerce_behavior,test,1860,C08594,0.0
ch2_ecommerce_behavior,test,1861,C00552,0.0
ch2_ecommerce_behavior,test,1862,C07201,0.0
ch2_ecommerce_behavior,test,1863,C03437,0.0
ch2_ecommerce_behavior,test,1864,C02997,0.0
ch2_ecommerce_behavior,test,1865,C05343,0.0
ch2_ecommerce_behavior,test,1866,C01958,0.0
ch2_ecommerce_behavior,test,1867,C05164,0.0
ch2_ecommerce_behavior,test,1868,C06385,0.0
ch2_ecommerce_behavior,test,1869,C03586,0.0
ch2_ecommerce_behavior,test,1870,C07718,0.0
ch2_ecommerce_behavior,test,1871,C01524,0.0
ch2_ecommerce_behavior,test,1872,C00799,0.0
ch2_ecommerce_behavior,test,1873,C09587,1.0
ch2_ecommerce_behavior,test,1874,C01218,1.0
ch2_ecommerce_behavior,test,1875,C03753,0.0
ch2_ecommerce_behavior,test,1876,C04971,0.0
ch2_ecommerce_behavior,test,1877,C02188,0.0
ch2_ecommerce_behavior,test,1878,C03730,0.0
ch2_ecommerce_behavior,test,1879,C09262,0.0
ch2_ecommerce_behavior,test,1880,C03688,0.0
ch2_ecommerce_behavior,test,1881,C08072,0.0
ch2_ecommerce_behavior,test,1882,C05339,0.0
ch2_ecommerce_behavior,test,1883,C08065,0.0
ch2_ecommerce_behavior,test,1884,C09670,1.0
ch2_ecommerce_behavior,test,1885,C05031,0.0
ch2_ecommerce_behavior,test,1886,C08968,0.0
ch2_ecommerce_behavior,test,1887,C08321,0.0
ch2_ecommerce_behavior,test,1888,C03608,1.0
ch2_ecommerce_behavior,test,1889,C04150,0.0
ch2_ecommerce_behavior,test,1890,C05898,1.0
ch2_ecommerce_behavior,test,1891,C05689,0.0
ch2_ecommerce_behavior,test,1892,C08312,0.0
ch2_ecommerce_behavior,test,1893,C05491,0.0
ch2_ecommerce_behavior,test,1894,C03369,0.0
ch2_ecommerce_behavior,test,1895,C09306,0.0
ch2_ecommerce_behavior,test,1896,C00539,0.0
ch2_ecommerce_behavior,test,1897,C09325,0.0
ch2_ecommerce_behavior,test,1898,C07788,0.0
ch2_ecommerce_behavior,test,1899,C06680,0.0
ch2_ecommerce_behavior,test,1900,C00676,0.0
ch2_ecommerce_behavior,test,1901,C05959,0.0
ch2_ecommerce_behavior,test,1902,C02182,0.0
ch2_ecommerce_behavior,test,1903,C06500,0.0
ch2_ecommerce_behavior,test,1904,C03801,0.0
ch2_ecommerce_behavior,test,1905,C06395,0.0
ch2_ecommerce_behavior,test,1906,C02984,0.0
ch2_ecommerce_behavior,test,1907,C04186,1.0
ch2_ecommerce_behavior,test,1908,C09822,0.0
ch2_ecommerce_behavior,test,1909,C06826,1.0
ch2_ecommerce_behavior,test,1910,C00634,0.0
ch2_ecommerce_behavior,test,1911,C02066,0.0
ch2_ecommerce_behavior,test,1912,C08040,1.0
ch2_ecommerce_behavior,test,1913,C03672,0.0
ch2_ecommerce_behavior,test,1914,C03366,0.0
ch2_ecommerce_behavior,test,1915,C00831,0.0
ch2_ecommerce_behavior,test,1916,C01354,0.0
ch2_ecommerce_behavior,test,1917,C08290,0.0
ch2_ecommerce_behavior,test,1918,C08184,0.0
ch2_ecommerce_behavior,test,1919,C08437,0.0
ch2_ecommerce_behavior,test,1920,C04172,0.0
ch2_ecommerce_behavior,test,1921,C08760,0.0
ch2_ecommerce_behavior,test,1922,C00832,0.0
ch2_ecommerce_behavior,test,1923,C08179,0.0
ch2_ecommerce_behavior,test,1924,C09356,0.0
ch2_ecommerce_behavior,test,1925,C03259,1.0
ch2_ecommerce_behavior,test,1926,C06103,1.0
ch2_ecommerce_behavior,test,1927,C01909,0.0
ch2_ecommerce_behavior,test,1928,C01371,0.0
ch2_ecommerce_behavior,test,1929,C06305,0.0
ch2_ecommerce_behavior,test,1930,C05568,0.0
ch2_ecommerce_behavior,test,1931,C01826,0.0
ch2_ecommerce_behavior,test,1932,C01678,0.0
ch2_ecommerce_behavior,test,1933,C00985,0.0
ch2_ecommerce_behavior,test,1934,C01062,0.0
ch2_ecommerce_behavior,test,1935,C06649,0.0
ch2_ecommerce_behavior,test,1936,C09803,0.0
ch2_ecommerce_behavior,test,1937,C03543,0.0
ch2_ecommerce_behavior,test,1938,C08373,0.0
ch2_ecommerce_behavior,test,1939,C06595,1.0
ch2_ecommerce_behavior,test,1940,C02282,0.0
ch2_ecommerce_behavior,test,1941,C05154,1.0
ch2_ecommerce_behavior,test,1942,C03394,0.0
ch2_ecommerce_behavior,test,1943,C00424,0.0
ch2_ecommerce_behavior,test,1944,C09276,0.0
ch2_ecommerce_behavior,test,1945,C08698,0.0
ch2_ecommerce_behavior,test,1946,C04565,0.0
ch2_ecommerce_behavior,test,1947,C03211,1.0
ch2_ecommerce_behavior,test,1948,C03490,1.0
ch2_ecommerce_behavior,test,1949,C09917,0.0
ch2_ecommerce_behavior,test,1950,C01556,0.0
ch2_ecommerce_behavior,test,1951,C00731,0.0
ch2_ecommerce_behavior,test,1952,C06682,1.0
ch2_ecommerce_behavior,test,1953,C00791,0.0
ch2_ecommerce_behavior,test,1954,C02809,1.0
ch2_ecommerce_behavior,test,1955,C06957,0.0
ch2_ecommerce_behavior,test,1956,C04015,0.0
ch2_ecommerce_behavior,test,1957,C01264,0.0
ch2_ecommerce_behavior,test,1958,C03361,1.0
ch2_ecommerce_behavior,test,1959,C04751,0.0
ch2_ecommerce_behavior,test,1960,C03055,0.0
ch2_ecommerce_behavior,test,1961,C05467,0.0
ch2_ecommerce_behavior,test,1962,C01257,0.0
ch2_ecommerce_behavior,test,1963,C08303,0.0
ch2_ecommerce_behavior,test,1964,C02584,0.0
ch2_ecommerce_behavior,test,1965,C09138,0.0
ch2_ecommerce_behavior,test,1966,C00403,1.0
ch2_ecommerce_behavior,test,1967,C00653,1.0
ch2_ecommerce_behavior,test,1968,C07476,0.0
ch2_ecommerce_behavior,test,1969,C08050,0.0
ch2_ecommerce_behavior,test,1970,C03673,0.0
ch2_ecommerce_behavior,test,1971,C03258,0.0
ch2_ecommerce_behavior,test,1972,C08410,0.0
ch2_ecommerce_behavior,test,1973,C00193,0.0
ch2_ecommerce_behavior,test,1974,C02029,1.0
ch2_ecommerce_behavior,test,1975,C07551,0.0
ch2_ecommerce_behavior,test,1976,C09250,0.0
ch2_ecommerce_behavior,test,1977,C04852,0.0
ch2_ecommerce_behavior,test,1978,C02078,0.0
ch2_ecommerce_behavior,test,1979,C02058,0.0
ch2_ecommerce_behavior,test,1980,C01783,0.0
ch2_ecommerce_behavior,test,1981,C00714,1.0
ch2_ecommerce_behavior,test,1982,C02657,0.0
ch2_ecommerce_behavior,test,1983,C02766,0.0
ch2_ecommerce_behavior,test,1984,C02227,0.0
ch2_ecommerce_behavior,test,1985,C01268,0.0
ch2_ecommerce_behavior,test,1986,C05922,0.0
ch2_ecommerce_behavior,test,1987,C03322,0.0
ch2_ecommerce_behavior,test,1988,C06780,1.0
ch2_ecommerce_behavior,test,1989,C07102,0.0
ch2_ecommerce_behavior,test,1990,C02645,0.0
ch2_ecommerce_behavior,test,1991,C08867,0.0
ch2_ecommerce_behavior,test,1992,C07447,1.0
ch2_ecommerce_behavior,test,1993,C06822,1.0
ch2_ecommerce_behavior,test,1994,C02108,0.0
ch2_ecommerce_behavior,test,1995,C03084,0.0
ch2_ecommerce_behavior,test,1996,C07288,1.0
ch2_ecommerce_behavior,test,1997,C00982,0.0
ch2_ecommerce_behavior,test,1998,C02801,0.0
ch2_ecommerce_behavior,test,1999,C06830,0.0
